
Totale run pianificate: 45
Struttura output: D:\DESKTOP\TIROCINIO\malaria-detection-pipeline\results\tuning\ood_stages/{sorgente}_{target}/{model}/{mode}/
Contenuto per run: metrics.json, classification_report.txt, confusion_matrix.png, history.json, best_model.pt, temp_train.csv, temp_val.csv, temp_test.csv


=== SORGENTE: Falciparum -> TARGET: Vivax | MODEL: ResNet50 | MODE: head_only ===
Training samples: 130 (Falciparum only, label=stage)
Val samples: 36
Test samples: 15 (Vivax only, label=stage)
Stage distribution training: R=106 G=10 S=11 T=3
Class 0: weights = 0.31
Class 1: weights = 3.25
Class 2: weights = 2.95
Class 3: weights = 10.83
Model: ResNet50 | Mode: head_only
Total params: 23,516,228
Trainable params: 8,196 (0.03%)
Epoch 1 | train_loss: 1.2707 | train_acc: 0.3923 | val_loss: 1.1583 | val_acc: 0.5000
CHECKPOINT SAVED (val_loss: 1.1583)
Epoch 2 | train_loss: 0.9426 | train_acc: 0.9308 | val_loss: 0.8770 | val_acc: 0.9444
CHECKPOINT SAVED (val_loss: 0.8770)
Epoch 3 | train_loss: 0.7070 | train_acc: 0.9769 | val_loss: 0.7017 | val_acc: 0.9722
CHECKPOINT SAVED (val_loss: 0.7017)
Epoch 4 | train_loss: 0.5910 | train_acc: 0.9769 | val_loss: 0.5947 | val_acc: 0.9722
CHECKPOINT SAVED (val_loss: 0.5947)
Epoch 5 | train_loss: 0.4799 | train_acc: 0.9769 | val_loss: 0.5027 | val_acc: 0.9722
CHECKPOINT SAVED (val_loss: 0.5027)
Epoch 6 | train_loss: 0.3821 | train_acc: 0.9769 | val_loss: 0.4400 | val_acc: 0.9444
CHECKPOINT SAVED (val_loss: 0.4400)
Epoch 7 | train_loss: 0.3416 | train_acc: 0.9692 | val_loss: 0.3894 | val_acc: 0.9444
CHECKPOINT SAVED (val_loss: 0.3894)
Epoch 8 | train_loss: 0.3256 | train_acc: 0.9769 | val_loss: 0.3490 | val_acc: 0.9722
CHECKPOINT SAVED (val_loss: 0.3490)
Epoch 9 | train_loss: 0.2933 | train_acc: 0.9692 | val_loss: 0.3193 | val_acc: 0.8889
CHECKPOINT SAVED (val_loss: 0.3193)
Epoch 10 | train_loss: 0.2866 | train_acc: 0.9538 | val_loss: 0.2985 | val_acc: 0.8611
CHECKPOINT SAVED (val_loss: 0.2985)
Epoch 11 | train_loss: 0.2669 | train_acc: 0.9615 | val_loss: 0.2807 | val_acc: 0.8611
CHECKPOINT SAVED (val_loss: 0.2807)
Epoch 12 | train_loss: 0.2194 | train_acc: 0.9385 | val_loss: 0.2616 | val_acc: 0.8889
CHECKPOINT SAVED (val_loss: 0.2616)
Epoch 13 | train_loss: 0.2330 | train_acc: 0.9923 | val_loss: 0.2481 | val_acc: 0.9167
CHECKPOINT SAVED (val_loss: 0.2481)
Epoch 14 | train_loss: 0.2094 | train_acc: 0.9538 | val_loss: 0.2339 | val_acc: 0.9167
CHECKPOINT SAVED (val_loss: 0.2339)
Epoch 15 | train_loss: 0.1802 | train_acc: 0.9692 | val_loss: 0.2168 | val_acc: 1.0000
CHECKPOINT SAVED (val_loss: 0.2168)
Epoch 16 | train_loss: 0.1676 | train_acc: 0.9923 | val_loss: 0.2082 | val_acc: 1.0000
CHECKPOINT SAVED (val_loss: 0.2082)
Epoch 17 | train_loss: 0.1757 | train_acc: 0.9923 | val_loss: 0.2012 | val_acc: 1.0000
CHECKPOINT SAVED (val_loss: 0.2012)
Epoch 18 | train_loss: 0.2116 | train_acc: 0.9923 | val_loss: 0.1875 | val_acc: 1.0000
CHECKPOINT SAVED (val_loss: 0.1875)
Epoch 19 | train_loss: 0.1615 | train_acc: 0.9923 | val_loss: 0.1788 | val_acc: 1.0000
CHECKPOINT SAVED (val_loss: 0.1788)
Epoch 20 | train_loss: 0.1467 | train_acc: 0.9923 | val_loss: 0.1723 | val_acc: 1.0000
CHECKPOINT SAVED (val_loss: 0.1723)
Epoch 21 | train_loss: 0.1329 | train_acc: 0.9692 | val_loss: 0.1664 | val_acc: 1.0000
CHECKPOINT SAVED (val_loss: 0.1664)
Epoch 22 | train_loss: 0.1363 | train_acc: 0.9692 | val_loss: 0.1565 | val_acc: 1.0000
CHECKPOINT SAVED (val_loss: 0.1565)
Epoch 23 | train_loss: 0.1331 | train_acc: 1.0000 | val_loss: 0.1521 | val_acc: 1.0000
CHECKPOINT SAVED (val_loss: 0.1521)
Epoch 24 | train_loss: 0.1475 | train_acc: 1.0000 | val_loss: 0.1469 | val_acc: 1.0000
CHECKPOINT SAVED (val_loss: 0.1469)
Epoch 25 | train_loss: 0.1257 | train_acc: 1.0000 | val_loss: 0.1401 | val_acc: 1.0000
CHECKPOINT SAVED (val_loss: 0.1401)
Epoch 26 | train_loss: 0.1171 | train_acc: 1.0000 | val_loss: 0.1339 | val_acc: 1.0000
CHECKPOINT SAVED (val_loss: 0.1339)
Epoch 27 | train_loss: 0.1119 | train_acc: 1.0000 | val_loss: 0.1286 | val_acc: 1.0000
CHECKPOINT SAVED (val_loss: 0.1286)
Epoch 28 | train_loss: 0.0995 | train_acc: 0.9923 | val_loss: 0.1243 | val_acc: 1.0000
CHECKPOINT SAVED (val_loss: 0.1243)
Epoch 29 | train_loss: 0.0926 | train_acc: 0.9846 | val_loss: 0.1219 | val_acc: 1.0000
CHECKPOINT SAVED (val_loss: 0.1219)
Epoch 30 | train_loss: 0.0995 | train_acc: 1.0000 | val_loss: 0.1179 | val_acc: 1.0000
CHECKPOINT SAVED (val_loss: 0.1179)
Epoch 31 | train_loss: 0.1012 | train_acc: 0.9846 | val_loss: 0.1130 | val_acc: 1.0000
CHECKPOINT SAVED (val_loss: 0.1130)
Epoch 32 | train_loss: 0.0935 | train_acc: 1.0000 | val_loss: 0.1080 | val_acc: 1.0000
CHECKPOINT SAVED (val_loss: 0.1080)
Epoch 33 | train_loss: 0.0861 | train_acc: 1.0000 | val_loss: 0.1020 | val_acc: 1.0000
CHECKPOINT SAVED (val_loss: 0.1020)
Epoch 34 | train_loss: 0.0840 | train_acc: 1.0000 | val_loss: 0.0984 | val_acc: 1.0000
CHECKPOINT SAVED (val_loss: 0.0984)
Epoch 35 | train_loss: 0.0901 | train_acc: 0.9923 | val_loss: 0.0961 | val_acc: 1.0000
CHECKPOINT SAVED (val_loss: 0.0961)
Epoch 36 | train_loss: 0.0798 | train_acc: 0.9923 | val_loss: 0.0934 | val_acc: 1.0000
CHECKPOINT SAVED (val_loss: 0.0934)
Epoch 37 | train_loss: 0.0745 | train_acc: 1.0000 | val_loss: 0.0908 | val_acc: 1.0000
CHECKPOINT SAVED (val_loss: 0.0908)
Epoch 38 | train_loss: 0.0827 | train_acc: 0.9923 | val_loss: 0.0874 | val_acc: 1.0000
CHECKPOINT SAVED (val_loss: 0.0874)
Epoch 39 | train_loss: 0.0701 | train_acc: 1.0000 | val_loss: 0.0845 | val_acc: 1.0000
CHECKPOINT SAVED (val_loss: 0.0845)
Epoch 40 | train_loss: 0.0745 | train_acc: 1.0000 | val_loss: 0.0816 | val_acc: 1.0000
CHECKPOINT SAVED (val_loss: 0.0816)
Epoch 41 | train_loss: 0.0715 | train_acc: 1.0000 | val_loss: 0.0799 | val_acc: 1.0000
CHECKPOINT SAVED (val_loss: 0.0799)
Epoch 42 | train_loss: 0.1137 | train_acc: 0.9846 | val_loss: 0.0769 | val_acc: 1.0000
CHECKPOINT SAVED (val_loss: 0.0769)
Epoch 43 | train_loss: 0.0702 | train_acc: 1.0000 | val_loss: 0.0757 | val_acc: 1.0000
CHECKPOINT SAVED (val_loss: 0.0757)
Epoch 44 | train_loss: 0.0774 | train_acc: 0.9923 | val_loss: 0.0739 | val_acc: 1.0000
CHECKPOINT SAVED (val_loss: 0.0739)
Epoch 45 | train_loss: 0.0758 | train_acc: 0.9923 | val_loss: 0.0712 | val_acc: 1.0000
CHECKPOINT SAVED (val_loss: 0.0712)
Epoch 46 | train_loss: 0.0601 | train_acc: 1.0000 | val_loss: 0.0688 | val_acc: 1.0000
CHECKPOINT SAVED (val_loss: 0.0688)
Epoch 47 | train_loss: 0.0807 | train_acc: 0.9923 | val_loss: 0.0677 | val_acc: 1.0000
CHECKPOINT SAVED (val_loss: 0.0677)
Epoch 48 | train_loss: 0.0791 | train_acc: 1.0000 | val_loss: 0.0656 | val_acc: 1.0000
CHECKPOINT SAVED (val_loss: 0.0656)
Epoch 49 | train_loss: 0.0705 | train_acc: 1.0000 | val_loss: 0.0644 | val_acc: 1.0000
CHECKPOINT SAVED (val_loss: 0.0644)
Epoch 50 | train_loss: 0.0527 | train_acc: 1.0000 | val_loss: 0.0650 | val_acc: 1.0000
Accuracy: 0.6667 | F1 Macro: 0.3712 | MCC: 0.3957
              precision    recall  f1-score   support

           R       0.69      1.00      0.82         9
           G       0.00      0.00      0.00         5
           S       0.50      1.00      0.67         1
           T       0.00      0.00      0.00         0

    accuracy                           0.67        15
   macro avg       0.30      0.50      0.37        15
weighted avg       0.45      0.67      0.54        15

Results saved in D:\DESKTOP\TIROCINIO\malaria-detection-pipeline\results\tuning\ood_stages\Falciparum_Vivax\ResNet50\head_only

=== SORGENTE: Falciparum -> TARGET: Vivax | MODEL: ResNet50 | MODE: full ===
Training samples: 130 (Falciparum only, label=stage)
Val samples: 36
Test samples: 15 (Vivax only, label=stage)
Stage distribution training: R=106 G=10 S=11 T=3
Class 0: weights = 0.31
Class 1: weights = 3.25
Class 2: weights = 2.95
Class 3: weights = 10.83
Model: ResNet50 | Mode: full
Total params: 23,516,228
Trainable params: 23,516,228 (100.00%)
Epoch 1 | train_loss: 1.3578 | train_acc: 0.6000 | val_loss: 1.1911 | val_acc: 0.7222
CHECKPOINT SAVED (val_loss: 1.1911)
Epoch 2 | train_loss: 1.1567 | train_acc: 0.9538 | val_loss: 1.1278 | val_acc: 0.8889
CHECKPOINT SAVED (val_loss: 1.1278)
Epoch 3 | train_loss: 0.9587 | train_acc: 0.9231 | val_loss: 1.0946 | val_acc: 0.9722
CHECKPOINT SAVED (val_loss: 1.0946)
Epoch 4 | train_loss: 0.8838 | train_acc: 0.9077 | val_loss: 0.9702 | val_acc: 0.9722
CHECKPOINT SAVED (val_loss: 0.9702)
Epoch 5 | train_loss: 0.7306 | train_acc: 0.9231 | val_loss: 0.8149 | val_acc: 0.9722
CHECKPOINT SAVED (val_loss: 0.8149)
Epoch 6 | train_loss: 0.5728 | train_acc: 0.9615 | val_loss: 0.6570 | val_acc: 0.9444
CHECKPOINT SAVED (val_loss: 0.6570)
Epoch 7 | train_loss: 0.5298 | train_acc: 0.9692 | val_loss: 0.5145 | val_acc: 0.9722
CHECKPOINT SAVED (val_loss: 0.5145)
Epoch 8 | train_loss: 0.4569 | train_acc: 0.9462 | val_loss: 0.4333 | val_acc: 0.9722
CHECKPOINT SAVED (val_loss: 0.4333)
Epoch 9 | train_loss: 0.3483 | train_acc: 0.9538 | val_loss: 0.3667 | val_acc: 0.9722
CHECKPOINT SAVED (val_loss: 0.3667)
Epoch 10 | train_loss: 0.2488 | train_acc: 0.9692 | val_loss: 0.3088 | val_acc: 1.0000
CHECKPOINT SAVED (val_loss: 0.3088)
Epoch 11 | train_loss: 0.3285 | train_acc: 0.9692 | val_loss: 0.2680 | val_acc: 1.0000
CHECKPOINT SAVED (val_loss: 0.2680)
Epoch 12 | train_loss: 0.1865 | train_acc: 0.9769 | val_loss: 0.2701 | val_acc: 0.9722
Epoch 13 | train_loss: 0.1706 | train_acc: 0.9615 | val_loss: 0.2181 | val_acc: 1.0000
CHECKPOINT SAVED (val_loss: 0.2181)
Epoch 14 | train_loss: 0.2309 | train_acc: 0.9615 | val_loss: 0.1954 | val_acc: 1.0000
CHECKPOINT SAVED (val_loss: 0.1954)
Epoch 15 | train_loss: 0.1302 | train_acc: 0.9846 | val_loss: 0.1707 | val_acc: 1.0000
CHECKPOINT SAVED (val_loss: 0.1707)
Epoch 16 | train_loss: 0.1973 | train_acc: 0.9923 | val_loss: 0.1372 | val_acc: 1.0000
CHECKPOINT SAVED (val_loss: 0.1372)
Epoch 17 | train_loss: 0.1064 | train_acc: 0.9923 | val_loss: 0.1353 | val_acc: 1.0000
CHECKPOINT SAVED (val_loss: 0.1353)
Epoch 18 | train_loss: 0.1188 | train_acc: 0.9923 | val_loss: 0.1176 | val_acc: 1.0000
CHECKPOINT SAVED (val_loss: 0.1176)
Epoch 19 | train_loss: 0.1040 | train_acc: 0.9923 | val_loss: 0.1059 | val_acc: 1.0000
CHECKPOINT SAVED (val_loss: 0.1059)
Epoch 20 | train_loss: 0.0801 | train_acc: 1.0000 | val_loss: 0.0884 | val_acc: 1.0000
CHECKPOINT SAVED (val_loss: 0.0884)
Epoch 21 | train_loss: 0.1275 | train_acc: 0.9769 | val_loss: 0.1020 | val_acc: 1.0000
Epoch 22 | train_loss: 0.0894 | train_acc: 1.0000 | val_loss: 0.0880 | val_acc: 1.0000
CHECKPOINT SAVED (val_loss: 0.0880)
Epoch 23 | train_loss: 0.0662 | train_acc: 0.9923 | val_loss: 0.0666 | val_acc: 1.0000
CHECKPOINT SAVED (val_loss: 0.0666)
Epoch 24 | train_loss: 0.1147 | train_acc: 0.9692 | val_loss: 0.0785 | val_acc: 1.0000
Epoch 25 | train_loss: 0.0560 | train_acc: 0.9923 | val_loss: 0.0561 | val_acc: 1.0000
CHECKPOINT SAVED (val_loss: 0.0561)
Epoch 26 | train_loss: 0.0564 | train_acc: 0.9846 | val_loss: 0.0417 | val_acc: 1.0000
CHECKPOINT SAVED (val_loss: 0.0417)
Epoch 27 | train_loss: 0.1134 | train_acc: 0.9846 | val_loss: 0.0393 | val_acc: 1.0000
CHECKPOINT SAVED (val_loss: 0.0393)
Epoch 28 | train_loss: 0.0334 | train_acc: 1.0000 | val_loss: 0.0457 | val_acc: 1.0000
Epoch 29 | train_loss: 0.1083 | train_acc: 0.9846 | val_loss: 0.0489 | val_acc: 1.0000
Epoch 30 | train_loss: 0.0567 | train_acc: 0.9923 | val_loss: 0.0655 | val_acc: 1.0000
Epoch 31 | train_loss: 0.0627 | train_acc: 0.9846 | val_loss: 0.0544 | val_acc: 1.0000
Epoch 32 | train_loss: 0.1268 | train_acc: 0.9615 | val_loss: 0.0532 | val_acc: 1.0000
Epoch 33 | train_loss: 0.0448 | train_acc: 0.9846 | val_loss: 0.0650 | val_acc: 1.0000
Epoch 34 | train_loss: 0.0734 | train_acc: 0.9923 | val_loss: 0.0463 | val_acc: 1.0000
Epoch 35 | train_loss: 0.0474 | train_acc: 1.0000 | val_loss: 0.0275 | val_acc: 1.0000
CHECKPOINT SAVED (val_loss: 0.0275)
Epoch 36 | train_loss: 0.0312 | train_acc: 1.0000 | val_loss: 0.0232 | val_acc: 1.0000
CHECKPOINT SAVED (val_loss: 0.0232)
Epoch 37 | train_loss: 0.0642 | train_acc: 0.9923 | val_loss: 0.0230 | val_acc: 1.0000
CHECKPOINT SAVED (val_loss: 0.0230)
Epoch 38 | train_loss: 0.1349 | train_acc: 0.9769 | val_loss: 0.0239 | val_acc: 1.0000
Epoch 39 | train_loss: 0.0343 | train_acc: 1.0000 | val_loss: 0.0246 | val_acc: 1.0000
Epoch 40 | train_loss: 0.0764 | train_acc: 0.9692 | val_loss: 0.0221 | val_acc: 1.0000
CHECKPOINT SAVED (val_loss: 0.0221)
Epoch 41 | train_loss: 0.0380 | train_acc: 0.9923 | val_loss: 0.0274 | val_acc: 1.0000
Epoch 42 | train_loss: 0.0558 | train_acc: 0.9923 | val_loss: 0.0211 | val_acc: 1.0000
CHECKPOINT SAVED (val_loss: 0.0211)
Epoch 43 | train_loss: 0.0598 | train_acc: 0.9923 | val_loss: 0.0253 | val_acc: 1.0000
Epoch 44 | train_loss: 0.0813 | train_acc: 0.9769 | val_loss: 0.0251 | val_acc: 1.0000
Epoch 45 | train_loss: 0.1309 | train_acc: 0.9692 | val_loss: 0.0184 | val_acc: 1.0000
CHECKPOINT SAVED (val_loss: 0.0184)
Epoch 46 | train_loss: 0.0331 | train_acc: 0.9923 | val_loss: 0.0191 | val_acc: 1.0000
Epoch 47 | train_loss: 0.0308 | train_acc: 0.9846 | val_loss: 0.0203 | val_acc: 1.0000
Epoch 48 | train_loss: 0.0368 | train_acc: 1.0000 | val_loss: 0.0135 | val_acc: 1.0000
CHECKPOINT SAVED (val_loss: 0.0135)
Epoch 49 | train_loss: 0.0315 | train_acc: 0.9923 | val_loss: 0.0106 | val_acc: 1.0000
CHECKPOINT SAVED (val_loss: 0.0106)
Epoch 50 | train_loss: 0.0232 | train_acc: 0.9923 | val_loss: 0.0090 | val_acc: 1.0000
CHECKPOINT SAVED (val_loss: 0.0090)
Accuracy: 0.6000 | F1 Macro: 0.1875 | MCC: 0.0000
              precision    recall  f1-score   support

           R       0.60      1.00      0.75         9
           G       0.00      0.00      0.00         5
           S       0.00      0.00      0.00         1
           T       0.00      0.00      0.00         0

    accuracy                           0.60        15
   macro avg       0.15      0.25      0.19        15
weighted avg       0.36      0.60      0.45        15

Results saved in D:\DESKTOP\TIROCINIO\malaria-detection-pipeline\results\tuning\ood_stages\Falciparum_Vivax\ResNet50\full

=== SORGENTE: Falciparum -> TARGET: Vivax | MODEL: ConvNeXt | MODE: head_only ===
Training samples: 130 (Falciparum only, label=stage)
Val samples: 36
Test samples: 15 (Vivax only, label=stage)
Stage distribution training: R=106 G=10 S=11 T=3
Class 0: weights = 0.31
Class 1: weights = 3.25
Class 2: weights = 2.95
Class 3: weights = 10.83
Model: ConvNeXt | Mode: head_only
Total params: 27,823,204
Trainable params: 3,076 (0.01%)
Epoch 1 | train_loss: 1.5076 | train_acc: 0.1769 | val_loss: 1.1805 | val_acc: 0.6667
CHECKPOINT SAVED (val_loss: 1.1805)
Epoch 2 | train_loss: 1.1180 | train_acc: 0.8538 | val_loss: 1.0142 | val_acc: 0.7500
CHECKPOINT SAVED (val_loss: 1.0142)
Epoch 3 | train_loss: 0.9353 | train_acc: 0.9231 | val_loss: 0.8421 | val_acc: 0.7500
CHECKPOINT SAVED (val_loss: 0.8421)
Epoch 4 | train_loss: 0.7020 | train_acc: 0.7385 | val_loss: 0.7201 | val_acc: 0.5278
CHECKPOINT SAVED (val_loss: 0.7201)
Epoch 5 | train_loss: 0.6118 | train_acc: 0.6769 | val_loss: 0.6027 | val_acc: 0.6111
CHECKPOINT SAVED (val_loss: 0.6027)
Epoch 6 | train_loss: 0.4963 | train_acc: 0.8000 | val_loss: 0.4983 | val_acc: 0.8056
CHECKPOINT SAVED (val_loss: 0.4983)
Epoch 7 | train_loss: 0.4395 | train_acc: 0.9692 | val_loss: 0.4302 | val_acc: 0.9722
CHECKPOINT SAVED (val_loss: 0.4302)
Epoch 8 | train_loss: 0.3918 | train_acc: 0.9769 | val_loss: 0.3711 | val_acc: 0.9722
CHECKPOINT SAVED (val_loss: 0.3711)
Epoch 9 | train_loss: 0.3374 | train_acc: 0.9692 | val_loss: 0.3341 | val_acc: 0.9722
CHECKPOINT SAVED (val_loss: 0.3341)
Epoch 10 | train_loss: 0.3557 | train_acc: 0.9615 | val_loss: 0.3180 | val_acc: 0.9722
CHECKPOINT SAVED (val_loss: 0.3180)
Epoch 11 | train_loss: 0.3257 | train_acc: 0.9846 | val_loss: 0.2997 | val_acc: 0.9722
CHECKPOINT SAVED (val_loss: 0.2997)
Epoch 12 | train_loss: 0.2904 | train_acc: 0.9769 | val_loss: 0.2913 | val_acc: 0.9722
CHECKPOINT SAVED (val_loss: 0.2913)
Epoch 13 | train_loss: 0.2509 | train_acc: 0.9462 | val_loss: 0.2834 | val_acc: 0.9722
CHECKPOINT SAVED (val_loss: 0.2834)
Epoch 14 | train_loss: 0.2534 | train_acc: 0.9769 | val_loss: 0.2567 | val_acc: 0.9722
CHECKPOINT SAVED (val_loss: 0.2567)
Epoch 15 | train_loss: 0.2272 | train_acc: 0.9846 | val_loss: 0.2428 | val_acc: 0.9722
CHECKPOINT SAVED (val_loss: 0.2428)
Epoch 16 | train_loss: 0.2290 | train_acc: 0.9769 | val_loss: 0.2234 | val_acc: 0.9722
CHECKPOINT SAVED (val_loss: 0.2234)
Epoch 17 | train_loss: 0.2105 | train_acc: 0.9923 | val_loss: 0.2105 | val_acc: 0.9722
CHECKPOINT SAVED (val_loss: 0.2105)
Epoch 18 | train_loss: 0.1909 | train_acc: 0.9923 | val_loss: 0.1962 | val_acc: 0.9722
CHECKPOINT SAVED (val_loss: 0.1962)
Epoch 19 | train_loss: 0.1716 | train_acc: 0.9769 | val_loss: 0.1855 | val_acc: 0.9722
CHECKPOINT SAVED (val_loss: 0.1855)
Epoch 20 | train_loss: 0.1642 | train_acc: 0.9923 | val_loss: 0.1777 | val_acc: 0.9722
CHECKPOINT SAVED (val_loss: 0.1777)
Epoch 21 | train_loss: 0.1591 | train_acc: 0.9846 | val_loss: 0.1719 | val_acc: 0.9722
CHECKPOINT SAVED (val_loss: 0.1719)
Epoch 22 | train_loss: 0.1463 | train_acc: 0.9846 | val_loss: 0.1664 | val_acc: 0.9722
CHECKPOINT SAVED (val_loss: 0.1664)
Epoch 23 | train_loss: 0.1516 | train_acc: 0.9692 | val_loss: 0.1606 | val_acc: 0.9722
CHECKPOINT SAVED (val_loss: 0.1606)
Epoch 24 | train_loss: 0.1545 | train_acc: 0.9769 | val_loss: 0.1558 | val_acc: 0.9722
CHECKPOINT SAVED (val_loss: 0.1558)
Epoch 25 | train_loss: 0.1552 | train_acc: 0.9692 | val_loss: 0.1532 | val_acc: 0.9722
CHECKPOINT SAVED (val_loss: 0.1532)
Epoch 26 | train_loss: 0.1510 | train_acc: 0.9615 | val_loss: 0.1545 | val_acc: 0.9722
Epoch 27 | train_loss: 0.1402 | train_acc: 0.9692 | val_loss: 0.1470 | val_acc: 0.9722
CHECKPOINT SAVED (val_loss: 0.1470)
Epoch 28 | train_loss: 0.1434 | train_acc: 0.9923 | val_loss: 0.1433 | val_acc: 0.9722
CHECKPOINT SAVED (val_loss: 0.1433)
Epoch 29 | train_loss: 0.1166 | train_acc: 0.9923 | val_loss: 0.1418 | val_acc: 0.9722
CHECKPOINT SAVED (val_loss: 0.1418)
Epoch 30 | train_loss: 0.1017 | train_acc: 0.9923 | val_loss: 0.1385 | val_acc: 0.9722
CHECKPOINT SAVED (val_loss: 0.1385)
Epoch 31 | train_loss: 0.1218 | train_acc: 0.9923 | val_loss: 0.1336 | val_acc: 0.9722
CHECKPOINT SAVED (val_loss: 0.1336)
Epoch 32 | train_loss: 0.1358 | train_acc: 0.9846 | val_loss: 0.1256 | val_acc: 0.9722
CHECKPOINT SAVED (val_loss: 0.1256)
Epoch 33 | train_loss: 0.1164 | train_acc: 0.9923 | val_loss: 0.1194 | val_acc: 0.9722
CHECKPOINT SAVED (val_loss: 0.1194)
Epoch 34 | train_loss: 0.1066 | train_acc: 0.9692 | val_loss: 0.1146 | val_acc: 0.9722
CHECKPOINT SAVED (val_loss: 0.1146)
Epoch 35 | train_loss: 0.1025 | train_acc: 0.9846 | val_loss: 0.1120 | val_acc: 0.9722
CHECKPOINT SAVED (val_loss: 0.1120)
Epoch 36 | train_loss: 0.1102 | train_acc: 0.9923 | val_loss: 0.1085 | val_acc: 0.9722
CHECKPOINT SAVED (val_loss: 0.1085)
Epoch 37 | train_loss: 0.0997 | train_acc: 0.9923 | val_loss: 0.1046 | val_acc: 0.9722
CHECKPOINT SAVED (val_loss: 0.1046)
Epoch 38 | train_loss: 0.1020 | train_acc: 0.9923 | val_loss: 0.1029 | val_acc: 0.9722
CHECKPOINT SAVED (val_loss: 0.1029)
Epoch 39 | train_loss: 0.0988 | train_acc: 0.9846 | val_loss: 0.0997 | val_acc: 0.9722
CHECKPOINT SAVED (val_loss: 0.0997)
Epoch 40 | train_loss: 0.1099 | train_acc: 0.9923 | val_loss: 0.0972 | val_acc: 0.9722
CHECKPOINT SAVED (val_loss: 0.0972)
Epoch 41 | train_loss: 0.0870 | train_acc: 0.9923 | val_loss: 0.1003 | val_acc: 0.9722
Epoch 42 | train_loss: 0.0953 | train_acc: 0.9923 | val_loss: 0.0978 | val_acc: 0.9722
Epoch 43 | train_loss: 0.0850 | train_acc: 0.9923 | val_loss: 0.0910 | val_acc: 0.9722
CHECKPOINT SAVED (val_loss: 0.0910)
Epoch 44 | train_loss: 0.0750 | train_acc: 0.9923 | val_loss: 0.0892 | val_acc: 0.9722
CHECKPOINT SAVED (val_loss: 0.0892)
Epoch 45 | train_loss: 0.0822 | train_acc: 0.9923 | val_loss: 0.0892 | val_acc: 0.9722
Epoch 46 | train_loss: 0.0794 | train_acc: 0.9923 | val_loss: 0.0865 | val_acc: 0.9722
CHECKPOINT SAVED (val_loss: 0.0865)
Epoch 47 | train_loss: 0.0709 | train_acc: 0.9923 | val_loss: 0.0842 | val_acc: 0.9722
CHECKPOINT SAVED (val_loss: 0.0842)
Epoch 48 | train_loss: 0.0791 | train_acc: 0.9923 | val_loss: 0.0817 | val_acc: 0.9722
CHECKPOINT SAVED (val_loss: 0.0817)
Epoch 49 | train_loss: 0.0853 | train_acc: 0.9923 | val_loss: 0.0803 | val_acc: 0.9722
CHECKPOINT SAVED (val_loss: 0.0803)
Epoch 50 | train_loss: 0.0810 | train_acc: 0.9923 | val_loss: 0.0783 | val_acc: 0.9722
CHECKPOINT SAVED (val_loss: 0.0783)
Accuracy: 0.6000 | F1 Macro: 0.3472 | MCC: 0.4183
              precision    recall  f1-score   support

           R       0.89      0.89      0.89         9
           G       0.00      0.00      0.00         5
           S       0.33      1.00      0.50         1
           T       0.00      0.00      0.00         0

    accuracy                           0.60        15
   macro avg       0.31      0.47      0.35        15
weighted avg       0.56      0.60      0.57        15

Results saved in D:\DESKTOP\TIROCINIO\malaria-detection-pipeline\results\tuning\ood_stages\Falciparum_Vivax\ConvNeXt\head_only

=== SORGENTE: Falciparum -> TARGET: Vivax | MODEL: ConvNeXt | MODE: full ===
Training samples: 130 (Falciparum only, label=stage)
Val samples: 36
Test samples: 15 (Vivax only, label=stage)
Stage distribution training: R=106 G=10 S=11 T=3
Class 0: weights = 0.31
Class 1: weights = 3.25
Class 2: weights = 2.95
Class 3: weights = 10.83
Model: ConvNeXt | Mode: full
Total params: 27,823,204
Trainable params: 27,823,204 (100.00%)
Epoch 1 | train_loss: 1.4325 | train_acc: 0.5615 | val_loss: 1.0000 | val_acc: 0.8333
CHECKPOINT SAVED (val_loss: 1.0000)
Epoch 2 | train_loss: 1.0654 | train_acc: 0.8077 | val_loss: 0.8096 | val_acc: 0.8889
CHECKPOINT SAVED (val_loss: 0.8096)
Epoch 3 | train_loss: 0.7795 | train_acc: 0.9462 | val_loss: 0.5777 | val_acc: 0.9722
CHECKPOINT SAVED (val_loss: 0.5777)
Epoch 4 | train_loss: 0.6249 | train_acc: 0.9615 | val_loss: 0.4086 | val_acc: 0.9722
CHECKPOINT SAVED (val_loss: 0.4086)
Epoch 5 | train_loss: 0.3812 | train_acc: 0.9769 | val_loss: 0.3233 | val_acc: 0.8889
CHECKPOINT SAVED (val_loss: 0.3233)
Epoch 6 | train_loss: 0.3503 | train_acc: 0.8231 | val_loss: 0.2770 | val_acc: 0.6944
CHECKPOINT SAVED (val_loss: 0.2770)
Epoch 7 | train_loss: 0.2349 | train_acc: 0.8538 | val_loss: 0.1878 | val_acc: 0.9167
CHECKPOINT SAVED (val_loss: 0.1878)
Epoch 8 | train_loss: 0.2730 | train_acc: 0.9692 | val_loss: 0.1449 | val_acc: 1.0000
CHECKPOINT SAVED (val_loss: 0.1449)
Epoch 9 | train_loss: 0.1604 | train_acc: 1.0000 | val_loss: 0.1114 | val_acc: 1.0000
CHECKPOINT SAVED (val_loss: 0.1114)
Epoch 10 | train_loss: 0.1635 | train_acc: 0.9923 | val_loss: 0.0894 | val_acc: 1.0000
CHECKPOINT SAVED (val_loss: 0.0894)
Epoch 11 | train_loss: 0.1186 | train_acc: 0.9846 | val_loss: 0.0862 | val_acc: 0.9722
CHECKPOINT SAVED (val_loss: 0.0862)
Epoch 12 | train_loss: 0.1314 | train_acc: 0.9615 | val_loss: 0.0743 | val_acc: 0.9722
CHECKPOINT SAVED (val_loss: 0.0743)
Epoch 13 | train_loss: 0.1036 | train_acc: 0.9692 | val_loss: 0.0549 | val_acc: 1.0000
CHECKPOINT SAVED (val_loss: 0.0549)
Epoch 14 | train_loss: 0.0827 | train_acc: 0.9923 | val_loss: 0.0416 | val_acc: 1.0000
CHECKPOINT SAVED (val_loss: 0.0416)
Epoch 15 | train_loss: 0.0650 | train_acc: 1.0000 | val_loss: 0.0348 | val_acc: 1.0000
CHECKPOINT SAVED (val_loss: 0.0348)
Epoch 16 | train_loss: 0.0477 | train_acc: 1.0000 | val_loss: 0.0294 | val_acc: 1.0000
CHECKPOINT SAVED (val_loss: 0.0294)
Epoch 17 | train_loss: 0.0811 | train_acc: 0.9923 | val_loss: 0.0297 | val_acc: 1.0000
Epoch 18 | train_loss: 0.0421 | train_acc: 1.0000 | val_loss: 0.0283 | val_acc: 1.0000
CHECKPOINT SAVED (val_loss: 0.0283)
Epoch 19 | train_loss: 0.0358 | train_acc: 0.9769 | val_loss: 0.0215 | val_acc: 1.0000
CHECKPOINT SAVED (val_loss: 0.0215)
Epoch 20 | train_loss: 0.0393 | train_acc: 0.9923 | val_loss: 0.0161 | val_acc: 1.0000
CHECKPOINT SAVED (val_loss: 0.0161)
Epoch 21 | train_loss: 0.0389 | train_acc: 0.9923 | val_loss: 0.0131 | val_acc: 1.0000
CHECKPOINT SAVED (val_loss: 0.0131)
Epoch 22 | train_loss: 0.0241 | train_acc: 1.0000 | val_loss: 0.0112 | val_acc: 1.0000
CHECKPOINT SAVED (val_loss: 0.0112)
Epoch 23 | train_loss: 0.0220 | train_acc: 1.0000 | val_loss: 0.0097 | val_acc: 1.0000
CHECKPOINT SAVED (val_loss: 0.0097)
Epoch 24 | train_loss: 0.0251 | train_acc: 1.0000 | val_loss: 0.0098 | val_acc: 1.0000
Epoch 25 | train_loss: 0.0162 | train_acc: 0.9923 | val_loss: 0.0095 | val_acc: 1.0000
CHECKPOINT SAVED (val_loss: 0.0095)
Epoch 26 | train_loss: 0.0151 | train_acc: 1.0000 | val_loss: 0.0081 | val_acc: 1.0000
CHECKPOINT SAVED (val_loss: 0.0081)
Epoch 27 | train_loss: 0.0201 | train_acc: 1.0000 | val_loss: 0.0072 | val_acc: 1.0000
CHECKPOINT SAVED (val_loss: 0.0072)
Epoch 28 | train_loss: 0.0335 | train_acc: 1.0000 | val_loss: 0.0088 | val_acc: 1.0000
Epoch 29 | train_loss: 0.0128 | train_acc: 1.0000 | val_loss: 0.0103 | val_acc: 1.0000
Epoch 30 | train_loss: 0.0233 | train_acc: 0.9923 | val_loss: 0.0096 | val_acc: 1.0000
Epoch 31 | train_loss: 0.0150 | train_acc: 0.9923 | val_loss: 0.0078 | val_acc: 1.0000
Epoch 32 | train_loss: 0.0130 | train_acc: 1.0000 | val_loss: 0.0057 | val_acc: 1.0000
CHECKPOINT SAVED (val_loss: 0.0057)
Epoch 33 | train_loss: 0.0121 | train_acc: 1.0000 | val_loss: 0.0044 | val_acc: 1.0000
CHECKPOINT SAVED (val_loss: 0.0044)
Epoch 34 | train_loss: 0.0128 | train_acc: 1.0000 | val_loss: 0.0034 | val_acc: 1.0000
CHECKPOINT SAVED (val_loss: 0.0034)
Epoch 35 | train_loss: 0.0080 | train_acc: 1.0000 | val_loss: 0.0030 | val_acc: 1.0000
CHECKPOINT SAVED (val_loss: 0.0030)
Epoch 36 | train_loss: 0.0283 | train_acc: 1.0000 | val_loss: 0.0035 | val_acc: 1.0000
Epoch 37 | train_loss: 0.0144 | train_acc: 1.0000 | val_loss: 0.0050 | val_acc: 1.0000
Epoch 38 | train_loss: 0.0086 | train_acc: 1.0000 | val_loss: 0.0053 | val_acc: 1.0000
Epoch 39 | train_loss: 0.0091 | train_acc: 1.0000 | val_loss: 0.0049 | val_acc: 1.0000
Epoch 40 | train_loss: 0.0082 | train_acc: 1.0000 | val_loss: 0.0039 | val_acc: 1.0000
Epoch 41 | train_loss: 0.0113 | train_acc: 1.0000 | val_loss: 0.0033 | val_acc: 1.0000
Epoch 42 | train_loss: 0.0049 | train_acc: 1.0000 | val_loss: 0.0032 | val_acc: 1.0000
Epoch 43 | train_loss: 0.0055 | train_acc: 1.0000 | val_loss: 0.0027 | val_acc: 1.0000
CHECKPOINT SAVED (val_loss: 0.0027)
Epoch 44 | train_loss: 0.0067 | train_acc: 1.0000 | val_loss: 0.0018 | val_acc: 1.0000
CHECKPOINT SAVED (val_loss: 0.0018)
Epoch 45 | train_loss: 0.0066 | train_acc: 1.0000 | val_loss: 0.0014 | val_acc: 1.0000
CHECKPOINT SAVED (val_loss: 0.0014)
Epoch 46 | train_loss: 0.0091 | train_acc: 1.0000 | val_loss: 0.0013 | val_acc: 1.0000
CHECKPOINT SAVED (val_loss: 0.0013)
Epoch 47 | train_loss: 0.0031 | train_acc: 1.0000 | val_loss: 0.0012 | val_acc: 1.0000
CHECKPOINT SAVED (val_loss: 0.0012)
Epoch 48 | train_loss: 0.0030 | train_acc: 1.0000 | val_loss: 0.0012 | val_acc: 1.0000
CHECKPOINT SAVED (val_loss: 0.0012)
Epoch 49 | train_loss: 0.0064 | train_acc: 1.0000 | val_loss: 0.0011 | val_acc: 1.0000
CHECKPOINT SAVED (val_loss: 0.0011)
Epoch 50 | train_loss: 0.0053 | train_acc: 1.0000 | val_loss: 0.0010 | val_acc: 1.0000
CHECKPOINT SAVED (val_loss: 0.0010)
Accuracy: 0.5333 | F1 Macro: 0.3438 | MCC: 0.4172
              precision    recall  f1-score   support

           R       1.00      0.78      0.88         9
           G       0.00      0.00      0.00         5
           S       0.33      1.00      0.50         1
           T       0.00      0.00      0.00         0

    accuracy                           0.53        15
   macro avg       0.33      0.44      0.34        15
weighted avg       0.62      0.53      0.56        15

Results saved in D:\DESKTOP\TIROCINIO\malaria-detection-pipeline\results\tuning\ood_stages\Falciparum_Vivax\ConvNeXt\full

=== SORGENTE: Falciparum -> TARGET: Vivax | MODEL: Swin-T | MODE: head_only ===
Training samples: 130 (Falciparum only, label=stage)
Val samples: 36
Test samples: 15 (Vivax only, label=stage)
Stage distribution training: R=106 G=10 S=11 T=3
Class 0: weights = 0.31
Class 1: weights = 3.25
Class 2: weights = 2.95
Class 3: weights = 10.83
Model: Swin-T | Mode: head_only
Total params: 27,522,430
Trainable params: 3,076 (0.01%)
Epoch 1 | train_loss: 1.4363 | train_acc: 0.1923 | val_loss: 0.9683 | val_acc: 0.9167
CHECKPOINT SAVED (val_loss: 0.9683)
Epoch 2 | train_loss: 1.0111 | train_acc: 0.9231 | val_loss: 0.9037 | val_acc: 0.8611
CHECKPOINT SAVED (val_loss: 0.9037)
Epoch 3 | train_loss: 0.8070 | train_acc: 0.9385 | val_loss: 0.7480 | val_acc: 0.8889
CHECKPOINT SAVED (val_loss: 0.7480)
Epoch 4 | train_loss: 0.6210 | train_acc: 0.8769 | val_loss: 0.5636 | val_acc: 0.8889
CHECKPOINT SAVED (val_loss: 0.5636)
Epoch 5 | train_loss: 0.4833 | train_acc: 0.9231 | val_loss: 0.4513 | val_acc: 0.9167
CHECKPOINT SAVED (val_loss: 0.4513)
Epoch 6 | train_loss: 0.4432 | train_acc: 0.9462 | val_loss: 0.4076 | val_acc: 0.9167
CHECKPOINT SAVED (val_loss: 0.4076)
Epoch 7 | train_loss: 0.3518 | train_acc: 0.9615 | val_loss: 0.3876 | val_acc: 0.9444
CHECKPOINT SAVED (val_loss: 0.3876)
Epoch 8 | train_loss: 0.3628 | train_acc: 0.9692 | val_loss: 0.3459 | val_acc: 0.9444
CHECKPOINT SAVED (val_loss: 0.3459)
Epoch 9 | train_loss: 0.2816 | train_acc: 0.9462 | val_loss: 0.3178 | val_acc: 0.9167
CHECKPOINT SAVED (val_loss: 0.3178)
Epoch 10 | train_loss: 0.2697 | train_acc: 0.9385 | val_loss: 0.2942 | val_acc: 0.9167
CHECKPOINT SAVED (val_loss: 0.2942)
Epoch 11 | train_loss: 0.2455 | train_acc: 0.9462 | val_loss: 0.2817 | val_acc: 0.9444
CHECKPOINT SAVED (val_loss: 0.2817)
Epoch 12 | train_loss: 0.2214 | train_acc: 0.9692 | val_loss: 0.2697 | val_acc: 0.9167
CHECKPOINT SAVED (val_loss: 0.2697)
Epoch 13 | train_loss: 0.2225 | train_acc: 0.9846 | val_loss: 0.2575 | val_acc: 0.9167
CHECKPOINT SAVED (val_loss: 0.2575)
Epoch 14 | train_loss: 0.2054 | train_acc: 0.9769 | val_loss: 0.2455 | val_acc: 0.9167
CHECKPOINT SAVED (val_loss: 0.2455)
Epoch 15 | train_loss: 0.1876 | train_acc: 0.8923 | val_loss: 0.2453 | val_acc: 0.8889
CHECKPOINT SAVED (val_loss: 0.2453)
Epoch 16 | train_loss: 0.2231 | train_acc: 0.9385 | val_loss: 0.2254 | val_acc: 0.9444
CHECKPOINT SAVED (val_loss: 0.2254)
Epoch 17 | train_loss: 0.1842 | train_acc: 0.9385 | val_loss: 0.2100 | val_acc: 0.9444
CHECKPOINT SAVED (val_loss: 0.2100)
Epoch 18 | train_loss: 0.1733 | train_acc: 0.9615 | val_loss: 0.1973 | val_acc: 0.9444
CHECKPOINT SAVED (val_loss: 0.1973)
Epoch 19 | train_loss: 0.1694 | train_acc: 0.9769 | val_loss: 0.1902 | val_acc: 0.9444
CHECKPOINT SAVED (val_loss: 0.1902)
Epoch 20 | train_loss: 0.1652 | train_acc: 0.9846 | val_loss: 0.1769 | val_acc: 0.9444
CHECKPOINT SAVED (val_loss: 0.1769)
Epoch 21 | train_loss: 0.1590 | train_acc: 0.9462 | val_loss: 0.1667 | val_acc: 0.9444
CHECKPOINT SAVED (val_loss: 0.1667)
Epoch 22 | train_loss: 0.1341 | train_acc: 0.9769 | val_loss: 0.1668 | val_acc: 0.9444
Epoch 23 | train_loss: 0.1329 | train_acc: 0.9769 | val_loss: 0.1595 | val_acc: 0.9444
CHECKPOINT SAVED (val_loss: 0.1595)
Epoch 24 | train_loss: 0.1164 | train_acc: 0.9846 | val_loss: 0.1568 | val_acc: 0.9444
CHECKPOINT SAVED (val_loss: 0.1568)
Epoch 25 | train_loss: 0.1218 | train_acc: 0.9846 | val_loss: 0.1421 | val_acc: 0.9444
CHECKPOINT SAVED (val_loss: 0.1421)
Epoch 26 | train_loss: 0.1202 | train_acc: 0.9692 | val_loss: 0.1375 | val_acc: 0.9444
CHECKPOINT SAVED (val_loss: 0.1375)
Epoch 27 | train_loss: 0.1184 | train_acc: 0.9846 | val_loss: 0.1307 | val_acc: 0.9444
CHECKPOINT SAVED (val_loss: 0.1307)
Epoch 28 | train_loss: 0.1037 | train_acc: 0.9769 | val_loss: 0.1260 | val_acc: 0.9444
CHECKPOINT SAVED (val_loss: 0.1260)
Epoch 29 | train_loss: 0.1144 | train_acc: 0.9846 | val_loss: 0.1222 | val_acc: 0.9444
CHECKPOINT SAVED (val_loss: 0.1222)
Epoch 30 | train_loss: 0.0919 | train_acc: 0.9769 | val_loss: 0.1186 | val_acc: 0.9444
CHECKPOINT SAVED (val_loss: 0.1186)
Epoch 31 | train_loss: 0.0916 | train_acc: 0.9846 | val_loss: 0.1176 | val_acc: 0.9444
CHECKPOINT SAVED (val_loss: 0.1176)
Epoch 32 | train_loss: 0.0939 | train_acc: 0.9538 | val_loss: 0.1152 | val_acc: 0.9444
CHECKPOINT SAVED (val_loss: 0.1152)
Epoch 33 | train_loss: 0.0948 | train_acc: 0.9769 | val_loss: 0.1099 | val_acc: 0.9444
CHECKPOINT SAVED (val_loss: 0.1099)
Epoch 34 | train_loss: 0.0889 | train_acc: 0.9769 | val_loss: 0.1075 | val_acc: 0.9444
CHECKPOINT SAVED (val_loss: 0.1075)
Epoch 35 | train_loss: 0.1046 | train_acc: 0.9769 | val_loss: 0.1094 | val_acc: 0.9444
Epoch 36 | train_loss: 0.1160 | train_acc: 0.9846 | val_loss: 0.1048 | val_acc: 0.9444
CHECKPOINT SAVED (val_loss: 0.1048)
Epoch 37 | train_loss: 0.0934 | train_acc: 0.9923 | val_loss: 0.0957 | val_acc: 0.9444
CHECKPOINT SAVED (val_loss: 0.0957)
Epoch 38 | train_loss: 0.0872 | train_acc: 0.9692 | val_loss: 0.0948 | val_acc: 0.9444
CHECKPOINT SAVED (val_loss: 0.0948)
Epoch 39 | train_loss: 0.0703 | train_acc: 0.9846 | val_loss: 0.0970 | val_acc: 0.9444
Epoch 40 | train_loss: 0.0801 | train_acc: 0.9538 | val_loss: 0.0941 | val_acc: 0.9444
CHECKPOINT SAVED (val_loss: 0.0941)
Epoch 41 | train_loss: 0.0820 | train_acc: 0.9615 | val_loss: 0.0878 | val_acc: 0.9444
CHECKPOINT SAVED (val_loss: 0.0878)
Epoch 42 | train_loss: 0.0739 | train_acc: 0.9846 | val_loss: 0.0831 | val_acc: 0.9444
CHECKPOINT SAVED (val_loss: 0.0831)
Epoch 43 | train_loss: 0.0813 | train_acc: 0.9846 | val_loss: 0.0803 | val_acc: 0.9444
CHECKPOINT SAVED (val_loss: 0.0803)
Epoch 44 | train_loss: 0.0845 | train_acc: 0.9692 | val_loss: 0.0791 | val_acc: 0.9444
CHECKPOINT SAVED (val_loss: 0.0791)
Epoch 45 | train_loss: 0.0738 | train_acc: 0.9846 | val_loss: 0.0777 | val_acc: 0.9444
CHECKPOINT SAVED (val_loss: 0.0777)
Epoch 46 | train_loss: 0.0872 | train_acc: 0.9692 | val_loss: 0.0770 | val_acc: 0.9722
CHECKPOINT SAVED (val_loss: 0.0770)
Epoch 47 | train_loss: 0.0721 | train_acc: 0.9769 | val_loss: 0.0800 | val_acc: 0.9722
Epoch 48 | train_loss: 0.0846 | train_acc: 0.9846 | val_loss: 0.0803 | val_acc: 1.0000
Epoch 49 | train_loss: 0.0780 | train_acc: 0.9923 | val_loss: 0.0739 | val_acc: 0.9722
CHECKPOINT SAVED (val_loss: 0.0739)
Epoch 50 | train_loss: 0.0605 | train_acc: 0.9923 | val_loss: 0.0699 | val_acc: 0.9722
CHECKPOINT SAVED (val_loss: 0.0699)
Accuracy: 0.5333 | F1 Macro: 0.4167 | MCC: 0.2584
              precision    recall  f1-score   support

           R       0.67      0.67      0.67         9
           G       1.00      0.20      0.33         5
           S       0.50      1.00      0.67         1
           T       0.00      0.00      0.00         0

    accuracy                           0.53        15
   macro avg       0.54      0.47      0.42        15
weighted avg       0.77      0.53      0.56        15

Results saved in D:\DESKTOP\TIROCINIO\malaria-detection-pipeline\results\tuning\ood_stages\Falciparum_Vivax\Swin-T\head_only

=== SORGENTE: Falciparum -> TARGET: Vivax | MODEL: Swin-T | MODE: full ===
Training samples: 130 (Falciparum only, label=stage)
Val samples: 36
Test samples: 15 (Vivax only, label=stage)
Stage distribution training: R=106 G=10 S=11 T=3
Class 0: weights = 0.31
Class 1: weights = 3.25
Class 2: weights = 2.95
Class 3: weights = 10.83
Model: Swin-T | Mode: full
Total params: 27,522,430
Trainable params: 27,522,430 (100.00%)
Epoch 1 | train_loss: 1.3817 | train_acc: 0.4462 | val_loss: 0.9273 | val_acc: 0.9167
CHECKPOINT SAVED (val_loss: 0.9273)
Epoch 2 | train_loss: 0.9403 | train_acc: 0.9385 | val_loss: 0.8420 | val_acc: 0.9444
CHECKPOINT SAVED (val_loss: 0.8420)
Epoch 3 | train_loss: 0.7917 | train_acc: 0.9692 | val_loss: 0.5591 | val_acc: 0.9444
CHECKPOINT SAVED (val_loss: 0.5591)
Epoch 4 | train_loss: 0.5167 | train_acc: 0.9846 | val_loss: 0.4168 | val_acc: 0.9167
CHECKPOINT SAVED (val_loss: 0.4168)
Epoch 5 | train_loss: 0.3629 | train_acc: 0.9846 | val_loss: 0.2771 | val_acc: 0.9722
CHECKPOINT SAVED (val_loss: 0.2771)
Epoch 6 | train_loss: 0.2653 | train_acc: 0.9846 | val_loss: 0.1985 | val_acc: 0.9722
CHECKPOINT SAVED (val_loss: 0.1985)
Epoch 7 | train_loss: 0.3575 | train_acc: 0.9538 | val_loss: 0.1497 | val_acc: 0.9444
CHECKPOINT SAVED (val_loss: 0.1497)
Epoch 8 | train_loss: 0.1982 | train_acc: 0.9692 | val_loss: 0.1189 | val_acc: 0.9444
CHECKPOINT SAVED (val_loss: 0.1189)
Epoch 9 | train_loss: 0.1716 | train_acc: 0.9769 | val_loss: 0.0922 | val_acc: 0.9444
CHECKPOINT SAVED (val_loss: 0.0922)
Epoch 10 | train_loss: 0.1108 | train_acc: 0.9692 | val_loss: 0.0719 | val_acc: 0.9444
CHECKPOINT SAVED (val_loss: 0.0719)
Epoch 11 | train_loss: 0.0945 | train_acc: 0.9769 | val_loss: 0.0549 | val_acc: 0.9444
CHECKPOINT SAVED (val_loss: 0.0549)
Epoch 12 | train_loss: 0.1380 | train_acc: 0.9769 | val_loss: 0.0520 | val_acc: 0.9444
CHECKPOINT SAVED (val_loss: 0.0520)
Epoch 13 | train_loss: 0.0797 | train_acc: 0.9615 | val_loss: 0.0392 | val_acc: 0.9444
CHECKPOINT SAVED (val_loss: 0.0392)
Epoch 14 | train_loss: 0.1429 | train_acc: 0.9769 | val_loss: 0.0292 | val_acc: 0.9444
CHECKPOINT SAVED (val_loss: 0.0292)
Epoch 15 | train_loss: 0.0317 | train_acc: 0.9923 | val_loss: 0.0241 | val_acc: 0.9444
CHECKPOINT SAVED (val_loss: 0.0241)
Epoch 16 | train_loss: 0.0589 | train_acc: 0.9846 | val_loss: 0.0221 | val_acc: 1.0000
CHECKPOINT SAVED (val_loss: 0.0221)
Epoch 17 | train_loss: 0.0468 | train_acc: 1.0000 | val_loss: 0.0211 | val_acc: 1.0000
CHECKPOINT SAVED (val_loss: 0.0211)
Epoch 18 | train_loss: 0.0175 | train_acc: 1.0000 | val_loss: 0.0194 | val_acc: 1.0000
CHECKPOINT SAVED (val_loss: 0.0194)
Epoch 19 | train_loss: 0.0309 | train_acc: 0.9846 | val_loss: 0.0169 | val_acc: 1.0000
CHECKPOINT SAVED (val_loss: 0.0169)
Epoch 20 | train_loss: 0.0536 | train_acc: 0.9923 | val_loss: 0.0142 | val_acc: 1.0000
CHECKPOINT SAVED (val_loss: 0.0142)
Epoch 21 | train_loss: 0.0409 | train_acc: 0.9923 | val_loss: 0.0086 | val_acc: 1.0000
CHECKPOINT SAVED (val_loss: 0.0086)
Epoch 22 | train_loss: 0.0177 | train_acc: 1.0000 | val_loss: 0.0066 | val_acc: 1.0000
CHECKPOINT SAVED (val_loss: 0.0066)
Epoch 23 | train_loss: 0.0216 | train_acc: 0.9923 | val_loss: 0.0050 | val_acc: 1.0000
CHECKPOINT SAVED (val_loss: 0.0050)
Epoch 24 | train_loss: 0.0093 | train_acc: 1.0000 | val_loss: 0.0037 | val_acc: 1.0000
CHECKPOINT SAVED (val_loss: 0.0037)
Epoch 25 | train_loss: 0.0243 | train_acc: 1.0000 | val_loss: 0.0030 | val_acc: 1.0000
CHECKPOINT SAVED (val_loss: 0.0030)
Epoch 26 | train_loss: 0.0104 | train_acc: 1.0000 | val_loss: 0.0027 | val_acc: 1.0000
CHECKPOINT SAVED (val_loss: 0.0027)
Epoch 27 | train_loss: 0.0300 | train_acc: 0.9923 | val_loss: 0.0033 | val_acc: 1.0000
Epoch 28 | train_loss: 0.0116 | train_acc: 1.0000 | val_loss: 0.0030 | val_acc: 1.0000
Epoch 29 | train_loss: 0.0125 | train_acc: 0.9923 | val_loss: 0.0019 | val_acc: 1.0000
CHECKPOINT SAVED (val_loss: 0.0019)
Epoch 30 | train_loss: 0.0088 | train_acc: 1.0000 | val_loss: 0.0014 | val_acc: 1.0000
CHECKPOINT SAVED (val_loss: 0.0014)
Epoch 31 | train_loss: 0.0104 | train_acc: 0.9923 | val_loss: 0.0014 | val_acc: 1.0000
CHECKPOINT SAVED (val_loss: 0.0014)
Epoch 32 | train_loss: 0.0126 | train_acc: 1.0000 | val_loss: 0.0010 | val_acc: 1.0000
CHECKPOINT SAVED (val_loss: 0.0010)
Epoch 33 | train_loss: 0.0274 | train_acc: 1.0000 | val_loss: 0.0017 | val_acc: 1.0000
Epoch 34 | train_loss: 0.0091 | train_acc: 1.0000 | val_loss: 0.0041 | val_acc: 0.9722
Epoch 35 | train_loss: 0.0208 | train_acc: 0.9769 | val_loss: 0.0016 | val_acc: 1.0000
Epoch 36 | train_loss: 0.0066 | train_acc: 1.0000 | val_loss: 0.0006 | val_acc: 1.0000
CHECKPOINT SAVED (val_loss: 0.0006)
Epoch 37 | train_loss: 0.0335 | train_acc: 0.9846 | val_loss: 0.0004 | val_acc: 1.0000
CHECKPOINT SAVED (val_loss: 0.0004)
Epoch 38 | train_loss: 0.0152 | train_acc: 0.9923 | val_loss: 0.0004 | val_acc: 1.0000
CHECKPOINT SAVED (val_loss: 0.0004)
Epoch 39 | train_loss: 0.0042 | train_acc: 1.0000 | val_loss: 0.0004 | val_acc: 1.0000
Epoch 40 | train_loss: 0.0032 | train_acc: 1.0000 | val_loss: 0.0004 | val_acc: 1.0000
Epoch 41 | train_loss: 0.0038 | train_acc: 1.0000 | val_loss: 0.0004 | val_acc: 1.0000
Epoch 42 | train_loss: 0.0063 | train_acc: 1.0000 | val_loss: 0.0004 | val_acc: 1.0000
Warning: You are sending unauthenticated requests to the HF Hub. Please set a HF_TOKEN to enable higher rate limits and faster downloads.
Epoch 43 | train_loss: 0.0059 | train_acc: 1.0000 | val_loss: 0.0010 | val_acc: 1.0000
Epoch 44 | train_loss: 0.0063 | train_acc: 0.9923 | val_loss: 0.0017 | val_acc: 1.0000
Epoch 45 | train_loss: 0.0025 | train_acc: 1.0000 | val_loss: 0.0014 | val_acc: 1.0000
Epoch 46 | train_loss: 0.0063 | train_acc: 1.0000 | val_loss: 0.0007 | val_acc: 1.0000
Epoch 47 | train_loss: 0.0052 | train_acc: 1.0000 | val_loss: 0.0002 | val_acc: 1.0000
CHECKPOINT SAVED (val_loss: 0.0002)
Epoch 48 | train_loss: 0.0043 | train_acc: 1.0000 | val_loss: 0.0002 | val_acc: 1.0000
CHECKPOINT SAVED (val_loss: 0.0002)
Epoch 49 | train_loss: 0.0019 | train_acc: 1.0000 | val_loss: 0.0001 | val_acc: 1.0000
CHECKPOINT SAVED (val_loss: 0.0001)
Epoch 50 | train_loss: 0.0019 | train_acc: 1.0000 | val_loss: 0.0001 | val_acc: 1.0000
CHECKPOINT SAVED (val_loss: 0.0001)
Accuracy: 0.7333 | F1 Macro: 0.3980 | MCC: 0.5087
              precision    recall  f1-score   support

           R       0.80      0.89      0.84         9
           G       1.00      0.60      0.75         5
           S       0.00      0.00      0.00         1
           T       0.00      0.00      0.00         0

    accuracy                           0.73        15
   macro avg       0.45      0.37      0.40        15
weighted avg       0.81      0.73      0.76        15

Results saved in D:\DESKTOP\TIROCINIO\malaria-detection-pipeline\results\tuning\ood_stages\Falciparum_Vivax\Swin-T\full

=== SORGENTE: Falciparum -> TARGET: Vivax | MODEL: Swin-T | MODE: lora ===
Training samples: 130 (Falciparum only, label=stage)
Val samples: 36
Test samples: 15 (Vivax only, label=stage)
Stage distribution training: R=106 G=10 S=11 T=3
Class 0: weights = 0.31
Class 1: weights = 3.25
Class 2: weights = 2.95
Class 3: weights = 10.83
Model: Swin-T | Mode: lora
Total params: 27,663,742
Trainable params: 144,388 (0.52%)
Epoch 1 | train_loss: 1.3645 | train_acc: 0.2385 | val_loss: 0.9433 | val_acc: 0.5833
CHECKPOINT SAVED (val_loss: 0.9433)
Epoch 2 | train_loss: 1.1022 | train_acc: 0.8462 | val_loss: 0.8505 | val_acc: 0.9167
CHECKPOINT SAVED (val_loss: 0.8505)
Epoch 3 | train_loss: 0.9532 | train_acc: 0.9231 | val_loss: 0.7104 | val_acc: 0.9444
CHECKPOINT SAVED (val_loss: 0.7104)
Epoch 4 | train_loss: 0.7804 | train_acc: 0.9538 | val_loss: 0.5427 | val_acc: 0.8889
CHECKPOINT SAVED (val_loss: 0.5427)
Epoch 5 | train_loss: 0.6684 | train_acc: 0.9308 | val_loss: 0.4517 | val_acc: 0.8056
CHECKPOINT SAVED (val_loss: 0.4517)
Epoch 6 | train_loss: 0.5952 | train_acc: 0.9308 | val_loss: 0.4017 | val_acc: 0.8611
CHECKPOINT SAVED (val_loss: 0.4017)
Epoch 7 | train_loss: 0.5709 | train_acc: 0.9385 | val_loss: 0.3718 | val_acc: 0.8611
CHECKPOINT SAVED (val_loss: 0.3718)
Epoch 8 | train_loss: 0.5559 | train_acc: 0.9000 | val_loss: 0.3410 | val_acc: 0.8611
CHECKPOINT SAVED (val_loss: 0.3410)
Epoch 9 | train_loss: 0.4557 | train_acc: 0.9538 | val_loss: 0.3232 | val_acc: 0.8611
CHECKPOINT SAVED (val_loss: 0.3232)
Epoch 10 | train_loss: 0.3623 | train_acc: 0.9538 | val_loss: 0.3204 | val_acc: 0.8611
CHECKPOINT SAVED (val_loss: 0.3204)
Epoch 11 | train_loss: 0.3721 | train_acc: 0.9538 | val_loss: 0.3044 | val_acc: 0.8611
CHECKPOINT SAVED (val_loss: 0.3044)
Epoch 12 | train_loss: 0.3785 | train_acc: 0.9308 | val_loss: 0.2909 | val_acc: 0.8611
CHECKPOINT SAVED (val_loss: 0.2909)
Epoch 13 | train_loss: 0.3584 | train_acc: 0.9077 | val_loss: 0.2693 | val_acc: 0.8611
CHECKPOINT SAVED (val_loss: 0.2693)
Epoch 14 | train_loss: 0.3112 | train_acc: 0.9462 | val_loss: 0.2487 | val_acc: 0.9444
CHECKPOINT SAVED (val_loss: 0.2487)
Epoch 15 | train_loss: 0.2936 | train_acc: 0.9692 | val_loss: 0.2363 | val_acc: 0.9444
CHECKPOINT SAVED (val_loss: 0.2363)
Epoch 16 | train_loss: 0.2550 | train_acc: 0.9846 | val_loss: 0.2269 | val_acc: 0.8889
CHECKPOINT SAVED (val_loss: 0.2269)
Epoch 17 | train_loss: 0.2582 | train_acc: 0.8769 | val_loss: 0.2329 | val_acc: 0.8056
Epoch 18 | train_loss: 0.3329 | train_acc: 0.8846 | val_loss: 0.2284 | val_acc: 0.7500
Epoch 19 | train_loss: 0.2793 | train_acc: 0.8462 | val_loss: 0.2181 | val_acc: 0.8333
CHECKPOINT SAVED (val_loss: 0.2181)
Epoch 20 | train_loss: 0.1812 | train_acc: 0.8846 | val_loss: 0.1959 | val_acc: 0.8611
CHECKPOINT SAVED (val_loss: 0.1959)
Epoch 21 | train_loss: 0.3952 | train_acc: 0.9154 | val_loss: 0.1938 | val_acc: 0.8889
CHECKPOINT SAVED (val_loss: 0.1938)
Epoch 22 | train_loss: 0.1893 | train_acc: 0.9462 | val_loss: 0.1818 | val_acc: 0.9444
CHECKPOINT SAVED (val_loss: 0.1818)
Epoch 23 | train_loss: 0.1848 | train_acc: 0.9385 | val_loss: 0.1759 | val_acc: 0.9444
CHECKPOINT SAVED (val_loss: 0.1759)
Epoch 24 | train_loss: 0.2313 | train_acc: 0.9538 | val_loss: 0.1716 | val_acc: 0.9444
CHECKPOINT SAVED (val_loss: 0.1716)
Epoch 25 | train_loss: 0.1961 | train_acc: 0.9615 | val_loss: 0.1679 | val_acc: 0.9444
CHECKPOINT SAVED (val_loss: 0.1679)
Epoch 26 | train_loss: 0.1893 | train_acc: 0.9538 | val_loss: 0.1625 | val_acc: 0.9444
CHECKPOINT SAVED (val_loss: 0.1625)
Epoch 27 | train_loss: 0.1958 | train_acc: 0.9462 | val_loss: 0.1601 | val_acc: 0.9444
CHECKPOINT SAVED (val_loss: 0.1601)
Epoch 28 | train_loss: 0.2497 | train_acc: 0.9462 | val_loss: 0.1584 | val_acc: 0.9444
CHECKPOINT SAVED (val_loss: 0.1584)
Epoch 29 | train_loss: 0.1583 | train_acc: 0.9154 | val_loss: 0.1531 | val_acc: 0.9444
CHECKPOINT SAVED (val_loss: 0.1531)
Epoch 30 | train_loss: 0.1565 | train_acc: 0.9692 | val_loss: 0.1474 | val_acc: 0.9444
CHECKPOINT SAVED (val_loss: 0.1474)
Epoch 31 | train_loss: 0.1838 | train_acc: 0.9231 | val_loss: 0.1434 | val_acc: 0.9444
CHECKPOINT SAVED (val_loss: 0.1434)
Epoch 32 | train_loss: 0.1921 | train_acc: 0.9692 | val_loss: 0.1442 | val_acc: 0.9444
Epoch 33 | train_loss: 0.1799 | train_acc: 0.9615 | val_loss: 0.1540 | val_acc: 0.8889
Epoch 34 | train_loss: 0.1560 | train_acc: 0.9154 | val_loss: 0.1572 | val_acc: 0.8889
Epoch 35 | train_loss: 0.2325 | train_acc: 0.9077 | val_loss: 0.1570 | val_acc: 0.8889
Epoch 36 | train_loss: 0.1969 | train_acc: 0.9385 | val_loss: 0.1658 | val_acc: 0.8333
Epoch 37 | train_loss: 0.1407 | train_acc: 0.9231 | val_loss: 0.1458 | val_acc: 0.9167
Epoch 38 | train_loss: 0.1284 | train_acc: 0.9385 | val_loss: 0.1265 | val_acc: 0.9444
CHECKPOINT SAVED (val_loss: 0.1265)
Epoch 39 | train_loss: 0.1696 | train_acc: 0.9615 | val_loss: 0.1179 | val_acc: 0.9444
CHECKPOINT SAVED (val_loss: 0.1179)
Epoch 40 | train_loss: 0.1778 | train_acc: 0.9385 | val_loss: 0.1179 | val_acc: 0.9444
Epoch 41 | train_loss: 0.2252 | train_acc: 0.9385 | val_loss: 0.1297 | val_acc: 0.8889
Epoch 42 | train_loss: 0.1437 | train_acc: 0.9308 | val_loss: 0.1154 | val_acc: 0.9444
CHECKPOINT SAVED (val_loss: 0.1154)
Epoch 43 | train_loss: 0.1703 | train_acc: 0.9692 | val_loss: 0.1041 | val_acc: 0.9444
CHECKPOINT SAVED (val_loss: 0.1041)
Epoch 44 | train_loss: 0.1935 | train_acc: 0.9846 | val_loss: 0.1036 | val_acc: 0.9444
CHECKPOINT SAVED (val_loss: 0.1036)
Epoch 45 | train_loss: 0.1364 | train_acc: 0.9462 | val_loss: 0.1084 | val_acc: 0.9444
Epoch 46 | train_loss: 0.1558 | train_acc: 0.9615 | val_loss: 0.1107 | val_acc: 0.9444
Epoch 47 | train_loss: 0.1622 | train_acc: 0.9692 | val_loss: 0.1123 | val_acc: 0.9444
Epoch 48 | train_loss: 0.1629 | train_acc: 0.9769 | val_loss: 0.1097 | val_acc: 0.9444
Epoch 49 | train_loss: 0.1654 | train_acc: 0.9692 | val_loss: 0.1015 | val_acc: 0.9444
CHECKPOINT SAVED (val_loss: 0.1015)
Epoch 50 | train_loss: 0.1287 | train_acc: 0.9769 | val_loss: 0.1045 | val_acc: 0.9167
Accuracy: 0.4667 | F1 Macro: 0.3646 | MCC: 0.2556
              precision    recall  f1-score   support

           R       0.71      0.56      0.62         9
           G       1.00      0.20      0.33         5
           S       0.33      1.00      0.50         1
           T       0.00      0.00      0.00         0

    accuracy                           0.47        15
   macro avg       0.51      0.44      0.36        15
weighted avg       0.78      0.47      0.52        15

Results saved in D:\DESKTOP\TIROCINIO\malaria-detection-pipeline\results\tuning\ood_stages\Falciparum_Vivax\Swin-T\lora

=== SORGENTE: Falciparum -> TARGET: Vivax | MODEL: ViT-B | MODE: head_only ===
Training samples: 130 (Falciparum only, label=stage)
Val samples: 36
Test samples: 15 (Vivax only, label=stage)
Stage distribution training: R=106 G=10 S=11 T=3
Class 0: weights = 0.31
Class 1: weights = 3.25
Class 2: weights = 2.95
Class 3: weights = 10.83
Loading weights:   0%|          | 0/200 [00:00<?, ?it/s]Loading weights: 100%|##########| 200/200 [00:00<00:00, 3281.94it/s]
Model: ViT-B | Mode: head_only
Total params: 86,392,324
Trainable params: 3,076 (0.00%)
Epoch 1 | train_loss: 1.3534 | train_acc: 0.4538 | val_loss: 1.2834 | val_acc: 0.6667
CHECKPOINT SAVED (val_loss: 1.2834)
Epoch 2 | train_loss: 1.1685 | train_acc: 0.8769 | val_loss: 1.1921 | val_acc: 0.6667
CHECKPOINT SAVED (val_loss: 1.1921)
Epoch 3 | train_loss: 1.0531 | train_acc: 0.8846 | val_loss: 1.0949 | val_acc: 0.6667
CHECKPOINT SAVED (val_loss: 1.0949)
Epoch 4 | train_loss: 1.0020 | train_acc: 0.9000 | val_loss: 1.0176 | val_acc: 0.9167
CHECKPOINT SAVED (val_loss: 1.0176)
Epoch 5 | train_loss: 0.9237 | train_acc: 0.9385 | val_loss: 0.9471 | val_acc: 0.9722
CHECKPOINT SAVED (val_loss: 0.9471)
Epoch 6 | train_loss: 0.8273 | train_acc: 0.9462 | val_loss: 0.8938 | val_acc: 0.9722
CHECKPOINT SAVED (val_loss: 0.8938)
Epoch 7 | train_loss: 0.7326 | train_acc: 0.9615 | val_loss: 0.8419 | val_acc: 0.9722
CHECKPOINT SAVED (val_loss: 0.8419)
Epoch 8 | train_loss: 0.6881 | train_acc: 0.9692 | val_loss: 0.7992 | val_acc: 0.9722
CHECKPOINT SAVED (val_loss: 0.7992)
Epoch 9 | train_loss: 0.6678 | train_acc: 0.9769 | val_loss: 0.7595 | val_acc: 0.9722
CHECKPOINT SAVED (val_loss: 0.7595)
Epoch 10 | train_loss: 0.6366 | train_acc: 0.9769 | val_loss: 0.7231 | val_acc: 0.9722
CHECKPOINT SAVED (val_loss: 0.7231)
Epoch 11 | train_loss: 0.5910 | train_acc: 0.9692 | val_loss: 0.6891 | val_acc: 0.9722
CHECKPOINT SAVED (val_loss: 0.6891)
Epoch 12 | train_loss: 0.5588 | train_acc: 0.9769 | val_loss: 0.6631 | val_acc: 0.9722
CHECKPOINT SAVED (val_loss: 0.6631)
Epoch 13 | train_loss: 0.5980 | train_acc: 0.9769 | val_loss: 0.6365 | val_acc: 0.9722
CHECKPOINT SAVED (val_loss: 0.6365)
Epoch 14 | train_loss: 0.5007 | train_acc: 0.9769 | val_loss: 0.6140 | val_acc: 1.0000
CHECKPOINT SAVED (val_loss: 0.6140)
Epoch 15 | train_loss: 0.4802 | train_acc: 0.9846 | val_loss: 0.5908 | val_acc: 1.0000
CHECKPOINT SAVED (val_loss: 0.5908)
Epoch 16 | train_loss: 0.4349 | train_acc: 0.9769 | val_loss: 0.5672 | val_acc: 1.0000
CHECKPOINT SAVED (val_loss: 0.5672)
Epoch 17 | train_loss: 0.4044 | train_acc: 0.9846 | val_loss: 0.5467 | val_acc: 0.9722
CHECKPOINT SAVED (val_loss: 0.5467)
Epoch 18 | train_loss: 0.4556 | train_acc: 0.9692 | val_loss: 0.5241 | val_acc: 0.9722
CHECKPOINT SAVED (val_loss: 0.5241)
Epoch 19 | train_loss: 0.4019 | train_acc: 0.9769 | val_loss: 0.5009 | val_acc: 1.0000
CHECKPOINT SAVED (val_loss: 0.5009)
Epoch 20 | train_loss: 0.3471 | train_acc: 0.9846 | val_loss: 0.4802 | val_acc: 1.0000
CHECKPOINT SAVED (val_loss: 0.4802)
Epoch 21 | train_loss: 0.3625 | train_acc: 0.9769 | val_loss: 0.4621 | val_acc: 1.0000
CHECKPOINT SAVED (val_loss: 0.4621)
Epoch 22 | train_loss: 0.3407 | train_acc: 0.9846 | val_loss: 0.4445 | val_acc: 1.0000
CHECKPOINT SAVED (val_loss: 0.4445)
Epoch 23 | train_loss: 0.3566 | train_acc: 0.9462 | val_loss: 0.4301 | val_acc: 1.0000
CHECKPOINT SAVED (val_loss: 0.4301)
Epoch 24 | train_loss: 0.3393 | train_acc: 0.9615 | val_loss: 0.4171 | val_acc: 1.0000
CHECKPOINT SAVED (val_loss: 0.4171)
Epoch 25 | train_loss: 0.3703 | train_acc: 0.9846 | val_loss: 0.4062 | val_acc: 1.0000
CHECKPOINT SAVED (val_loss: 0.4062)
Epoch 26 | train_loss: 0.2746 | train_acc: 0.9846 | val_loss: 0.3953 | val_acc: 0.9722
CHECKPOINT SAVED (val_loss: 0.3953)
Epoch 27 | train_loss: 0.2997 | train_acc: 0.9769 | val_loss: 0.3828 | val_acc: 1.0000
CHECKPOINT SAVED (val_loss: 0.3828)
Epoch 28 | train_loss: 0.2831 | train_acc: 0.9846 | val_loss: 0.3735 | val_acc: 1.0000
CHECKPOINT SAVED (val_loss: 0.3735)
Epoch 29 | train_loss: 0.2874 | train_acc: 0.9692 | val_loss: 0.3651 | val_acc: 1.0000
CHECKPOINT SAVED (val_loss: 0.3651)
Epoch 30 | train_loss: 0.2585 | train_acc: 0.9692 | val_loss: 0.3570 | val_acc: 0.9722
CHECKPOINT SAVED (val_loss: 0.3570)
Epoch 31 | train_loss: 0.3186 | train_acc: 0.9769 | val_loss: 0.3504 | val_acc: 0.9722
CHECKPOINT SAVED (val_loss: 0.3504)
Epoch 32 | train_loss: 0.2544 | train_acc: 0.9846 | val_loss: 0.3441 | val_acc: 0.9722
CHECKPOINT SAVED (val_loss: 0.3441)
Epoch 33 | train_loss: 0.3205 | train_acc: 0.9846 | val_loss: 0.3386 | val_acc: 0.9722
CHECKPOINT SAVED (val_loss: 0.3386)
Epoch 34 | train_loss: 0.2334 | train_acc: 0.9846 | val_loss: 0.3310 | val_acc: 0.9722
CHECKPOINT SAVED (val_loss: 0.3310)
Epoch 35 | train_loss: 0.2396 | train_acc: 0.9692 | val_loss: 0.3217 | val_acc: 0.9722
CHECKPOINT SAVED (val_loss: 0.3217)
Epoch 36 | train_loss: 0.2123 | train_acc: 0.9769 | val_loss: 0.3129 | val_acc: 0.9722
CHECKPOINT SAVED (val_loss: 0.3129)
Epoch 37 | train_loss: 0.2192 | train_acc: 0.9692 | val_loss: 0.3056 | val_acc: 0.9722
CHECKPOINT SAVED (val_loss: 0.3056)
Epoch 38 | train_loss: 0.2676 | train_acc: 0.9769 | val_loss: 0.2995 | val_acc: 0.9722
CHECKPOINT SAVED (val_loss: 0.2995)
Epoch 39 | train_loss: 0.2051 | train_acc: 0.9692 | val_loss: 0.2953 | val_acc: 0.9722
CHECKPOINT SAVED (val_loss: 0.2953)
Epoch 40 | train_loss: 0.2245 | train_acc: 0.9846 | val_loss: 0.2903 | val_acc: 0.9722
CHECKPOINT SAVED (val_loss: 0.2903)
Epoch 41 | train_loss: 0.2727 | train_acc: 0.9846 | val_loss: 0.2864 | val_acc: 0.9722
CHECKPOINT SAVED (val_loss: 0.2864)
Epoch 42 | train_loss: 0.1925 | train_acc: 0.9769 | val_loss: 0.2825 | val_acc: 0.9722
CHECKPOINT SAVED (val_loss: 0.2825)
Epoch 43 | train_loss: 0.2115 | train_acc: 0.9846 | val_loss: 0.2785 | val_acc: 0.9722
CHECKPOINT SAVED (val_loss: 0.2785)
Epoch 44 | train_loss: 0.1772 | train_acc: 0.9692 | val_loss: 0.2714 | val_acc: 0.9722
CHECKPOINT SAVED (val_loss: 0.2714)
Epoch 45 | train_loss: 0.1790 | train_acc: 0.9692 | val_loss: 0.2651 | val_acc: 0.9722
CHECKPOINT SAVED (val_loss: 0.2651)
Epoch 46 | train_loss: 0.2294 | train_acc: 0.9769 | val_loss: 0.2608 | val_acc: 1.0000
CHECKPOINT SAVED (val_loss: 0.2608)
Epoch 47 | train_loss: 0.1646 | train_acc: 0.9923 | val_loss: 0.2558 | val_acc: 1.0000
CHECKPOINT SAVED (val_loss: 0.2558)
Epoch 48 | train_loss: 0.2100 | train_acc: 0.9769 | val_loss: 0.2513 | val_acc: 1.0000
CHECKPOINT SAVED (val_loss: 0.2513)
Epoch 49 | train_loss: 0.1792 | train_acc: 0.9846 | val_loss: 0.2474 | val_acc: 1.0000
CHECKPOINT SAVED (val_loss: 0.2474)
Epoch 50 | train_loss: 0.1629 | train_acc: 0.9923 | val_loss: 0.2425 | val_acc: 1.0000
CHECKPOINT SAVED (val_loss: 0.2425)
Accuracy: 0.6000 | F1 Macro: 0.1875 | MCC: 0.0000
              precision    recall  f1-score   support

           R       0.60      1.00      0.75         9
           G       0.00      0.00      0.00         5
           S       0.00      0.00      0.00         1
           T       0.00      0.00      0.00         0

    accuracy                           0.60        15
   macro avg       0.15      0.25      0.19        15
weighted avg       0.36      0.60      0.45        15

Results saved in D:\DESKTOP\TIROCINIO\malaria-detection-pipeline\results\tuning\ood_stages\Falciparum_Vivax\ViT-B\head_only

=== SORGENTE: Falciparum -> TARGET: Vivax | MODEL: ViT-B | MODE: full ===
Training samples: 130 (Falciparum only, label=stage)
Val samples: 36
Test samples: 15 (Vivax only, label=stage)
Stage distribution training: R=106 G=10 S=11 T=3
Class 0: weights = 0.31
Class 1: weights = 3.25
Class 2: weights = 2.95
Class 3: weights = 10.83
Loading weights:   0%|          | 0/200 [00:00<?, ?it/s]Loading weights: 100%|##########| 200/200 [00:00<00:00, 8142.46it/s]
Model: ViT-B | Mode: full
Total params: 86,392,324
Trainable params: 86,392,324 (100.00%)
Epoch 1 | train_loss: 1.3318 | train_acc: 0.5154 | val_loss: 1.1660 | val_acc: 0.7500
CHECKPOINT SAVED (val_loss: 1.1660)
Epoch 2 | train_loss: 1.0691 | train_acc: 0.9000 | val_loss: 0.9908 | val_acc: 0.9444
CHECKPOINT SAVED (val_loss: 0.9908)
Epoch 3 | train_loss: 0.8953 | train_acc: 0.9692 | val_loss: 0.8279 | val_acc: 0.9722
CHECKPOINT SAVED (val_loss: 0.8279)
Epoch 4 | train_loss: 0.7024 | train_acc: 0.9769 | val_loss: 0.6577 | val_acc: 0.9722
CHECKPOINT SAVED (val_loss: 0.6577)
Epoch 5 | train_loss: 0.5485 | train_acc: 0.9769 | val_loss: 0.5101 | val_acc: 0.9722
CHECKPOINT SAVED (val_loss: 0.5101)
Epoch 6 | train_loss: 0.4233 | train_acc: 0.9846 | val_loss: 0.3791 | val_acc: 0.9722
CHECKPOINT SAVED (val_loss: 0.3791)
Epoch 7 | train_loss: 0.3092 | train_acc: 0.9923 | val_loss: 0.2822 | val_acc: 1.0000
CHECKPOINT SAVED (val_loss: 0.2822)
Epoch 8 | train_loss: 0.2161 | train_acc: 1.0000 | val_loss: 0.2188 | val_acc: 1.0000
CHECKPOINT SAVED (val_loss: 0.2188)
Epoch 9 | train_loss: 0.2248 | train_acc: 0.9846 | val_loss: 0.1776 | val_acc: 1.0000
CHECKPOINT SAVED (val_loss: 0.1776)
Epoch 10 | train_loss: 0.1256 | train_acc: 1.0000 | val_loss: 0.1417 | val_acc: 1.0000
CHECKPOINT SAVED (val_loss: 0.1417)
Epoch 11 | train_loss: 0.1067 | train_acc: 1.0000 | val_loss: 0.1113 | val_acc: 1.0000
CHECKPOINT SAVED (val_loss: 0.1113)
Epoch 12 | train_loss: 0.0722 | train_acc: 1.0000 | val_loss: 0.0884 | val_acc: 1.0000
CHECKPOINT SAVED (val_loss: 0.0884)
Epoch 13 | train_loss: 0.0717 | train_acc: 0.9923 | val_loss: 0.0652 | val_acc: 1.0000
CHECKPOINT SAVED (val_loss: 0.0652)
Epoch 14 | train_loss: 0.0532 | train_acc: 1.0000 | val_loss: 0.0519 | val_acc: 1.0000
CHECKPOINT SAVED (val_loss: 0.0519)
Epoch 15 | train_loss: 0.0407 | train_acc: 1.0000 | val_loss: 0.0441 | val_acc: 1.0000
CHECKPOINT SAVED (val_loss: 0.0441)
Epoch 16 | train_loss: 0.2207 | train_acc: 0.9923 | val_loss: 0.0377 | val_acc: 1.0000
CHECKPOINT SAVED (val_loss: 0.0377)
Epoch 17 | train_loss: 0.0548 | train_acc: 1.0000 | val_loss: 0.0417 | val_acc: 1.0000
Epoch 18 | train_loss: 0.0657 | train_acc: 0.9846 | val_loss: 0.0320 | val_acc: 1.0000
CHECKPOINT SAVED (val_loss: 0.0320)
Epoch 19 | train_loss: 0.0301 | train_acc: 1.0000 | val_loss: 0.0290 | val_acc: 1.0000
CHECKPOINT SAVED (val_loss: 0.0290)
Epoch 20 | train_loss: 0.0247 | train_acc: 1.0000 | val_loss: 0.0334 | val_acc: 1.0000
Epoch 21 | train_loss: 0.0307 | train_acc: 1.0000 | val_loss: 0.0259 | val_acc: 1.0000
CHECKPOINT SAVED (val_loss: 0.0259)
Epoch 22 | train_loss: 0.0203 | train_acc: 1.0000 | val_loss: 0.0229 | val_acc: 1.0000
CHECKPOINT SAVED (val_loss: 0.0229)
Epoch 23 | train_loss: 0.0213 | train_acc: 1.0000 | val_loss: 0.0217 | val_acc: 1.0000
CHECKPOINT SAVED (val_loss: 0.0217)
Epoch 24 | train_loss: 0.0214 | train_acc: 1.0000 | val_loss: 0.0203 | val_acc: 1.0000
CHECKPOINT SAVED (val_loss: 0.0203)
Epoch 25 | train_loss: 0.0166 | train_acc: 1.0000 | val_loss: 0.0186 | val_acc: 1.0000
CHECKPOINT SAVED (val_loss: 0.0186)
Epoch 26 | train_loss: 0.0182 | train_acc: 1.0000 | val_loss: 0.0165 | val_acc: 1.0000
CHECKPOINT SAVED (val_loss: 0.0165)
Epoch 27 | train_loss: 0.0131 | train_acc: 1.0000 | val_loss: 0.0150 | val_acc: 1.0000
CHECKPOINT SAVED (val_loss: 0.0150)
Epoch 28 | train_loss: 0.0159 | train_acc: 1.0000 | val_loss: 0.0137 | val_acc: 1.0000
CHECKPOINT SAVED (val_loss: 0.0137)
Epoch 29 | train_loss: 0.0184 | train_acc: 1.0000 | val_loss: 0.0129 | val_acc: 1.0000
CHECKPOINT SAVED (val_loss: 0.0129)
Epoch 30 | train_loss: 0.0154 | train_acc: 1.0000 | val_loss: 0.0125 | val_acc: 1.0000
CHECKPOINT SAVED (val_loss: 0.0125)
Epoch 31 | train_loss: 0.0166 | train_acc: 0.9923 | val_loss: 0.0118 | val_acc: 1.0000
CHECKPOINT SAVED (val_loss: 0.0118)
Epoch 32 | train_loss: 0.0155 | train_acc: 1.0000 | val_loss: 0.0109 | val_acc: 1.0000
CHECKPOINT SAVED (val_loss: 0.0109)
Epoch 33 | train_loss: 0.0099 | train_acc: 1.0000 | val_loss: 0.0105 | val_acc: 1.0000
CHECKPOINT SAVED (val_loss: 0.0105)
Epoch 34 | train_loss: 0.0098 | train_acc: 1.0000 | val_loss: 0.0103 | val_acc: 1.0000
CHECKPOINT SAVED (val_loss: 0.0103)
Epoch 35 | train_loss: 0.0089 | train_acc: 1.0000 | val_loss: 0.0100 | val_acc: 1.0000
CHECKPOINT SAVED (val_loss: 0.0100)
Epoch 36 | train_loss: 0.0083 | train_acc: 1.0000 | val_loss: 0.0096 | val_acc: 1.0000
CHECKPOINT SAVED (val_loss: 0.0096)
Epoch 37 | train_loss: 0.0078 | train_acc: 1.0000 | val_loss: 0.0089 | val_acc: 1.0000
CHECKPOINT SAVED (val_loss: 0.0089)
Epoch 38 | train_loss: 0.0079 | train_acc: 1.0000 | val_loss: 0.0082 | val_acc: 1.0000
CHECKPOINT SAVED (val_loss: 0.0082)
Epoch 39 | train_loss: 0.0076 | train_acc: 1.0000 | val_loss: 0.0077 | val_acc: 1.0000
CHECKPOINT SAVED (val_loss: 0.0077)
Epoch 40 | train_loss: 0.0085 | train_acc: 1.0000 | val_loss: 0.0073 | val_acc: 1.0000
CHECKPOINT SAVED (val_loss: 0.0073)
Epoch 41 | train_loss: 0.0069 | train_acc: 1.0000 | val_loss: 0.0069 | val_acc: 1.0000
CHECKPOINT SAVED (val_loss: 0.0069)
Epoch 42 | train_loss: 0.0061 | train_acc: 1.0000 | val_loss: 0.0066 | val_acc: 1.0000
CHECKPOINT SAVED (val_loss: 0.0066)
Epoch 43 | train_loss: 0.0063 | train_acc: 1.0000 | val_loss: 0.0064 | val_acc: 1.0000
CHECKPOINT SAVED (val_loss: 0.0064)
Epoch 44 | train_loss: 0.0092 | train_acc: 1.0000 | val_loss: 0.0061 | val_acc: 1.0000
CHECKPOINT SAVED (val_loss: 0.0061)
Epoch 45 | train_loss: 0.0052 | train_acc: 1.0000 | val_loss: 0.0060 | val_acc: 1.0000
CHECKPOINT SAVED (val_loss: 0.0060)
Epoch 46 | train_loss: 0.0057 | train_acc: 1.0000 | val_loss: 0.0059 | val_acc: 1.0000
CHECKPOINT SAVED (val_loss: 0.0059)
Epoch 47 | train_loss: 0.0057 | train_acc: 1.0000 | val_loss: 0.0056 | val_acc: 1.0000
CHECKPOINT SAVED (val_loss: 0.0056)
Epoch 48 | train_loss: 0.0054 | train_acc: 1.0000 | val_loss: 0.0053 | val_acc: 1.0000
CHECKPOINT SAVED (val_loss: 0.0053)
Epoch 49 | train_loss: 0.0052 | train_acc: 1.0000 | val_loss: 0.0050 | val_acc: 1.0000
CHECKPOINT SAVED (val_loss: 0.0050)
Epoch 50 | train_loss: 0.0044 | train_acc: 1.0000 | val_loss: 0.0048 | val_acc: 1.0000
CHECKPOINT SAVED (val_loss: 0.0048)
Accuracy: 0.3333 | F1 Macro: 0.1471 | MCC: -0.0160
              precision    recall  f1-score   support

           R       0.62      0.56      0.59         9
           G       0.00      0.00      0.00         5
           S       0.00      0.00      0.00         1
           T       0.00      0.00      0.00         0

    accuracy                           0.33        15
   macro avg       0.16      0.14      0.15        15
weighted avg       0.38      0.33      0.35        15

Results saved in D:\DESKTOP\TIROCINIO\malaria-detection-pipeline\results\tuning\ood_stages\Falciparum_Vivax\ViT-B\full

=== SORGENTE: Falciparum -> TARGET: Vivax | MODEL: ViT-B | MODE: lora ===
Training samples: 130 (Falciparum only, label=stage)
Val samples: 36
Test samples: 15 (Vivax only, label=stage)
Stage distribution training: R=106 G=10 S=11 T=3
Class 0: weights = 0.31
Class 1: weights = 3.25
Class 2: weights = 2.95
Class 3: weights = 10.83
Loading weights:   0%|          | 0/200 [00:00<?, ?it/s]Loading weights: 100%|##########| 200/200 [00:00<00:00, 8446.47it/s]
Model: ViT-B | Mode: lora
Total params: 86,687,236
Trainable params: 297,988 (0.34%)
Epoch 1 | train_loss: 1.3184 | train_acc: 0.3462 | val_loss: 1.2113 | val_acc: 0.8611
CHECKPOINT SAVED (val_loss: 1.2113)
Epoch 2 | train_loss: 1.1526 | train_acc: 0.8846 | val_loss: 1.1542 | val_acc: 0.6667
CHECKPOINT SAVED (val_loss: 1.1542)
Epoch 3 | train_loss: 1.0460 | train_acc: 0.8769 | val_loss: 1.0825 | val_acc: 0.6944
CHECKPOINT SAVED (val_loss: 1.0825)
Epoch 4 | train_loss: 1.0153 | train_acc: 0.9077 | val_loss: 1.0061 | val_acc: 0.8611
CHECKPOINT SAVED (val_loss: 1.0061)
Epoch 5 | train_loss: 0.8870 | train_acc: 0.9538 | val_loss: 0.9482 | val_acc: 0.9722
CHECKPOINT SAVED (val_loss: 0.9482)
Epoch 6 | train_loss: 0.8426 | train_acc: 0.9538 | val_loss: 0.8923 | val_acc: 0.9722
CHECKPOINT SAVED (val_loss: 0.8923)
Epoch 7 | train_loss: 0.7606 | train_acc: 0.9615 | val_loss: 0.8460 | val_acc: 0.9722
CHECKPOINT SAVED (val_loss: 0.8460)
Epoch 8 | train_loss: 0.6744 | train_acc: 0.9615 | val_loss: 0.8148 | val_acc: 0.9722
CHECKPOINT SAVED (val_loss: 0.8148)
Epoch 9 | train_loss: 0.6021 | train_acc: 0.9769 | val_loss: 0.7866 | val_acc: 0.9722
CHECKPOINT SAVED (val_loss: 0.7866)
Epoch 10 | train_loss: 0.6723 | train_acc: 0.9462 | val_loss: 0.7534 | val_acc: 0.9444
CHECKPOINT SAVED (val_loss: 0.7534)
Epoch 11 | train_loss: 0.6185 | train_acc: 0.9692 | val_loss: 0.7179 | val_acc: 0.9444
CHECKPOINT SAVED (val_loss: 0.7179)
Epoch 12 | train_loss: 0.4958 | train_acc: 0.9769 | val_loss: 0.6896 | val_acc: 0.9722
CHECKPOINT SAVED (val_loss: 0.6896)
Epoch 13 | train_loss: 0.5074 | train_acc: 0.9615 | val_loss: 0.6631 | val_acc: 0.9722
CHECKPOINT SAVED (val_loss: 0.6631)
Epoch 14 | train_loss: 0.4852 | train_acc: 0.9769 | val_loss: 0.6333 | val_acc: 0.9722
CHECKPOINT SAVED (val_loss: 0.6333)
Epoch 15 | train_loss: 0.4612 | train_acc: 0.9769 | val_loss: 0.6048 | val_acc: 0.9722
CHECKPOINT SAVED (val_loss: 0.6048)
Epoch 16 | train_loss: 0.4304 | train_acc: 0.9692 | val_loss: 0.5740 | val_acc: 0.9722
CHECKPOINT SAVED (val_loss: 0.5740)
Epoch 17 | train_loss: 0.3926 | train_acc: 1.0000 | val_loss: 0.5506 | val_acc: 0.9722
CHECKPOINT SAVED (val_loss: 0.5506)
Epoch 18 | train_loss: 0.4038 | train_acc: 0.9923 | val_loss: 0.5276 | val_acc: 0.9722
CHECKPOINT SAVED (val_loss: 0.5276)
Epoch 19 | train_loss: 0.3687 | train_acc: 0.9769 | val_loss: 0.5093 | val_acc: 0.9722
CHECKPOINT SAVED (val_loss: 0.5093)
Epoch 20 | train_loss: 0.3614 | train_acc: 0.9615 | val_loss: 0.4970 | val_acc: 0.9722
CHECKPOINT SAVED (val_loss: 0.4970)
Epoch 21 | train_loss: 0.3382 | train_acc: 0.9769 | val_loss: 0.4819 | val_acc: 0.9722
CHECKPOINT SAVED (val_loss: 0.4819)
Epoch 22 | train_loss: 0.3439 | train_acc: 0.9692 | val_loss: 0.4656 | val_acc: 1.0000
CHECKPOINT SAVED (val_loss: 0.4656)
Epoch 23 | train_loss: 0.3735 | train_acc: 0.9846 | val_loss: 0.4505 | val_acc: 1.0000
CHECKPOINT SAVED (val_loss: 0.4505)
Epoch 24 | train_loss: 0.3171 | train_acc: 0.9846 | val_loss: 0.4339 | val_acc: 1.0000
CHECKPOINT SAVED (val_loss: 0.4339)
Epoch 25 | train_loss: 0.3028 | train_acc: 0.9923 | val_loss: 0.4149 | val_acc: 1.0000
CHECKPOINT SAVED (val_loss: 0.4149)
Epoch 26 | train_loss: 0.2455 | train_acc: 0.9923 | val_loss: 0.3994 | val_acc: 1.0000
CHECKPOINT SAVED (val_loss: 0.3994)
Epoch 27 | train_loss: 0.2697 | train_acc: 0.9923 | val_loss: 0.3876 | val_acc: 1.0000
CHECKPOINT SAVED (val_loss: 0.3876)
Epoch 28 | train_loss: 0.2595 | train_acc: 0.9923 | val_loss: 0.3759 | val_acc: 1.0000
CHECKPOINT SAVED (val_loss: 0.3759)
Epoch 29 | train_loss: 0.2522 | train_acc: 1.0000 | val_loss: 0.3673 | val_acc: 0.9722
CHECKPOINT SAVED (val_loss: 0.3673)
Epoch 30 | train_loss: 0.2662 | train_acc: 0.9769 | val_loss: 0.3550 | val_acc: 0.9722
CHECKPOINT SAVED (val_loss: 0.3550)
Epoch 31 | train_loss: 0.2266 | train_acc: 0.9769 | val_loss: 0.3428 | val_acc: 0.9722
CHECKPOINT SAVED (val_loss: 0.3428)
Epoch 32 | train_loss: 0.3013 | train_acc: 0.9769 | val_loss: 0.3318 | val_acc: 0.9722
CHECKPOINT SAVED (val_loss: 0.3318)
Epoch 33 | train_loss: 0.2163 | train_acc: 0.9923 | val_loss: 0.3232 | val_acc: 0.9722
CHECKPOINT SAVED (val_loss: 0.3232)
Epoch 34 | train_loss: 0.2128 | train_acc: 0.9846 | val_loss: 0.3136 | val_acc: 0.9722
CHECKPOINT SAVED (val_loss: 0.3136)
Epoch 35 | train_loss: 0.3072 | train_acc: 0.9846 | val_loss: 0.3072 | val_acc: 0.9722
CHECKPOINT SAVED (val_loss: 0.3072)
Epoch 36 | train_loss: 0.2065 | train_acc: 0.9769 | val_loss: 0.2976 | val_acc: 0.9722
CHECKPOINT SAVED (val_loss: 0.2976)
Epoch 37 | train_loss: 0.2070 | train_acc: 0.9769 | val_loss: 0.2893 | val_acc: 0.9722
CHECKPOINT SAVED (val_loss: 0.2893)
Epoch 38 | train_loss: 0.1870 | train_acc: 0.9923 | val_loss: 0.2773 | val_acc: 0.9722
CHECKPOINT SAVED (val_loss: 0.2773)
Epoch 39 | train_loss: 0.2051 | train_acc: 0.9923 | val_loss: 0.2710 | val_acc: 0.9722
CHECKPOINT SAVED (val_loss: 0.2710)
Epoch 40 | train_loss: 0.1737 | train_acc: 0.9769 | val_loss: 0.2645 | val_acc: 1.0000
CHECKPOINT SAVED (val_loss: 0.2645)
Epoch 41 | train_loss: 0.2267 | train_acc: 0.9846 | val_loss: 0.2591 | val_acc: 1.0000
CHECKPOINT SAVED (val_loss: 0.2591)
Epoch 42 | train_loss: 0.1649 | train_acc: 1.0000 | val_loss: 0.2542 | val_acc: 0.9722
CHECKPOINT SAVED (val_loss: 0.2542)
Epoch 43 | train_loss: 0.1800 | train_acc: 0.9692 | val_loss: 0.2495 | val_acc: 0.9722
CHECKPOINT SAVED (val_loss: 0.2495)
Epoch 44 | train_loss: 0.1665 | train_acc: 0.9923 | val_loss: 0.2425 | val_acc: 1.0000
CHECKPOINT SAVED (val_loss: 0.2425)
Epoch 45 | train_loss: 0.1655 | train_acc: 0.9923 | val_loss: 0.2353 | val_acc: 1.0000
CHECKPOINT SAVED (val_loss: 0.2353)
Epoch 46 | train_loss: 0.1555 | train_acc: 0.9923 | val_loss: 0.2293 | val_acc: 1.0000
CHECKPOINT SAVED (val_loss: 0.2293)
Epoch 47 | train_loss: 0.1967 | train_acc: 0.9846 | val_loss: 0.2232 | val_acc: 1.0000
CHECKPOINT SAVED (val_loss: 0.2232)
Epoch 48 | train_loss: 0.1601 | train_acc: 0.9769 | val_loss: 0.2186 | val_acc: 1.0000
CHECKPOINT SAVED (val_loss: 0.2186)
Epoch 49 | train_loss: 0.1269 | train_acc: 0.9846 | val_loss: 0.2142 | val_acc: 1.0000
CHECKPOINT SAVED (val_loss: 0.2142)
Epoch 50 | train_loss: 0.1420 | train_acc: 0.9769 | val_loss: 0.2102 | val_acc: 1.0000
CHECKPOINT SAVED (val_loss: 0.2102)
Accuracy: 0.6000 | F1 Macro: 0.1875 | MCC: 0.0000
              precision    recall  f1-score   support

           R       0.60      1.00      0.75         9
           G       0.00      0.00      0.00         5
           S       0.00      0.00      0.00         1
           T       0.00      0.00      0.00         0

    accuracy                           0.60        15
   macro avg       0.15      0.25      0.19        15
weighted avg       0.36      0.60      0.45        15

Results saved in D:\DESKTOP\TIROCINIO\malaria-detection-pipeline\results\tuning\ood_stages\Falciparum_Vivax\ViT-B\lora

=== SORGENTE: Falciparum -> TARGET: Vivax | MODEL: RedDino | MODE: head_only ===
Training samples: 130 (Falciparum only, label=stage)
Val samples: 36
Test samples: 15 (Vivax only, label=stage)
Stage distribution training: R=106 G=10 S=11 T=3
Class 0: weights = 0.31
Class 1: weights = 3.25
Class 2: weights = 2.95
Class 3: weights = 10.83
Model: RedDino | Mode: head_only
Total params: 85,728,004
Trainable params: 3,076 (0.00%)
Epoch 1 | train_loss: 1.3956 | train_acc: 0.5923 | val_loss: 0.8419 | val_acc: 0.7222
CHECKPOINT SAVED (val_loss: 0.8419)
Epoch 2 | train_loss: 0.8504 | train_acc: 0.7231 | val_loss: 0.7473 | val_acc: 0.7778
CHECKPOINT SAVED (val_loss: 0.7473)
Epoch 3 | train_loss: 0.5800 | train_acc: 0.8231 | val_loss: 0.5527 | val_acc: 0.8056
CHECKPOINT SAVED (val_loss: 0.5527)
Epoch 4 | train_loss: 0.3957 | train_acc: 0.9077 | val_loss: 0.4379 | val_acc: 0.8889
CHECKPOINT SAVED (val_loss: 0.4379)
Epoch 5 | train_loss: 0.3747 | train_acc: 0.9538 | val_loss: 0.3999 | val_acc: 0.9722
CHECKPOINT SAVED (val_loss: 0.3999)
Epoch 6 | train_loss: 0.2872 | train_acc: 0.9769 | val_loss: 0.2829 | val_acc: 0.9444
CHECKPOINT SAVED (val_loss: 0.2829)
Epoch 7 | train_loss: 0.2566 | train_acc: 0.9538 | val_loss: 0.2561 | val_acc: 0.8611
CHECKPOINT SAVED (val_loss: 0.2561)
Epoch 8 | train_loss: 0.1961 | train_acc: 0.9538 | val_loss: 0.2234 | val_acc: 0.9722
CHECKPOINT SAVED (val_loss: 0.2234)
Epoch 9 | train_loss: 0.1745 | train_acc: 0.9769 | val_loss: 0.1940 | val_acc: 1.0000
CHECKPOINT SAVED (val_loss: 0.1940)
Epoch 10 | train_loss: 0.1331 | train_acc: 1.0000 | val_loss: 0.1631 | val_acc: 1.0000
CHECKPOINT SAVED (val_loss: 0.1631)
Epoch 11 | train_loss: 0.1520 | train_acc: 1.0000 | val_loss: 0.1475 | val_acc: 1.0000
CHECKPOINT SAVED (val_loss: 0.1475)
Epoch 12 | train_loss: 0.1119 | train_acc: 1.0000 | val_loss: 0.1380 | val_acc: 0.9722
CHECKPOINT SAVED (val_loss: 0.1380)
Epoch 13 | train_loss: 0.1306 | train_acc: 0.9846 | val_loss: 0.1230 | val_acc: 1.0000
CHECKPOINT SAVED (val_loss: 0.1230)
Epoch 14 | train_loss: 0.1041 | train_acc: 1.0000 | val_loss: 0.1142 | val_acc: 1.0000
CHECKPOINT SAVED (val_loss: 0.1142)
Epoch 15 | train_loss: 0.0989 | train_acc: 1.0000 | val_loss: 0.1052 | val_acc: 1.0000
CHECKPOINT SAVED (val_loss: 0.1052)
Epoch 16 | train_loss: 0.0929 | train_acc: 1.0000 | val_loss: 0.0940 | val_acc: 1.0000
CHECKPOINT SAVED (val_loss: 0.0940)
Epoch 17 | train_loss: 0.0661 | train_acc: 1.0000 | val_loss: 0.0861 | val_acc: 1.0000
CHECKPOINT SAVED (val_loss: 0.0861)
Epoch 18 | train_loss: 0.0682 | train_acc: 1.0000 | val_loss: 0.0829 | val_acc: 1.0000
CHECKPOINT SAVED (val_loss: 0.0829)
Epoch 19 | train_loss: 0.0702 | train_acc: 1.0000 | val_loss: 0.0801 | val_acc: 1.0000
CHECKPOINT SAVED (val_loss: 0.0801)
Epoch 20 | train_loss: 0.0572 | train_acc: 1.0000 | val_loss: 0.0763 | val_acc: 1.0000
CHECKPOINT SAVED (val_loss: 0.0763)
Epoch 21 | train_loss: 0.0584 | train_acc: 1.0000 | val_loss: 0.0715 | val_acc: 1.0000
CHECKPOINT SAVED (val_loss: 0.0715)
Epoch 22 | train_loss: 0.0612 | train_acc: 1.0000 | val_loss: 0.0663 | val_acc: 1.0000
CHECKPOINT SAVED (val_loss: 0.0663)
Epoch 23 | train_loss: 0.0507 | train_acc: 1.0000 | val_loss: 0.0628 | val_acc: 1.0000
CHECKPOINT SAVED (val_loss: 0.0628)
Epoch 24 | train_loss: 0.0541 | train_acc: 1.0000 | val_loss: 0.0591 | val_acc: 1.0000
CHECKPOINT SAVED (val_loss: 0.0591)
Epoch 25 | train_loss: 0.0462 | train_acc: 1.0000 | val_loss: 0.0562 | val_acc: 1.0000
CHECKPOINT SAVED (val_loss: 0.0562)
Epoch 26 | train_loss: 0.0457 | train_acc: 1.0000 | val_loss: 0.0563 | val_acc: 1.0000
Epoch 27 | train_loss: 0.0423 | train_acc: 1.0000 | val_loss: 0.0554 | val_acc: 1.0000
CHECKPOINT SAVED (val_loss: 0.0554)
Epoch 28 | train_loss: 0.0442 | train_acc: 1.0000 | val_loss: 0.0509 | val_acc: 1.0000
CHECKPOINT SAVED (val_loss: 0.0509)
Epoch 29 | train_loss: 0.0434 | train_acc: 1.0000 | val_loss: 0.0488 | val_acc: 1.0000
CHECKPOINT SAVED (val_loss: 0.0488)
Epoch 30 | train_loss: 0.0339 | train_acc: 1.0000 | val_loss: 0.0461 | val_acc: 1.0000
CHECKPOINT SAVED (val_loss: 0.0461)
Epoch 31 | train_loss: 0.0405 | train_acc: 1.0000 | val_loss: 0.0441 | val_acc: 1.0000
CHECKPOINT SAVED (val_loss: 0.0441)
Epoch 32 | train_loss: 0.0421 | train_acc: 1.0000 | val_loss: 0.0421 | val_acc: 1.0000
CHECKPOINT SAVED (val_loss: 0.0421)
Epoch 33 | train_loss: 0.0365 | train_acc: 1.0000 | val_loss: 0.0402 | val_acc: 1.0000
CHECKPOINT SAVED (val_loss: 0.0402)
Epoch 34 | train_loss: 0.0390 | train_acc: 1.0000 | val_loss: 0.0388 | val_acc: 1.0000
CHECKPOINT SAVED (val_loss: 0.0388)
Epoch 35 | train_loss: 0.0328 | train_acc: 1.0000 | val_loss: 0.0376 | val_acc: 1.0000
CHECKPOINT SAVED (val_loss: 0.0376)
Epoch 36 | train_loss: 0.0310 | train_acc: 1.0000 | val_loss: 0.0373 | val_acc: 1.0000
CHECKPOINT SAVED (val_loss: 0.0373)
Epoch 37 | train_loss: 0.0323 | train_acc: 1.0000 | val_loss: 0.0352 | val_acc: 1.0000
CHECKPOINT SAVED (val_loss: 0.0352)
Epoch 38 | train_loss: 0.0301 | train_acc: 1.0000 | val_loss: 0.0343 | val_acc: 1.0000
CHECKPOINT SAVED (val_loss: 0.0343)
Epoch 39 | train_loss: 0.0350 | train_acc: 1.0000 | val_loss: 0.0333 | val_acc: 1.0000
CHECKPOINT SAVED (val_loss: 0.0333)
Epoch 40 | train_loss: 0.0300 | train_acc: 1.0000 | val_loss: 0.0316 | val_acc: 1.0000
CHECKPOINT SAVED (val_loss: 0.0316)
Epoch 41 | train_loss: 0.0291 | train_acc: 1.0000 | val_loss: 0.0312 | val_acc: 1.0000
CHECKPOINT SAVED (val_loss: 0.0312)
Epoch 42 | train_loss: 0.0227 | train_acc: 1.0000 | val_loss: 0.0297 | val_acc: 1.0000
CHECKPOINT SAVED (val_loss: 0.0297)
Epoch 43 | train_loss: 0.0309 | train_acc: 1.0000 | val_loss: 0.0285 | val_acc: 1.0000
CHECKPOINT SAVED (val_loss: 0.0285)
Epoch 44 | train_loss: 0.0204 | train_acc: 1.0000 | val_loss: 0.0271 | val_acc: 1.0000
CHECKPOINT SAVED (val_loss: 0.0271)
Epoch 45 | train_loss: 0.0231 | train_acc: 1.0000 | val_loss: 0.0260 | val_acc: 1.0000
CHECKPOINT SAVED (val_loss: 0.0260)
Epoch 46 | train_loss: 0.0302 | train_acc: 1.0000 | val_loss: 0.0251 | val_acc: 1.0000
CHECKPOINT SAVED (val_loss: 0.0251)
Epoch 47 | train_loss: 0.0256 | train_acc: 1.0000 | val_loss: 0.0242 | val_acc: 1.0000
CHECKPOINT SAVED (val_loss: 0.0242)
Epoch 48 | train_loss: 0.0238 | train_acc: 1.0000 | val_loss: 0.0234 | val_acc: 1.0000
CHECKPOINT SAVED (val_loss: 0.0234)
Epoch 49 | train_loss: 0.0236 | train_acc: 1.0000 | val_loss: 0.0222 | val_acc: 1.0000
CHECKPOINT SAVED (val_loss: 0.0222)
Epoch 50 | train_loss: 0.0207 | train_acc: 1.0000 | val_loss: 0.0214 | val_acc: 1.0000
CHECKPOINT SAVED (val_loss: 0.0214)
Accuracy: 0.4667 | F1 Macro: 0.2556 | MCC: 0.3555
              precision    recall  f1-score   support

           R       1.00      0.67      0.80         9
           G       0.00      0.00      0.00         5
           S       0.12      1.00      0.22         1
           T       0.00      0.00      0.00         0

    accuracy                           0.47        15
   macro avg       0.28      0.42      0.26        15
weighted avg       0.61      0.47      0.49        15

Results saved in D:\DESKTOP\TIROCINIO\malaria-detection-pipeline\results\tuning\ood_stages\Falciparum_Vivax\RedDino\head_only

=== SORGENTE: Falciparum -> TARGET: Vivax | MODEL: RedDino | MODE: full ===
Training samples: 130 (Falciparum only, label=stage)
Val samples: 36
Test samples: 15 (Vivax only, label=stage)
Stage distribution training: R=106 G=10 S=11 T=3
Class 0: weights = 0.31
Class 1: weights = 3.25
Class 2: weights = 2.95
Class 3: weights = 10.83
Model: RedDino | Mode: full
Total params: 85,728,004
Trainable params: 85,728,004 (100.00%)
Epoch 1 | train_loss: 1.3867 | train_acc: 0.7462 | val_loss: 0.5870 | val_acc: 0.3611
CHECKPOINT SAVED (val_loss: 0.5870)
Epoch 2 | train_loss: 0.3475 | train_acc: 0.6769 | val_loss: 0.3479 | val_acc: 0.9722
CHECKPOINT SAVED (val_loss: 0.3479)
Epoch 3 | train_loss: 0.3471 | train_acc: 0.9538 | val_loss: 0.2151 | val_acc: 0.8056
CHECKPOINT SAVED (val_loss: 0.2151)
Epoch 4 | train_loss: 0.0910 | train_acc: 0.9692 | val_loss: 0.0582 | val_acc: 0.9722
CHECKPOINT SAVED (val_loss: 0.0582)
Epoch 5 | train_loss: 0.0612 | train_acc: 0.9923 | val_loss: 0.0110 | val_acc: 1.0000
CHECKPOINT SAVED (val_loss: 0.0110)
Epoch 6 | train_loss: 0.0101 | train_acc: 1.0000 | val_loss: 0.0154 | val_acc: 1.0000
Epoch 7 | train_loss: 0.0077 | train_acc: 1.0000 | val_loss: 0.0079 | val_acc: 1.0000
CHECKPOINT SAVED (val_loss: 0.0079)
Epoch 8 | train_loss: 0.0048 | train_acc: 1.0000 | val_loss: 0.0021 | val_acc: 1.0000
CHECKPOINT SAVED (val_loss: 0.0021)
Epoch 9 | train_loss: 0.0010 | train_acc: 1.0000 | val_loss: 0.0007 | val_acc: 1.0000
CHECKPOINT SAVED (val_loss: 0.0007)
Epoch 10 | train_loss: 0.0006 | train_acc: 1.0000 | val_loss: 0.0004 | val_acc: 1.0000
CHECKPOINT SAVED (val_loss: 0.0004)
Epoch 11 | train_loss: 0.0007 | train_acc: 1.0000 | val_loss: 0.0003 | val_acc: 1.0000
CHECKPOINT SAVED (val_loss: 0.0003)
Epoch 12 | train_loss: 0.0004 | train_acc: 1.0000 | val_loss: 0.0002 | val_acc: 1.0000
CHECKPOINT SAVED (val_loss: 0.0002)
Epoch 13 | train_loss: 0.0022 | train_acc: 1.0000 | val_loss: 0.0002 | val_acc: 1.0000
CHECKPOINT SAVED (val_loss: 0.0002)
Epoch 14 | train_loss: 0.0003 | train_acc: 1.0000 | val_loss: 0.0002 | val_acc: 1.0000
Epoch 15 | train_loss: 0.0002 | train_acc: 1.0000 | val_loss: 0.0003 | val_acc: 1.0000
Epoch 16 | train_loss: 0.0003 | train_acc: 1.0000 | val_loss: 0.0003 | val_acc: 1.0000
Epoch 17 | train_loss: 0.0002 | train_acc: 1.0000 | val_loss: 0.0003 | val_acc: 1.0000
Epoch 18 | train_loss: 0.0002 | train_acc: 1.0000 | val_loss: 0.0002 | val_acc: 1.0000
Epoch 19 | train_loss: 0.0002 | train_acc: 1.0000 | val_loss: 0.0002 | val_acc: 1.0000
Epoch 20 | train_loss: 0.0002 | train_acc: 1.0000 | val_loss: 0.0002 | val_acc: 1.0000
CHECKPOINT SAVED (val_loss: 0.0002)
Epoch 21 | train_loss: 0.0002 | train_acc: 1.0000 | val_loss: 0.0002 | val_acc: 1.0000
CHECKPOINT SAVED (val_loss: 0.0002)
Epoch 22 | train_loss: 0.0001 | train_acc: 1.0000 | val_loss: 0.0002 | val_acc: 1.0000
CHECKPOINT SAVED (val_loss: 0.0002)
Epoch 23 | train_loss: 0.0002 | train_acc: 1.0000 | val_loss: 0.0002 | val_acc: 1.0000
CHECKPOINT SAVED (val_loss: 0.0002)
Epoch 24 | train_loss: 0.0002 | train_acc: 1.0000 | val_loss: 0.0002 | val_acc: 1.0000
CHECKPOINT SAVED (val_loss: 0.0002)
Epoch 25 | train_loss: 0.0002 | train_acc: 1.0000 | val_loss: 0.0002 | val_acc: 1.0000
CHECKPOINT SAVED (val_loss: 0.0002)
Epoch 26 | train_loss: 0.0002 | train_acc: 1.0000 | val_loss: 0.0001 | val_acc: 1.0000
CHECKPOINT SAVED (val_loss: 0.0001)
Epoch 27 | train_loss: 0.0001 | train_acc: 1.0000 | val_loss: 0.0001 | val_acc: 1.0000
CHECKPOINT SAVED (val_loss: 0.0001)
Epoch 28 | train_loss: 0.0001 | train_acc: 1.0000 | val_loss: 0.0001 | val_acc: 1.0000
CHECKPOINT SAVED (val_loss: 0.0001)
Epoch 29 | train_loss: 0.0001 | train_acc: 1.0000 | val_loss: 0.0001 | val_acc: 1.0000
CHECKPOINT SAVED (val_loss: 0.0001)
Epoch 30 | train_loss: 0.0001 | train_acc: 1.0000 | val_loss: 0.0001 | val_acc: 1.0000
CHECKPOINT SAVED (val_loss: 0.0001)
Epoch 31 | train_loss: 0.0001 | train_acc: 1.0000 | val_loss: 0.0001 | val_acc: 1.0000
CHECKPOINT SAVED (val_loss: 0.0001)
WARNING: 10 epochs with no progress, stopping
TRAINING STOPPED AT EPOCH 31
Accuracy: 0.7333 | F1 Macro: 0.4651 | MCC: 0.5787
              precision    recall  f1-score   support

           R       0.89      0.89      0.89         9
           G       1.00      0.40      0.57         5
           S       0.25      1.00      0.40         1
           T       0.00      0.00      0.00         0

    accuracy                           0.73        15
   macro avg       0.53      0.57      0.47        15
weighted avg       0.88      0.73      0.75        15

Results saved in D:\DESKTOP\TIROCINIO\malaria-detection-pipeline\results\tuning\ood_stages\Falciparum_Vivax\RedDino\full

=== SORGENTE: Falciparum -> TARGET: Vivax | MODEL: RedDino | MODE: lora ===
Training samples: 130 (Falciparum only, label=stage)
Val samples: 36
Test samples: 15 (Vivax only, label=stage)
Stage distribution training: R=106 G=10 S=11 T=3
Class 0: weights = 0.31
Class 1: weights = 3.25
Class 2: weights = 2.95
Class 3: weights = 10.83
Model: RedDino | Mode: lora
Total params: 86,022,916
Trainable params: 297,988 (0.35%)
Epoch 1 | train_loss: 1.3096 | train_acc: 0.3231 | val_loss: 1.2304 | val_acc: 0.6667
CHECKPOINT SAVED (val_loss: 1.2304)
Epoch 2 | train_loss: 0.8784 | train_acc: 0.9077 | val_loss: 0.5845 | val_acc: 0.9722
CHECKPOINT SAVED (val_loss: 0.5845)
Epoch 3 | train_loss: 0.5181 | train_acc: 0.9308 | val_loss: 0.4671 | val_acc: 0.9444
CHECKPOINT SAVED (val_loss: 0.4671)
Epoch 4 | train_loss: 0.3658 | train_acc: 0.9462 | val_loss: 0.3839 | val_acc: 0.9722
CHECKPOINT SAVED (val_loss: 0.3839)
Epoch 5 | train_loss: 0.2873 | train_acc: 0.9923 | val_loss: 0.3773 | val_acc: 0.9722
CHECKPOINT SAVED (val_loss: 0.3773)
Epoch 6 | train_loss: 0.2481 | train_acc: 0.9846 | val_loss: 0.2986 | val_acc: 0.9722
CHECKPOINT SAVED (val_loss: 0.2986)
Epoch 7 | train_loss: 0.2104 | train_acc: 0.9769 | val_loss: 0.2403 | val_acc: 0.9444
CHECKPOINT SAVED (val_loss: 0.2403)
Epoch 8 | train_loss: 0.1803 | train_acc: 0.9846 | val_loss: 0.1923 | val_acc: 1.0000
CHECKPOINT SAVED (val_loss: 0.1923)
Epoch 9 | train_loss: 0.1543 | train_acc: 0.9923 | val_loss: 0.1667 | val_acc: 1.0000
CHECKPOINT SAVED (val_loss: 0.1667)
Epoch 10 | train_loss: 0.1279 | train_acc: 1.0000 | val_loss: 0.1517 | val_acc: 1.0000
CHECKPOINT SAVED (val_loss: 0.1517)
Epoch 11 | train_loss: 0.1126 | train_acc: 1.0000 | val_loss: 0.1388 | val_acc: 1.0000
CHECKPOINT SAVED (val_loss: 0.1388)
Epoch 12 | train_loss: 0.1046 | train_acc: 0.9923 | val_loss: 0.1368 | val_acc: 1.0000
CHECKPOINT SAVED (val_loss: 0.1368)
Epoch 13 | train_loss: 0.0992 | train_acc: 1.0000 | val_loss: 0.1212 | val_acc: 1.0000
CHECKPOINT SAVED (val_loss: 0.1212)
Epoch 14 | train_loss: 0.0883 | train_acc: 1.0000 | val_loss: 0.1102 | val_acc: 0.9722
CHECKPOINT SAVED (val_loss: 0.1102)
Epoch 15 | train_loss: 0.0761 | train_acc: 1.0000 | val_loss: 0.0969 | val_acc: 1.0000
CHECKPOINT SAVED (val_loss: 0.0969)
Epoch 16 | train_loss: 0.0784 | train_acc: 1.0000 | val_loss: 0.0925 | val_acc: 1.0000
CHECKPOINT SAVED (val_loss: 0.0925)
Epoch 17 | train_loss: 0.0720 | train_acc: 1.0000 | val_loss: 0.0858 | val_acc: 1.0000
CHECKPOINT SAVED (val_loss: 0.0858)
Epoch 18 | train_loss: 0.0650 | train_acc: 0.9923 | val_loss: 0.0810 | val_acc: 1.0000
CHECKPOINT SAVED (val_loss: 0.0810)
Epoch 19 | train_loss: 0.0593 | train_acc: 1.0000 | val_loss: 0.0739 | val_acc: 1.0000
CHECKPOINT SAVED (val_loss: 0.0739)
Epoch 20 | train_loss: 0.0503 | train_acc: 1.0000 | val_loss: 0.0723 | val_acc: 1.0000
CHECKPOINT SAVED (val_loss: 0.0723)
Epoch 21 | train_loss: 0.0557 | train_acc: 1.0000 | val_loss: 0.0682 | val_acc: 1.0000
CHECKPOINT SAVED (val_loss: 0.0682)
Epoch 22 | train_loss: 0.0428 | train_acc: 1.0000 | val_loss: 0.0656 | val_acc: 1.0000
CHECKPOINT SAVED (val_loss: 0.0656)
Epoch 23 | train_loss: 0.0499 | train_acc: 1.0000 | val_loss: 0.0610 | val_acc: 1.0000
CHECKPOINT SAVED (val_loss: 0.0610)
Epoch 24 | train_loss: 0.0548 | train_acc: 1.0000 | val_loss: 0.0572 | val_acc: 1.0000
CHECKPOINT SAVED (val_loss: 0.0572)
Epoch 25 | train_loss: 0.0442 | train_acc: 1.0000 | val_loss: 0.0542 | val_acc: 1.0000
CHECKPOINT SAVED (val_loss: 0.0542)
Epoch 26 | train_loss: 0.0350 | train_acc: 1.0000 | val_loss: 0.0505 | val_acc: 1.0000
CHECKPOINT SAVED (val_loss: 0.0505)
Epoch 27 | train_loss: 0.0273 | train_acc: 1.0000 | val_loss: 0.0520 | val_acc: 1.0000
Epoch 28 | train_loss: 0.0437 | train_acc: 1.0000 | val_loss: 0.0474 | val_acc: 1.0000
CHECKPOINT SAVED (val_loss: 0.0474)
Epoch 29 | train_loss: 0.0349 | train_acc: 1.0000 | val_loss: 0.0433 | val_acc: 1.0000
CHECKPOINT SAVED (val_loss: 0.0433)
Epoch 30 | train_loss: 0.0329 | train_acc: 1.0000 | val_loss: 0.0447 | val_acc: 0.9722
Epoch 31 | train_loss: 0.0309 | train_acc: 1.0000 | val_loss: 0.0409 | val_acc: 1.0000
CHECKPOINT SAVED (val_loss: 0.0409)
Epoch 32 | train_loss: 0.0280 | train_acc: 1.0000 | val_loss: 0.0380 | val_acc: 1.0000
CHECKPOINT SAVED (val_loss: 0.0380)
Epoch 33 | train_loss: 0.0286 | train_acc: 1.0000 | val_loss: 0.0365 | val_acc: 1.0000
CHECKPOINT SAVED (val_loss: 0.0365)
Epoch 34 | train_loss: 0.0280 | train_acc: 1.0000 | val_loss: 0.0353 | val_acc: 1.0000
CHECKPOINT SAVED (val_loss: 0.0353)
Epoch 35 | train_loss: 0.0250 | train_acc: 1.0000 | val_loss: 0.0339 | val_acc: 1.0000
CHECKPOINT SAVED (val_loss: 0.0339)
Epoch 36 | train_loss: 0.0254 | train_acc: 1.0000 | val_loss: 0.0323 | val_acc: 1.0000
CHECKPOINT SAVED (val_loss: 0.0323)
Epoch 37 | train_loss: 0.0257 | train_acc: 1.0000 | val_loss: 0.0309 | val_acc: 1.0000
CHECKPOINT SAVED (val_loss: 0.0309)
Epoch 38 | train_loss: 0.0241 | train_acc: 1.0000 | val_loss: 0.0299 | val_acc: 1.0000
CHECKPOINT SAVED (val_loss: 0.0299)
Epoch 39 | train_loss: 0.0252 | train_acc: 1.0000 | val_loss: 0.0291 | val_acc: 1.0000
CHECKPOINT SAVED (val_loss: 0.0291)
Epoch 40 | train_loss: 0.0192 | train_acc: 1.0000 | val_loss: 0.0284 | val_acc: 1.0000
CHECKPOINT SAVED (val_loss: 0.0284)
Epoch 41 | train_loss: 0.0221 | train_acc: 1.0000 | val_loss: 0.0279 | val_acc: 1.0000
CHECKPOINT SAVED (val_loss: 0.0279)

Totale run pianificate: 45
Struttura output: D:\DESKTOP\TIROCINIO\malaria-detection-pipeline\results\tuning\ood_stages/{sorgente}_{target}/{model}/{mode}/
Contenuto per run: metrics.json, classification_report.txt, confusion_matrix.png, history.json, best_model.pt, temp_train.csv, temp_val.csv, temp_test.csv

SKIP — ResNet50 | head_only | Falciparum -> Vivax già completato
SKIP — ResNet50 | full | Falciparum -> Vivax già completato
SKIP — ConvNeXt | head_only | Falciparum -> Vivax già completato
SKIP — ConvNeXt | full | Falciparum -> Vivax già completato
SKIP — Swin-T | head_only | Falciparum -> Vivax già completato
SKIP — Swin-T | full | Falciparum -> Vivax già completato
SKIP — Swin-T | lora | Falciparum -> Vivax già completato
SKIP — ViT-B | head_only | Falciparum -> Vivax già completato
SKIP — ViT-B | full | Falciparum -> Vivax già completato
SKIP — ViT-B | lora | Falciparum -> Vivax già completato
SKIP — RedDino | head_only | Falciparum -> Vivax già completato
SKIP — RedDino | full | Falciparum -> Vivax già completato
SKIP — RedDino | lora | Falciparum -> Vivax già completato
SKIP — DinoBloom | head_only | Falciparum -> Vivax già completato

=== SORGENTE: Falciparum -> TARGET: Vivax | MODEL: DinoBloom | MODE: lora ===
Training samples: 130 (Falciparum only, label=stage)
Val samples: 36
Test samples: 15 (Vivax only, label=stage)
Stage distribution training: R=106 G=10 S=11 T=3
Class 0: weights = 0.31
Class 1: weights = 3.25
Class 2: weights = 2.95
Class 3: weights = 10.83
Warning: You are sending unauthenticated requests to the HF Hub. Please set a HF_TOKEN to enable higher rate limits and faster downloads.
Model: DinoBloom | Mode: lora
Total params: 86,877,700
Trainable params: 297,988 (0.34%)
Epoch 1 | train_loss: 1.0944 | train_acc: 0.5923 | val_loss: 0.4871 | val_acc: 0.9722
CHECKPOINT SAVED (val_loss: 0.4871)
Epoch 2 | train_loss: 0.4326 | train_acc: 0.9769 | val_loss: 0.2626 | val_acc: 0.9722
CHECKPOINT SAVED (val_loss: 0.2626)
Epoch 3 | train_loss: 0.2172 | train_acc: 0.9769 | val_loss: 0.2183 | val_acc: 0.9444
CHECKPOINT SAVED (val_loss: 0.2183)
Epoch 4 | train_loss: 0.1329 | train_acc: 0.9846 | val_loss: 0.1588 | val_acc: 0.9167
CHECKPOINT SAVED (val_loss: 0.1588)
Epoch 5 | train_loss: 0.1006 | train_acc: 0.9846 | val_loss: 0.0848 | val_acc: 0.9722
CHECKPOINT SAVED (val_loss: 0.0848)
Epoch 6 | train_loss: 0.0674 | train_acc: 0.9923 | val_loss: 0.0667 | val_acc: 1.0000
CHECKPOINT SAVED (val_loss: 0.0667)
Epoch 7 | train_loss: 0.0529 | train_acc: 1.0000 | val_loss: 0.0593 | val_acc: 1.0000
CHECKPOINT SAVED (val_loss: 0.0593)
Epoch 8 | train_loss: 0.0448 | train_acc: 1.0000 | val_loss: 0.0571 | val_acc: 1.0000
CHECKPOINT SAVED (val_loss: 0.0571)
Epoch 9 | train_loss: 0.0413 | train_acc: 1.0000 | val_loss: 0.0528 | val_acc: 1.0000
CHECKPOINT SAVED (val_loss: 0.0528)
Epoch 10 | train_loss: 0.0273 | train_acc: 0.9923 | val_loss: 0.0467 | val_acc: 1.0000
CHECKPOINT SAVED (val_loss: 0.0467)
Epoch 11 | train_loss: 0.0255 | train_acc: 1.0000 | val_loss: 0.0405 | val_acc: 1.0000
CHECKPOINT SAVED (val_loss: 0.0405)
Epoch 12 | train_loss: 0.0232 | train_acc: 1.0000 | val_loss: 0.0364 | val_acc: 1.0000
CHECKPOINT SAVED (val_loss: 0.0364)
Epoch 13 | train_loss: 0.0192 | train_acc: 1.0000 | val_loss: 0.0319 | val_acc: 1.0000
CHECKPOINT SAVED (val_loss: 0.0319)
Epoch 14 | train_loss: 0.0183 | train_acc: 1.0000 | val_loss: 0.0275 | val_acc: 1.0000
CHECKPOINT SAVED (val_loss: 0.0275)
Epoch 15 | train_loss: 0.0188 | train_acc: 1.0000 | val_loss: 0.0253 | val_acc: 1.0000
CHECKPOINT SAVED (val_loss: 0.0253)
Epoch 16 | train_loss: 0.0166 | train_acc: 1.0000 | val_loss: 0.0226 | val_acc: 1.0000
CHECKPOINT SAVED (val_loss: 0.0226)
Epoch 17 | train_loss: 0.0147 | train_acc: 1.0000 | val_loss: 0.0218 | val_acc: 1.0000
CHECKPOINT SAVED (val_loss: 0.0218)
Epoch 18 | train_loss: 0.0120 | train_acc: 1.0000 | val_loss: 0.0198 | val_acc: 1.0000
CHECKPOINT SAVED (val_loss: 0.0198)
Epoch 19 | train_loss: 0.0145 | train_acc: 1.0000 | val_loss: 0.0180 | val_acc: 1.0000
CHECKPOINT SAVED (val_loss: 0.0180)
Epoch 20 | train_loss: 0.0150 | train_acc: 1.0000 | val_loss: 0.0185 | val_acc: 1.0000
Epoch 21 | train_loss: 0.0127 | train_acc: 1.0000 | val_loss: 0.0199 | val_acc: 1.0000
Epoch 22 | train_loss: 0.0123 | train_acc: 1.0000 | val_loss: 0.0176 | val_acc: 1.0000
CHECKPOINT SAVED (val_loss: 0.0176)
Epoch 23 | train_loss: 0.0117 | train_acc: 1.0000 | val_loss: 0.0150 | val_acc: 1.0000
CHECKPOINT SAVED (val_loss: 0.0150)
Epoch 24 | train_loss: 0.0092 | train_acc: 1.0000 | val_loss: 0.0130 | val_acc: 1.0000
CHECKPOINT SAVED (val_loss: 0.0130)
Epoch 25 | train_loss: 0.0122 | train_acc: 1.0000 | val_loss: 0.0119 | val_acc: 1.0000
CHECKPOINT SAVED (val_loss: 0.0119)
Epoch 26 | train_loss: 0.0125 | train_acc: 1.0000 | val_loss: 0.0122 | val_acc: 1.0000
Epoch 27 | train_loss: 0.0075 | train_acc: 1.0000 | val_loss: 0.0118 | val_acc: 1.0000
CHECKPOINT SAVED (val_loss: 0.0118)
Epoch 28 | train_loss: 0.0094 | train_acc: 1.0000 | val_loss: 0.0114 | val_acc: 1.0000
CHECKPOINT SAVED (val_loss: 0.0114)
Epoch 29 | train_loss: 0.0069 | train_acc: 1.0000 | val_loss: 0.0105 | val_acc: 1.0000
CHECKPOINT SAVED (val_loss: 0.0105)
Epoch 30 | train_loss: 0.0076 | train_acc: 1.0000 | val_loss: 0.0093 | val_acc: 1.0000
CHECKPOINT SAVED (val_loss: 0.0093)
Epoch 31 | train_loss: 0.0081 | train_acc: 1.0000 | val_loss: 0.0089 | val_acc: 1.0000
CHECKPOINT SAVED (val_loss: 0.0089)
Epoch 32 | train_loss: 0.0088 | train_acc: 1.0000 | val_loss: 0.0088 | val_acc: 1.0000
CHECKPOINT SAVED (val_loss: 0.0088)
Epoch 33 | train_loss: 0.0066 | train_acc: 1.0000 | val_loss: 0.0090 | val_acc: 1.0000
Epoch 34 | train_loss: 0.0082 | train_acc: 1.0000 | val_loss: 0.0089 | val_acc: 1.0000
Epoch 35 | train_loss: 0.0082 | train_acc: 1.0000 | val_loss: 0.0091 | val_acc: 1.0000
Epoch 36 | train_loss: 0.0050 | train_acc: 1.0000 | val_loss: 0.0096 | val_acc: 1.0000
Epoch 37 | train_loss: 0.0071 | train_acc: 1.0000 | val_loss: 0.0091 | val_acc: 1.0000
Epoch 38 | train_loss: 0.0054 | train_acc: 1.0000 | val_loss: 0.0078 | val_acc: 1.0000
CHECKPOINT SAVED (val_loss: 0.0078)
Epoch 39 | train_loss: 0.0063 | train_acc: 1.0000 | val_loss: 0.0075 | val_acc: 1.0000
CHECKPOINT SAVED (val_loss: 0.0075)
Epoch 40 | train_loss: 0.0055 | train_acc: 1.0000 | val_loss: 0.0070 | val_acc: 1.0000
CHECKPOINT SAVED (val_loss: 0.0070)
Epoch 41 | train_loss: 0.0064 | train_acc: 1.0000 | val_loss: 0.0067 | val_acc: 1.0000
CHECKPOINT SAVED (val_loss: 0.0067)
Epoch 42 | train_loss: 0.0044 | train_acc: 1.0000 | val_loss: 0.0062 | val_acc: 1.0000
CHECKPOINT SAVED (val_loss: 0.0062)
Epoch 43 | train_loss: 0.0054 | train_acc: 1.0000 | val_loss: 0.0057 | val_acc: 1.0000
CHECKPOINT SAVED (val_loss: 0.0057)
Epoch 44 | train_loss: 0.0064 | train_acc: 1.0000 | val_loss: 0.0058 | val_acc: 1.0000
Epoch 45 | train_loss: 0.0058 | train_acc: 1.0000 | val_loss: 0.0068 | val_acc: 1.0000
Epoch 46 | train_loss: 0.0045 | train_acc: 1.0000 | val_loss: 0.0071 | val_acc: 1.0000
Epoch 47 | train_loss: 0.0041 | train_acc: 1.0000 | val_loss: 0.0066 | val_acc: 1.0000
Epoch 48 | train_loss: 0.0042 | train_acc: 1.0000 | val_loss: 0.0058 | val_acc: 1.0000
Epoch 49 | train_loss: 0.0043 | train_acc: 1.0000 | val_loss: 0.0051 | val_acc: 1.0000
CHECKPOINT SAVED (val_loss: 0.0051)
Epoch 50 | train_loss: 0.0058 | train_acc: 1.0000 | val_loss: 0.0051 | val_acc: 1.0000
CHECKPOINT SAVED (val_loss: 0.0051)
Accuracy: 0.5333 | F1 Macro: 0.3389 | MCC: 0.4382
              precision    recall  f1-score   support

           R       1.00      0.67      0.80         9
           G       1.00      0.20      0.33         5
           S       0.12      1.00      0.22         1
           T       0.00      0.00      0.00         0

    accuracy                           0.53        15
   macro avg       0.53      0.47      0.34        15
weighted avg       0.94      0.53      0.61        15

Results saved in D:\DESKTOP\TIROCINIO\malaria-detection-pipeline\results\tuning\ood_stages\Falciparum_Vivax\DinoBloom\lora

=== SORGENTE: Falciparum -> TARGET: Ovale | MODEL: ResNet50 | MODE: head_only ===
Training samples: 130 (Falciparum only, label=stage)
Val samples: 36
Test samples: 10 (Ovale only, label=stage)
Stage distribution training: R=106 G=10 S=11 T=3
Class 0: weights = 0.31
Class 1: weights = 3.25
Class 2: weights = 2.95
Class 3: weights = 10.83
Model: ResNet50 | Mode: head_only
Total params: 23,516,228
Trainable params: 8,196 (0.03%)
Epoch 1 | train_loss: 1.3573 | train_acc: 0.3923 | val_loss: 1.2078 | val_acc: 0.8333
CHECKPOINT SAVED (val_loss: 1.2078)
Epoch 2 | train_loss: 1.0734 | train_acc: 0.9154 | val_loss: 0.8947 | val_acc: 0.9444
CHECKPOINT SAVED (val_loss: 0.8947)
Epoch 3 | train_loss: 0.8573 | train_acc: 0.9615 | val_loss: 0.7084 | val_acc: 0.9722
CHECKPOINT SAVED (val_loss: 0.7084)
Epoch 4 | train_loss: 0.6745 | train_acc: 0.9769 | val_loss: 0.6001 | val_acc: 0.9722
CHECKPOINT SAVED (val_loss: 0.6001)
Epoch 5 | train_loss: 0.5425 | train_acc: 0.9769 | val_loss: 0.5265 | val_acc: 0.9722
CHECKPOINT SAVED (val_loss: 0.5265)
Epoch 6 | train_loss: 0.4841 | train_acc: 0.9769 | val_loss: 0.4532 | val_acc: 0.9722
CHECKPOINT SAVED (val_loss: 0.4532)
Epoch 7 | train_loss: 0.4132 | train_acc: 0.9846 | val_loss: 0.3958 | val_acc: 0.9444
CHECKPOINT SAVED (val_loss: 0.3958)
Epoch 8 | train_loss: 0.3389 | train_acc: 0.9692 | val_loss: 0.3550 | val_acc: 0.9444
CHECKPOINT SAVED (val_loss: 0.3550)
Epoch 9 | train_loss: 0.3213 | train_acc: 0.9462 | val_loss: 0.3303 | val_acc: 0.9167
CHECKPOINT SAVED (val_loss: 0.3303)
Epoch 10 | train_loss: 0.2904 | train_acc: 0.9692 | val_loss: 0.3136 | val_acc: 0.9167
CHECKPOINT SAVED (val_loss: 0.3136)
Epoch 11 | train_loss: 0.2524 | train_acc: 0.9538 | val_loss: 0.2979 | val_acc: 0.9167
CHECKPOINT SAVED (val_loss: 0.2979)
Epoch 12 | train_loss: 0.2331 | train_acc: 0.9538 | val_loss: 0.2818 | val_acc: 0.9444
CHECKPOINT SAVED (val_loss: 0.2818)
Epoch 13 | train_loss: 0.2172 | train_acc: 0.9923 | val_loss: 0.2721 | val_acc: 0.9722
CHECKPOINT SAVED (val_loss: 0.2721)
Epoch 14 | train_loss: 0.2218 | train_acc: 1.0000 | val_loss: 0.2653 | val_acc: 0.9722
CHECKPOINT SAVED (val_loss: 0.2653)
Epoch 15 | train_loss: 0.2022 | train_acc: 1.0000 | val_loss: 0.2535 | val_acc: 0.9722
CHECKPOINT SAVED (val_loss: 0.2535)
Epoch 16 | train_loss: 0.1851 | train_acc: 1.0000 | val_loss: 0.2410 | val_acc: 1.0000
CHECKPOINT SAVED (val_loss: 0.2410)
Epoch 17 | train_loss: 0.1729 | train_acc: 0.9615 | val_loss: 0.2301 | val_acc: 0.9444
CHECKPOINT SAVED (val_loss: 0.2301)
Epoch 18 | train_loss: 0.1781 | train_acc: 0.9846 | val_loss: 0.2223 | val_acc: 0.9444
CHECKPOINT SAVED (val_loss: 0.2223)
Epoch 19 | train_loss: 0.1733 | train_acc: 0.9846 | val_loss: 0.2132 | val_acc: 0.9444
CHECKPOINT SAVED (val_loss: 0.2132)
Epoch 20 | train_loss: 0.1516 | train_acc: 0.9769 | val_loss: 0.2041 | val_acc: 0.9444
CHECKPOINT SAVED (val_loss: 0.2041)
Epoch 21 | train_loss: 0.1513 | train_acc: 0.9615 | val_loss: 0.1960 | val_acc: 0.9444
CHECKPOINT SAVED (val_loss: 0.1960)
Epoch 22 | train_loss: 0.1530 | train_acc: 0.9462 | val_loss: 0.1907 | val_acc: 0.8889
CHECKPOINT SAVED (val_loss: 0.1907)
Epoch 23 | train_loss: 0.1399 | train_acc: 0.9308 | val_loss: 0.1838 | val_acc: 0.8611
CHECKPOINT SAVED (val_loss: 0.1838)
Epoch 24 | train_loss: 0.1270 | train_acc: 0.9385 | val_loss: 0.1743 | val_acc: 0.9167
CHECKPOINT SAVED (val_loss: 0.1743)
Epoch 25 | train_loss: 0.1360 | train_acc: 0.9385 | val_loss: 0.1637 | val_acc: 0.9444
CHECKPOINT SAVED (val_loss: 0.1637)
Epoch 26 | train_loss: 0.1207 | train_acc: 0.9692 | val_loss: 0.1559 | val_acc: 1.0000
CHECKPOINT SAVED (val_loss: 0.1559)
Epoch 27 | train_loss: 0.1167 | train_acc: 1.0000 | val_loss: 0.1536 | val_acc: 1.0000
CHECKPOINT SAVED (val_loss: 0.1536)
Epoch 28 | train_loss: 0.1139 | train_acc: 0.9923 | val_loss: 0.1478 | val_acc: 1.0000
CHECKPOINT SAVED (val_loss: 0.1478)
Epoch 29 | train_loss: 0.1075 | train_acc: 1.0000 | val_loss: 0.1429 | val_acc: 1.0000
CHECKPOINT SAVED (val_loss: 0.1429)
Epoch 30 | train_loss: 0.1023 | train_acc: 0.9923 | val_loss: 0.1384 | val_acc: 1.0000
CHECKPOINT SAVED (val_loss: 0.1384)
Epoch 31 | train_loss: 0.0962 | train_acc: 0.9923 | val_loss: 0.1353 | val_acc: 1.0000
CHECKPOINT SAVED (val_loss: 0.1353)
Epoch 32 | train_loss: 0.0940 | train_acc: 0.9846 | val_loss: 0.1312 | val_acc: 1.0000
CHECKPOINT SAVED (val_loss: 0.1312)
Epoch 33 | train_loss: 0.1028 | train_acc: 0.9846 | val_loss: 0.1275 | val_acc: 1.0000
CHECKPOINT SAVED (val_loss: 0.1275)
Epoch 34 | train_loss: 0.0924 | train_acc: 0.9846 | val_loss: 0.1237 | val_acc: 1.0000
CHECKPOINT SAVED (val_loss: 0.1237)
Epoch 35 | train_loss: 0.0832 | train_acc: 0.9846 | val_loss: 0.1199 | val_acc: 1.0000
CHECKPOINT SAVED (val_loss: 0.1199)
Epoch 36 | train_loss: 0.0932 | train_acc: 0.9846 | val_loss: 0.1175 | val_acc: 1.0000
CHECKPOINT SAVED (val_loss: 0.1175)
Epoch 37 | train_loss: 0.0825 | train_acc: 1.0000 | val_loss: 0.1150 | val_acc: 1.0000
CHECKPOINT SAVED (val_loss: 0.1150)
Epoch 38 | train_loss: 0.0776 | train_acc: 1.0000 | val_loss: 0.1123 | val_acc: 1.0000
CHECKPOINT SAVED (val_loss: 0.1123)
Epoch 39 | train_loss: 0.0758 | train_acc: 0.9846 | val_loss: 0.1099 | val_acc: 1.0000
CHECKPOINT SAVED (val_loss: 0.1099)
Epoch 40 | train_loss: 0.0834 | train_acc: 0.9923 | val_loss: 0.1077 | val_acc: 1.0000
CHECKPOINT SAVED (val_loss: 0.1077)
Epoch 41 | train_loss: 0.0900 | train_acc: 1.0000 | val_loss: 0.1052 | val_acc: 1.0000
CHECKPOINT SAVED (val_loss: 0.1052)
Epoch 42 | train_loss: 0.0812 | train_acc: 0.9846 | val_loss: 0.1007 | val_acc: 1.0000
CHECKPOINT SAVED (val_loss: 0.1007)
Epoch 43 | train_loss: 0.0838 | train_acc: 0.9846 | val_loss: 0.0955 | val_acc: 1.0000
CHECKPOINT SAVED (val_loss: 0.0955)
Epoch 44 | train_loss: 0.0681 | train_acc: 0.9923 | val_loss: 0.0906 | val_acc: 1.0000
CHECKPOINT SAVED (val_loss: 0.0906)
Epoch 45 | train_loss: 0.0802 | train_acc: 0.9923 | val_loss: 0.0857 | val_acc: 1.0000
CHECKPOINT SAVED (val_loss: 0.0857)
Epoch 46 | train_loss: 0.0896 | train_acc: 1.0000 | val_loss: 0.0812 | val_acc: 1.0000
CHECKPOINT SAVED (val_loss: 0.0812)
Epoch 47 | train_loss: 0.0748 | train_acc: 0.9923 | val_loss: 0.0772 | val_acc: 1.0000
CHECKPOINT SAVED (val_loss: 0.0772)
Epoch 48 | train_loss: 0.0661 | train_acc: 0.9846 | val_loss: 0.0734 | val_acc: 1.0000
CHECKPOINT SAVED (val_loss: 0.0734)
Epoch 49 | train_loss: 0.0674 | train_acc: 0.9923 | val_loss: 0.0705 | val_acc: 1.0000
CHECKPOINT SAVED (val_loss: 0.0705)
Epoch 50 | train_loss: 0.0552 | train_acc: 1.0000 | val_loss: 0.0674 | val_acc: 1.0000
CHECKPOINT SAVED (val_loss: 0.0674)
Accuracy: 0.7000 | F1 Macro: 0.2188 | MCC: 0.2546
              precision    recall  f1-score   support

           R       0.78      1.00      0.88         7
           G       0.00      0.00      0.00         3
           S       0.00      0.00      0.00         0
           T       0.00      0.00      0.00         0

    accuracy                           0.70        10
   macro avg       0.19      0.25      0.22        10
weighted avg       0.54      0.70      0.61        10

Results saved in D:\DESKTOP\TIROCINIO\malaria-detection-pipeline\results\tuning\ood_stages\Falciparum_Ovale\ResNet50\head_only

=== SORGENTE: Falciparum -> TARGET: Ovale | MODEL: ResNet50 | MODE: full ===
Training samples: 130 (Falciparum only, label=stage)
Val samples: 36
Test samples: 10 (Ovale only, label=stage)
Stage distribution training: R=106 G=10 S=11 T=3
Class 0: weights = 0.31
Class 1: weights = 3.25
Class 2: weights = 2.95
Class 3: weights = 10.83
Model: ResNet50 | Mode: full
Total params: 23,516,228
Trainable params: 23,516,228 (100.00%)
Epoch 1 | train_loss: 1.3168 | train_acc: 0.6846 | val_loss: 1.2811 | val_acc: 0.6944
CHECKPOINT SAVED (val_loss: 1.2811)
Epoch 2 | train_loss: 1.1245 | train_acc: 0.8769 | val_loss: 1.2115 | val_acc: 0.8056
CHECKPOINT SAVED (val_loss: 1.2115)
Epoch 3 | train_loss: 1.0144 | train_acc: 0.9154 | val_loss: 1.1124 | val_acc: 0.8611
CHECKPOINT SAVED (val_loss: 1.1124)
Epoch 4 | train_loss: 0.8769 | train_acc: 0.9462 | val_loss: 0.9298 | val_acc: 0.9722
CHECKPOINT SAVED (val_loss: 0.9298)
Epoch 5 | train_loss: 0.7365 | train_acc: 0.9769 | val_loss: 0.7859 | val_acc: 0.9722
CHECKPOINT SAVED (val_loss: 0.7859)
Epoch 6 | train_loss: 0.6861 | train_acc: 0.9615 | val_loss: 0.6663 | val_acc: 0.9722
CHECKPOINT SAVED (val_loss: 0.6663)
Epoch 7 | train_loss: 0.5980 | train_acc: 0.9308 | val_loss: 0.5492 | val_acc: 0.9444
CHECKPOINT SAVED (val_loss: 0.5492)
Epoch 8 | train_loss: 0.4760 | train_acc: 0.9385 | val_loss: 0.4537 | val_acc: 1.0000
CHECKPOINT SAVED (val_loss: 0.4537)
Epoch 9 | train_loss: 0.4824 | train_acc: 0.9615 | val_loss: 0.3538 | val_acc: 1.0000
CHECKPOINT SAVED (val_loss: 0.3538)
Epoch 10 | train_loss: 0.3904 | train_acc: 0.9692 | val_loss: 0.3217 | val_acc: 0.9722
CHECKPOINT SAVED (val_loss: 0.3217)
Epoch 11 | train_loss: 0.3036 | train_acc: 0.9615 | val_loss: 0.3061 | val_acc: 1.0000
CHECKPOINT SAVED (val_loss: 0.3061)
Epoch 12 | train_loss: 0.3024 | train_acc: 0.9692 | val_loss: 0.2712 | val_acc: 1.0000
CHECKPOINT SAVED (val_loss: 0.2712)
Epoch 13 | train_loss: 0.2599 | train_acc: 0.9538 | val_loss: 0.2657 | val_acc: 0.9722
CHECKPOINT SAVED (val_loss: 0.2657)
Epoch 14 | train_loss: 0.2224 | train_acc: 0.9769 | val_loss: 0.2180 | val_acc: 1.0000
CHECKPOINT SAVED (val_loss: 0.2180)
Epoch 15 | train_loss: 0.2501 | train_acc: 0.9692 | val_loss: 0.1886 | val_acc: 0.9722
CHECKPOINT SAVED (val_loss: 0.1886)
Epoch 16 | train_loss: 0.2292 | train_acc: 0.9538 | val_loss: 0.1780 | val_acc: 0.9722
CHECKPOINT SAVED (val_loss: 0.1780)
Epoch 17 | train_loss: 0.1694 | train_acc: 0.9308 | val_loss: 0.1560 | val_acc: 0.9722
CHECKPOINT SAVED (val_loss: 0.1560)
Epoch 18 | train_loss: 0.1600 | train_acc: 0.9769 | val_loss: 0.1161 | val_acc: 1.0000
CHECKPOINT SAVED (val_loss: 0.1161)
Epoch 19 | train_loss: 0.1497 | train_acc: 0.9846 | val_loss: 0.1123 | val_acc: 1.0000
CHECKPOINT SAVED (val_loss: 0.1123)
Epoch 20 | train_loss: 0.1273 | train_acc: 0.9923 | val_loss: 0.1088 | val_acc: 1.0000
CHECKPOINT SAVED (val_loss: 0.1088)
Epoch 21 | train_loss: 0.0920 | train_acc: 1.0000 | val_loss: 0.0972 | val_acc: 1.0000
CHECKPOINT SAVED (val_loss: 0.0972)
Epoch 22 | train_loss: 0.0758 | train_acc: 0.9923 | val_loss: 0.1355 | val_acc: 1.0000
Epoch 23 | train_loss: 0.0731 | train_acc: 0.9923 | val_loss: 0.0859 | val_acc: 1.0000
CHECKPOINT SAVED (val_loss: 0.0859)
Epoch 24 | train_loss: 0.1279 | train_acc: 0.9846 | val_loss: 0.0763 | val_acc: 1.0000
CHECKPOINT SAVED (val_loss: 0.0763)
Epoch 25 | train_loss: 0.0638 | train_acc: 0.9846 | val_loss: 0.0625 | val_acc: 1.0000
CHECKPOINT SAVED (val_loss: 0.0625)
Epoch 26 | train_loss: 0.0697 | train_acc: 0.9923 | val_loss: 0.0544 | val_acc: 1.0000
CHECKPOINT SAVED (val_loss: 0.0544)
Epoch 27 | train_loss: 0.0918 | train_acc: 0.9846 | val_loss: 0.0606 | val_acc: 1.0000
Epoch 28 | train_loss: 0.1011 | train_acc: 0.9769 | val_loss: 0.0466 | val_acc: 1.0000
CHECKPOINT SAVED (val_loss: 0.0466)
Epoch 29 | train_loss: 0.0706 | train_acc: 0.9923 | val_loss: 0.0463 | val_acc: 1.0000
CHECKPOINT SAVED (val_loss: 0.0463)
Epoch 30 | train_loss: 0.0776 | train_acc: 0.9769 | val_loss: 0.0372 | val_acc: 1.0000
CHECKPOINT SAVED (val_loss: 0.0372)
Epoch 31 | train_loss: 0.0606 | train_acc: 0.9846 | val_loss: 0.0478 | val_acc: 1.0000
Epoch 32 | train_loss: 0.0501 | train_acc: 0.9923 | val_loss: 0.0426 | val_acc: 0.9722
Epoch 33 | train_loss: 0.0745 | train_acc: 0.9923 | val_loss: 0.0420 | val_acc: 1.0000
Epoch 34 | train_loss: 0.0511 | train_acc: 0.9923 | val_loss: 0.0531 | val_acc: 1.0000
Epoch 35 | train_loss: 0.1560 | train_acc: 0.9692 | val_loss: 0.0330 | val_acc: 1.0000
CHECKPOINT SAVED (val_loss: 0.0330)
Epoch 36 | train_loss: 0.0358 | train_acc: 0.9923 | val_loss: 0.0339 | val_acc: 1.0000
Epoch 37 | train_loss: 0.0298 | train_acc: 1.0000 | val_loss: 0.0371 | val_acc: 1.0000
Epoch 38 | train_loss: 0.0590 | train_acc: 0.9846 | val_loss: 0.0218 | val_acc: 1.0000
CHECKPOINT SAVED (val_loss: 0.0218)
Epoch 39 | train_loss: 0.0403 | train_acc: 0.9923 | val_loss: 0.0230 | val_acc: 1.0000
Epoch 40 | train_loss: 0.0575 | train_acc: 0.9923 | val_loss: 0.0351 | val_acc: 1.0000
Epoch 41 | train_loss: 0.0418 | train_acc: 0.9923 | val_loss: 0.0342 | val_acc: 1.0000
Epoch 42 | train_loss: 0.0447 | train_acc: 1.0000 | val_loss: 0.0219 | val_acc: 1.0000
Epoch 43 | train_loss: 0.0153 | train_acc: 1.0000 | val_loss: 0.0146 | val_acc: 1.0000
CHECKPOINT SAVED (val_loss: 0.0146)
Epoch 44 | train_loss: 0.0506 | train_acc: 0.9846 | val_loss: 0.0183 | val_acc: 1.0000
Epoch 45 | train_loss: 0.0370 | train_acc: 1.0000 | val_loss: 0.0161 | val_acc: 1.0000
Epoch 46 | train_loss: 0.0302 | train_acc: 0.9923 | val_loss: 0.0195 | val_acc: 1.0000
Epoch 47 | train_loss: 0.0297 | train_acc: 0.9923 | val_loss: 0.0149 | val_acc: 1.0000
Epoch 48 | train_loss: 0.0334 | train_acc: 1.0000 | val_loss: 0.0136 | val_acc: 1.0000
CHECKPOINT SAVED (val_loss: 0.0136)
Epoch 49 | train_loss: 0.0536 | train_acc: 0.9846 | val_loss: 0.0155 | val_acc: 1.0000
Epoch 50 | train_loss: 0.0263 | train_acc: 0.9846 | val_loss: 0.0106 | val_acc: 1.0000
CHECKPOINT SAVED (val_loss: 0.0106)
Accuracy: 0.7000 | F1 Macro: 0.2059 | MCC: 0.0000
              precision    recall  f1-score   support

           R       0.70      1.00      0.82         7
           G       0.00      0.00      0.00         3
           S       0.00      0.00      0.00         0
           T       0.00      0.00      0.00         0

    accuracy                           0.70        10
   macro avg       0.17      0.25      0.21        10
weighted avg       0.49      0.70      0.58        10

Results saved in D:\DESKTOP\TIROCINIO\malaria-detection-pipeline\results\tuning\ood_stages\Falciparum_Ovale\ResNet50\full

=== SORGENTE: Falciparum -> TARGET: Ovale | MODEL: ConvNeXt | MODE: head_only ===
Training samples: 130 (Falciparum only, label=stage)
Val samples: 36
Test samples: 10 (Ovale only, label=stage)
Stage distribution training: R=106 G=10 S=11 T=3
Class 0: weights = 0.31
Class 1: weights = 3.25
Class 2: weights = 2.95
Class 3: weights = 10.83
Model: ConvNeXt | Mode: head_only
Total params: 27,823,204
Trainable params: 3,076 (0.01%)
Epoch 1 | train_loss: 1.4492 | train_acc: 0.3615 | val_loss: 1.1505 | val_acc: 0.8056
CHECKPOINT SAVED (val_loss: 1.1505)
Epoch 2 | train_loss: 1.1471 | train_acc: 0.8846 | val_loss: 0.9543 | val_acc: 0.8333
CHECKPOINT SAVED (val_loss: 0.9543)
Epoch 3 | train_loss: 0.9614 | train_acc: 0.9077 | val_loss: 0.8356 | val_acc: 0.8333
CHECKPOINT SAVED (val_loss: 0.8356)
Epoch 4 | train_loss: 0.6904 | train_acc: 0.9308 | val_loss: 0.7599 | val_acc: 0.4722
CHECKPOINT SAVED (val_loss: 0.7599)
Epoch 5 | train_loss: 0.6419 | train_acc: 0.7231 | val_loss: 0.6256 | val_acc: 0.5556
CHECKPOINT SAVED (val_loss: 0.6256)
Epoch 6 | train_loss: 0.5199 | train_acc: 0.8385 | val_loss: 0.5149 | val_acc: 0.7778
CHECKPOINT SAVED (val_loss: 0.5149)
Epoch 7 | train_loss: 0.4192 | train_acc: 0.9615 | val_loss: 0.4302 | val_acc: 0.9444
CHECKPOINT SAVED (val_loss: 0.4302)
Epoch 8 | train_loss: 0.3562 | train_acc: 0.9769 | val_loss: 0.3964 | val_acc: 0.9722
CHECKPOINT SAVED (val_loss: 0.3964)
Epoch 9 | train_loss: 0.3826 | train_acc: 0.9769 | val_loss: 0.3632 | val_acc: 0.9444
CHECKPOINT SAVED (val_loss: 0.3632)
Epoch 10 | train_loss: 0.3391 | train_acc: 0.9692 | val_loss: 0.3463 | val_acc: 0.8611
CHECKPOINT SAVED (val_loss: 0.3463)
Epoch 11 | train_loss: 0.3320 | train_acc: 0.8846 | val_loss: 0.3408 | val_acc: 0.7778
CHECKPOINT SAVED (val_loss: 0.3408)
Epoch 12 | train_loss: 0.2642 | train_acc: 0.8923 | val_loss: 0.3033 | val_acc: 0.8333
CHECKPOINT SAVED (val_loss: 0.3033)
Epoch 13 | train_loss: 0.2789 | train_acc: 0.9308 | val_loss: 0.2719 | val_acc: 0.9167
CHECKPOINT SAVED (val_loss: 0.2719)
Epoch 14 | train_loss: 0.2368 | train_acc: 0.9615 | val_loss: 0.2548 | val_acc: 0.9167
CHECKPOINT SAVED (val_loss: 0.2548)
Epoch 15 | train_loss: 0.2445 | train_acc: 0.9538 | val_loss: 0.2399 | val_acc: 0.9722
CHECKPOINT SAVED (val_loss: 0.2399)
Epoch 16 | train_loss: 0.2146 | train_acc: 0.9692 | val_loss: 0.2290 | val_acc: 0.9722
CHECKPOINT SAVED (val_loss: 0.2290)
Epoch 17 | train_loss: 0.2106 | train_acc: 0.9846 | val_loss: 0.2205 | val_acc: 0.9722
CHECKPOINT SAVED (val_loss: 0.2205)
Epoch 18 | train_loss: 0.1869 | train_acc: 0.9769 | val_loss: 0.2091 | val_acc: 0.9722
CHECKPOINT SAVED (val_loss: 0.2091)
Epoch 19 | train_loss: 0.1961 | train_acc: 0.9692 | val_loss: 0.1973 | val_acc: 0.9722
CHECKPOINT SAVED (val_loss: 0.1973)
Epoch 20 | train_loss: 0.2023 | train_acc: 0.9769 | val_loss: 0.1872 | val_acc: 0.9722
CHECKPOINT SAVED (val_loss: 0.1872)
Epoch 21 | train_loss: 0.1774 | train_acc: 0.9692 | val_loss: 0.1791 | val_acc: 0.9722
CHECKPOINT SAVED (val_loss: 0.1791)
Epoch 22 | train_loss: 0.1439 | train_acc: 0.9385 | val_loss: 0.1682 | val_acc: 0.9722
CHECKPOINT SAVED (val_loss: 0.1682)
Epoch 23 | train_loss: 0.1364 | train_acc: 0.9846 | val_loss: 0.1592 | val_acc: 0.9722
CHECKPOINT SAVED (val_loss: 0.1592)
Epoch 24 | train_loss: 0.1307 | train_acc: 0.9923 | val_loss: 0.1539 | val_acc: 0.9722
CHECKPOINT SAVED (val_loss: 0.1539)
Epoch 25 | train_loss: 0.1412 | train_acc: 0.9846 | val_loss: 0.1483 | val_acc: 0.9722
CHECKPOINT SAVED (val_loss: 0.1483)
Epoch 26 | train_loss: 0.1411 | train_acc: 0.9769 | val_loss: 0.1483 | val_acc: 0.9722
Epoch 27 | train_loss: 0.1212 | train_acc: 0.9769 | val_loss: 0.1442 | val_acc: 0.9722
CHECKPOINT SAVED (val_loss: 0.1442)
Epoch 28 | train_loss: 0.1252 | train_acc: 0.9846 | val_loss: 0.1379 | val_acc: 0.9722
CHECKPOINT SAVED (val_loss: 0.1379)
Epoch 29 | train_loss: 0.1089 | train_acc: 0.9846 | val_loss: 0.1329 | val_acc: 0.9722
CHECKPOINT SAVED (val_loss: 0.1329)
Epoch 30 | train_loss: 0.1236 | train_acc: 0.9846 | val_loss: 0.1306 | val_acc: 0.9722
CHECKPOINT SAVED (val_loss: 0.1306)
Epoch 31 | train_loss: 0.1018 | train_acc: 0.9923 | val_loss: 0.1270 | val_acc: 0.9722
CHECKPOINT SAVED (val_loss: 0.1270)
Epoch 32 | train_loss: 0.1079 | train_acc: 0.9923 | val_loss: 0.1219 | val_acc: 0.9722
CHECKPOINT SAVED (val_loss: 0.1219)
Epoch 33 | train_loss: 0.1104 | train_acc: 0.9923 | val_loss: 0.1173 | val_acc: 0.9722
CHECKPOINT SAVED (val_loss: 0.1173)
Epoch 34 | train_loss: 0.0915 | train_acc: 0.9846 | val_loss: 0.1146 | val_acc: 0.9722
CHECKPOINT SAVED (val_loss: 0.1146)
Epoch 35 | train_loss: 0.0949 | train_acc: 0.9846 | val_loss: 0.1126 | val_acc: 0.9722
CHECKPOINT SAVED (val_loss: 0.1126)
Epoch 36 | train_loss: 0.0993 | train_acc: 0.9846 | val_loss: 0.1099 | val_acc: 0.9722
CHECKPOINT SAVED (val_loss: 0.1099)
Epoch 37 | train_loss: 0.0927 | train_acc: 0.9769 | val_loss: 0.1075 | val_acc: 0.9722
CHECKPOINT SAVED (val_loss: 0.1075)
Epoch 38 | train_loss: 0.0687 | train_acc: 1.0000 | val_loss: 0.1062 | val_acc: 0.9722
CHECKPOINT SAVED (val_loss: 0.1062)
Epoch 39 | train_loss: 0.0815 | train_acc: 0.9923 | val_loss: 0.1054 | val_acc: 0.9722
CHECKPOINT SAVED (val_loss: 0.1054)
Epoch 40 | train_loss: 0.0761 | train_acc: 0.9923 | val_loss: 0.1038 | val_acc: 0.9722
CHECKPOINT SAVED (val_loss: 0.1038)
Epoch 41 | train_loss: 0.0986 | train_acc: 0.9923 | val_loss: 0.1019 | val_acc: 0.9722
CHECKPOINT SAVED (val_loss: 0.1019)
Epoch 42 | train_loss: 0.0824 | train_acc: 0.9923 | val_loss: 0.0970 | val_acc: 0.9722
CHECKPOINT SAVED (val_loss: 0.0970)
Epoch 43 | train_loss: 0.0680 | train_acc: 0.9923 | val_loss: 0.0930 | val_acc: 0.9722
CHECKPOINT SAVED (val_loss: 0.0930)
Epoch 44 | train_loss: 0.0972 | train_acc: 0.9846 | val_loss: 0.0897 | val_acc: 0.9722
CHECKPOINT SAVED (val_loss: 0.0897)
Epoch 45 | train_loss: 0.0760 | train_acc: 0.9923 | val_loss: 0.0874 | val_acc: 0.9722
CHECKPOINT SAVED (val_loss: 0.0874)
Epoch 46 | train_loss: 0.0759 | train_acc: 0.9923 | val_loss: 0.0867 | val_acc: 0.9722
CHECKPOINT SAVED (val_loss: 0.0867)
Epoch 47 | train_loss: 0.0804 | train_acc: 0.9923 | val_loss: 0.0849 | val_acc: 0.9722
CHECKPOINT SAVED (val_loss: 0.0849)
Epoch 48 | train_loss: 0.0692 | train_acc: 0.9923 | val_loss: 0.0833 | val_acc: 0.9722
CHECKPOINT SAVED (val_loss: 0.0833)
Epoch 49 | train_loss: 0.0830 | train_acc: 0.9923 | val_loss: 0.0799 | val_acc: 0.9722
CHECKPOINT SAVED (val_loss: 0.0799)
Epoch 50 | train_loss: 0.0758 | train_acc: 0.9923 | val_loss: 0.0768 | val_acc: 0.9722
CHECKPOINT SAVED (val_loss: 0.0768)
Accuracy: 0.4000 | F1 Macro: 0.1667 | MCC: 0.0980
              precision    recall  f1-score   support

           R       0.80      0.57      0.67         7
           G       0.00      0.00      0.00         3
           S       0.00      0.00      0.00         0
           T       0.00      0.00      0.00         0

    accuracy                           0.40        10
   macro avg       0.20      0.14      0.17        10
weighted avg       0.56      0.40      0.47        10

Results saved in D:\DESKTOP\TIROCINIO\malaria-detection-pipeline\results\tuning\ood_stages\Falciparum_Ovale\ConvNeXt\head_only

=== SORGENTE: Falciparum -> TARGET: Ovale | MODEL: ConvNeXt | MODE: full ===
Training samples: 130 (Falciparum only, label=stage)
Val samples: 36
Test samples: 10 (Ovale only, label=stage)
Stage distribution training: R=106 G=10 S=11 T=3
Class 0: weights = 0.31
Class 1: weights = 3.25
Class 2: weights = 2.95
Class 3: weights = 10.83
Model: ConvNeXt | Mode: full
Total params: 27,823,204
Trainable params: 27,823,204 (100.00%)
Epoch 1 | train_loss: 1.2490 | train_acc: 0.4000 | val_loss: 0.8418 | val_acc: 0.8889
CHECKPOINT SAVED (val_loss: 0.8418)
Epoch 2 | train_loss: 0.9690 | train_acc: 0.8231 | val_loss: 0.6500 | val_acc: 0.5833
CHECKPOINT SAVED (val_loss: 0.6500)
Epoch 3 | train_loss: 0.6977 | train_acc: 0.8769 | val_loss: 0.4318 | val_acc: 0.9722
CHECKPOINT SAVED (val_loss: 0.4318)
Epoch 4 | train_loss: 0.4420 | train_acc: 0.9769 | val_loss: 0.3359 | val_acc: 1.0000
CHECKPOINT SAVED (val_loss: 0.3359)
Epoch 5 | train_loss: 0.3943 | train_acc: 0.9692 | val_loss: 0.2832 | val_acc: 0.8333
CHECKPOINT SAVED (val_loss: 0.2832)
Epoch 6 | train_loss: 0.2696 | train_acc: 0.9308 | val_loss: 0.2504 | val_acc: 0.6389
CHECKPOINT SAVED (val_loss: 0.2504)
Epoch 7 | train_loss: 0.2374 | train_acc: 0.9077 | val_loss: 0.1971 | val_acc: 0.8333
CHECKPOINT SAVED (val_loss: 0.1971)
Epoch 8 | train_loss: 0.1591 | train_acc: 0.9846 | val_loss: 0.1396 | val_acc: 1.0000
CHECKPOINT SAVED (val_loss: 0.1396)
Epoch 9 | train_loss: 0.2113 | train_acc: 0.9769 | val_loss: 0.1251 | val_acc: 1.0000
CHECKPOINT SAVED (val_loss: 0.1251)
Epoch 10 | train_loss: 0.1264 | train_acc: 0.9923 | val_loss: 0.1070 | val_acc: 1.0000
CHECKPOINT SAVED (val_loss: 0.1070)
Epoch 11 | train_loss: 0.1227 | train_acc: 1.0000 | val_loss: 0.0873 | val_acc: 1.0000
CHECKPOINT SAVED (val_loss: 0.0873)
Epoch 12 | train_loss: 0.1035 | train_acc: 0.9923 | val_loss: 0.0730 | val_acc: 1.0000
CHECKPOINT SAVED (val_loss: 0.0730)
Epoch 13 | train_loss: 0.0609 | train_acc: 0.9923 | val_loss: 0.0518 | val_acc: 1.0000
CHECKPOINT SAVED (val_loss: 0.0518)
Epoch 14 | train_loss: 0.0765 | train_acc: 1.0000 | val_loss: 0.0392 | val_acc: 1.0000
CHECKPOINT SAVED (val_loss: 0.0392)
Epoch 15 | train_loss: 0.0977 | train_acc: 0.9923 | val_loss: 0.0338 | val_acc: 1.0000
CHECKPOINT SAVED (val_loss: 0.0338)
Epoch 16 | train_loss: 0.0679 | train_acc: 0.9923 | val_loss: 0.0314 | val_acc: 1.0000
CHECKPOINT SAVED (val_loss: 0.0314)
Epoch 17 | train_loss: 0.0318 | train_acc: 1.0000 | val_loss: 0.0256 | val_acc: 1.0000
CHECKPOINT SAVED (val_loss: 0.0256)
Epoch 18 | train_loss: 0.0654 | train_acc: 0.9923 | val_loss: 0.0280 | val_acc: 1.0000
Epoch 19 | train_loss: 0.0285 | train_acc: 1.0000 | val_loss: 0.0247 | val_acc: 1.0000
CHECKPOINT SAVED (val_loss: 0.0247)
Epoch 20 | train_loss: 0.0288 | train_acc: 0.9923 | val_loss: 0.0161 | val_acc: 1.0000
CHECKPOINT SAVED (val_loss: 0.0161)
Epoch 21 | train_loss: 0.0222 | train_acc: 1.0000 | val_loss: 0.0116 | val_acc: 1.0000
CHECKPOINT SAVED (val_loss: 0.0116)
Epoch 22 | train_loss: 0.0658 | train_acc: 0.9923 | val_loss: 0.0157 | val_acc: 1.0000
Epoch 23 | train_loss: 0.0194 | train_acc: 1.0000 | val_loss: 0.0163 | val_acc: 1.0000
Epoch 24 | train_loss: 0.0205 | train_acc: 1.0000 | val_loss: 0.0126 | val_acc: 1.0000
Epoch 25 | train_loss: 0.0211 | train_acc: 1.0000 | val_loss: 0.0094 | val_acc: 1.0000
CHECKPOINT SAVED (val_loss: 0.0094)
Epoch 26 | train_loss: 0.0214 | train_acc: 0.9923 | val_loss: 0.0076 | val_acc: 1.0000
CHECKPOINT SAVED (val_loss: 0.0076)
Epoch 27 | train_loss: 0.0114 | train_acc: 1.0000 | val_loss: 0.0063 | val_acc: 1.0000
CHECKPOINT SAVED (val_loss: 0.0063)
Epoch 28 | train_loss: 0.0106 | train_acc: 1.0000 | val_loss: 0.0051 | val_acc: 1.0000
CHECKPOINT SAVED (val_loss: 0.0051)
Epoch 29 | train_loss: 0.0123 | train_acc: 1.0000 | val_loss: 0.0044 | val_acc: 1.0000
CHECKPOINT SAVED (val_loss: 0.0044)
Epoch 30 | train_loss: 0.0097 | train_acc: 1.0000 | val_loss: 0.0036 | val_acc: 1.0000
CHECKPOINT SAVED (val_loss: 0.0036)
Epoch 31 | train_loss: 0.0309 | train_acc: 1.0000 | val_loss: 0.0039 | val_acc: 1.0000
Epoch 32 | train_loss: 0.0147 | train_acc: 1.0000 | val_loss: 0.0046 | val_acc: 1.0000
Epoch 33 | train_loss: 0.0075 | train_acc: 1.0000 | val_loss: 0.0044 | val_acc: 1.0000
Epoch 34 | train_loss: 0.0123 | train_acc: 1.0000 | val_loss: 0.0038 | val_acc: 1.0000
Epoch 35 | train_loss: 0.0064 | train_acc: 1.0000 | val_loss: 0.0033 | val_acc: 1.0000
CHECKPOINT SAVED (val_loss: 0.0033)
Epoch 36 | train_loss: 0.0085 | train_acc: 1.0000 | val_loss: 0.0027 | val_acc: 1.0000
CHECKPOINT SAVED (val_loss: 0.0027)
Epoch 37 | train_loss: 0.0105 | train_acc: 1.0000 | val_loss: 0.0026 | val_acc: 1.0000
CHECKPOINT SAVED (val_loss: 0.0026)
Epoch 38 | train_loss: 0.0084 | train_acc: 1.0000 | val_loss: 0.0026 | val_acc: 1.0000
CHECKPOINT SAVED (val_loss: 0.0026)
Epoch 39 | train_loss: 0.0052 | train_acc: 1.0000 | val_loss: 0.0024 | val_acc: 1.0000
CHECKPOINT SAVED (val_loss: 0.0024)
Epoch 40 | train_loss: 0.0179 | train_acc: 1.0000 | val_loss: 0.0030 | val_acc: 1.0000
Epoch 41 | train_loss: 0.0095 | train_acc: 1.0000 | val_loss: 0.0035 | val_acc: 1.0000
Epoch 42 | train_loss: 0.0053 | train_acc: 1.0000 | val_loss: 0.0036 | val_acc: 1.0000
Epoch 43 | train_loss: 0.0053 | train_acc: 1.0000 | val_loss: 0.0031 | val_acc: 1.0000
Epoch 44 | train_loss: 0.0067 | train_acc: 1.0000 | val_loss: 0.0023 | val_acc: 1.0000
CHECKPOINT SAVED (val_loss: 0.0023)
Epoch 45 | train_loss: 0.0082 | train_acc: 1.0000 | val_loss: 0.0017 | val_acc: 1.0000
CHECKPOINT SAVED (val_loss: 0.0017)
Epoch 46 | train_loss: 0.0063 | train_acc: 1.0000 | val_loss: 0.0015 | val_acc: 1.0000
CHECKPOINT SAVED (val_loss: 0.0015)
Epoch 47 | train_loss: 0.0038 | train_acc: 1.0000 | val_loss: 0.0012 | val_acc: 1.0000
CHECKPOINT SAVED (val_loss: 0.0012)
Epoch 48 | train_loss: 0.0049 | train_acc: 1.0000 | val_loss: 0.0011 | val_acc: 1.0000
CHECKPOINT SAVED (val_loss: 0.0011)
Epoch 49 | train_loss: 0.0765 | train_acc: 0.9923 | val_loss: 0.0095 | val_acc: 1.0000
Epoch 50 | train_loss: 0.0164 | train_acc: 0.9923 | val_loss: 0.0228 | val_acc: 1.0000
Accuracy: 0.6000 | F1 Macro: 0.1875 | MCC: -0.1091
              precision    recall  f1-score   support

           R       0.67      0.86      0.75         7
           G       0.00      0.00      0.00         3
           S       0.00      0.00      0.00         0
           T       0.00      0.00      0.00         0

    accuracy                           0.60        10
   macro avg       0.17      0.21      0.19        10
weighted avg       0.47      0.60      0.53        10

Results saved in D:\DESKTOP\TIROCINIO\malaria-detection-pipeline\results\tuning\ood_stages\Falciparum_Ovale\ConvNeXt\full

=== SORGENTE: Falciparum -> TARGET: Ovale | MODEL: Swin-T | MODE: head_only ===
Training samples: 130 (Falciparum only, label=stage)
Val samples: 36
Test samples: 10 (Ovale only, label=stage)
Stage distribution training: R=106 G=10 S=11 T=3
Class 0: weights = 0.31
Class 1: weights = 3.25
Class 2: weights = 2.95
Class 3: weights = 10.83
Model: Swin-T | Mode: head_only
Total params: 27,522,430
Trainable params: 3,076 (0.01%)
Epoch 1 | train_loss: 1.4197 | train_acc: 0.2154 | val_loss: 1.1502 | val_acc: 0.8056
CHECKPOINT SAVED (val_loss: 1.1502)
Epoch 2 | train_loss: 1.1560 | train_acc: 0.8923 | val_loss: 0.9022 | val_acc: 0.9167
CHECKPOINT SAVED (val_loss: 0.9022)
Epoch 3 | train_loss: 0.8825 | train_acc: 0.9231 | val_loss: 0.6785 | val_acc: 0.9722
CHECKPOINT SAVED (val_loss: 0.6785)
Epoch 4 | train_loss: 0.6967 | train_acc: 0.9385 | val_loss: 0.5574 | val_acc: 0.7500
CHECKPOINT SAVED (val_loss: 0.5574)
Epoch 5 | train_loss: 0.5825 | train_acc: 0.8923 | val_loss: 0.5174 | val_acc: 0.7778
CHECKPOINT SAVED (val_loss: 0.5174)
Epoch 6 | train_loss: 0.4930 | train_acc: 0.8923 | val_loss: 0.4817 | val_acc: 0.8889
CHECKPOINT SAVED (val_loss: 0.4817)
Epoch 7 | train_loss: 0.3792 | train_acc: 0.9462 | val_loss: 0.4256 | val_acc: 0.9167
CHECKPOINT SAVED (val_loss: 0.4256)
Epoch 8 | train_loss: 0.3394 | train_acc: 0.9692 | val_loss: 0.3806 | val_acc: 0.9444
CHECKPOINT SAVED (val_loss: 0.3806)
Epoch 9 | train_loss: 0.3419 | train_acc: 0.9769 | val_loss: 0.3393 | val_acc: 0.9722
CHECKPOINT SAVED (val_loss: 0.3393)
Epoch 10 | train_loss: 0.3057 | train_acc: 0.9692 | val_loss: 0.2968 | val_acc: 0.9167
CHECKPOINT SAVED (val_loss: 0.2968)
Epoch 11 | train_loss: 0.2606 | train_acc: 0.9538 | val_loss: 0.2709 | val_acc: 0.9444
CHECKPOINT SAVED (val_loss: 0.2709)
Epoch 12 | train_loss: 0.2385 | train_acc: 0.9769 | val_loss: 0.2509 | val_acc: 0.8889
CHECKPOINT SAVED (val_loss: 0.2509)
Epoch 13 | train_loss: 0.2036 | train_acc: 0.9538 | val_loss: 0.2359 | val_acc: 0.9167
CHECKPOINT SAVED (val_loss: 0.2359)
Epoch 14 | train_loss: 0.2451 | train_acc: 0.9692 | val_loss: 0.2248 | val_acc: 0.9167
CHECKPOINT SAVED (val_loss: 0.2248)
Epoch 15 | train_loss: 0.2057 | train_acc: 0.9538 | val_loss: 0.2179 | val_acc: 0.9444
CHECKPOINT SAVED (val_loss: 0.2179)
Epoch 16 | train_loss: 0.1726 | train_acc: 0.9769 | val_loss: 0.2142 | val_acc: 0.9722
CHECKPOINT SAVED (val_loss: 0.2142)
Epoch 17 | train_loss: 0.1719 | train_acc: 0.9846 | val_loss: 0.2064 | val_acc: 0.9444
CHECKPOINT SAVED (val_loss: 0.2064)
Epoch 18 | train_loss: 0.1910 | train_acc: 0.9692 | val_loss: 0.1976 | val_acc: 0.9444
CHECKPOINT SAVED (val_loss: 0.1976)
Epoch 19 | train_loss: 0.1635 | train_acc: 0.9538 | val_loss: 0.1861 | val_acc: 0.9444
CHECKPOINT SAVED (val_loss: 0.1861)
Epoch 20 | train_loss: 0.1595 | train_acc: 0.9462 | val_loss: 0.1766 | val_acc: 0.9444
CHECKPOINT SAVED (val_loss: 0.1766)
Epoch 21 | train_loss: 0.1644 | train_acc: 0.9769 | val_loss: 0.1660 | val_acc: 0.9444
CHECKPOINT SAVED (val_loss: 0.1660)
Epoch 22 | train_loss: 0.1241 | train_acc: 0.9846 | val_loss: 0.1602 | val_acc: 0.9444
CHECKPOINT SAVED (val_loss: 0.1602)
Epoch 23 | train_loss: 0.1531 | train_acc: 0.9769 | val_loss: 0.1553 | val_acc: 0.9444
CHECKPOINT SAVED (val_loss: 0.1553)
Epoch 24 | train_loss: 0.1386 | train_acc: 0.9692 | val_loss: 0.1510 | val_acc: 0.9444
CHECKPOINT SAVED (val_loss: 0.1510)
Epoch 25 | train_loss: 0.1283 | train_acc: 0.9769 | val_loss: 0.1492 | val_acc: 0.9444
CHECKPOINT SAVED (val_loss: 0.1492)
Epoch 26 | train_loss: 0.1282 | train_acc: 0.9769 | val_loss: 0.1496 | val_acc: 0.9444
Epoch 27 | train_loss: 0.1225 | train_acc: 0.9385 | val_loss: 0.1415 | val_acc: 0.9444
CHECKPOINT SAVED (val_loss: 0.1415)
Epoch 28 | train_loss: 0.1134 | train_acc: 0.9769 | val_loss: 0.1320 | val_acc: 0.9444
CHECKPOINT SAVED (val_loss: 0.1320)
Epoch 29 | train_loss: 0.1357 | train_acc: 0.9615 | val_loss: 0.1259 | val_acc: 0.9444
CHECKPOINT SAVED (val_loss: 0.1259)
Epoch 30 | train_loss: 0.1124 | train_acc: 0.9692 | val_loss: 0.1247 | val_acc: 0.9722
CHECKPOINT SAVED (val_loss: 0.1247)
Epoch 31 | train_loss: 0.1159 | train_acc: 0.9846 | val_loss: 0.1169 | val_acc: 0.9444
CHECKPOINT SAVED (val_loss: 0.1169)
Epoch 32 | train_loss: 0.1246 | train_acc: 0.9769 | val_loss: 0.1129 | val_acc: 0.9444
CHECKPOINT SAVED (val_loss: 0.1129)
Epoch 33 | train_loss: 0.1162 | train_acc: 0.9615 | val_loss: 0.1097 | val_acc: 0.9444
CHECKPOINT SAVED (val_loss: 0.1097)
Epoch 34 | train_loss: 0.1016 | train_acc: 0.9769 | val_loss: 0.1064 | val_acc: 0.9444
CHECKPOINT SAVED (val_loss: 0.1064)
Epoch 35 | train_loss: 0.0861 | train_acc: 0.9923 | val_loss: 0.1056 | val_acc: 0.9722
CHECKPOINT SAVED (val_loss: 0.1056)
Epoch 36 | train_loss: 0.1205 | train_acc: 0.9769 | val_loss: 0.1006 | val_acc: 0.9722
CHECKPOINT SAVED (val_loss: 0.1006)
Epoch 37 | train_loss: 0.0824 | train_acc: 0.9769 | val_loss: 0.0974 | val_acc: 0.9444
CHECKPOINT SAVED (val_loss: 0.0974)
Epoch 38 | train_loss: 0.0812 | train_acc: 0.9769 | val_loss: 0.0977 | val_acc: 0.9444
Epoch 39 | train_loss: 0.0715 | train_acc: 0.9846 | val_loss: 0.0956 | val_acc: 0.9444
CHECKPOINT SAVED (val_loss: 0.0956)
Epoch 40 | train_loss: 0.0867 | train_acc: 0.9769 | val_loss: 0.0927 | val_acc: 0.9444
CHECKPOINT SAVED (val_loss: 0.0927)
Epoch 41 | train_loss: 0.0760 | train_acc: 0.9846 | val_loss: 0.0907 | val_acc: 0.9444
CHECKPOINT SAVED (val_loss: 0.0907)
Epoch 42 | train_loss: 0.0937 | train_acc: 0.9692 | val_loss: 0.0882 | val_acc: 0.9444
CHECKPOINT SAVED (val_loss: 0.0882)
Epoch 43 | train_loss: 0.0749 | train_acc: 0.9846 | val_loss: 0.0877 | val_acc: 0.9444
CHECKPOINT SAVED (val_loss: 0.0877)
Epoch 44 | train_loss: 0.0807 | train_acc: 0.9538 | val_loss: 0.0890 | val_acc: 0.9444
Epoch 45 | train_loss: 0.1120 | train_acc: 0.9385 | val_loss: 0.0830 | val_acc: 0.9444
CHECKPOINT SAVED (val_loss: 0.0830)
Epoch 46 | train_loss: 0.0731 | train_acc: 0.9692 | val_loss: 0.0779 | val_acc: 0.9444
CHECKPOINT SAVED (val_loss: 0.0779)
Epoch 47 | train_loss: 0.0752 | train_acc: 0.9846 | val_loss: 0.0757 | val_acc: 0.9444
CHECKPOINT SAVED (val_loss: 0.0757)
Epoch 48 | train_loss: 0.0800 | train_acc: 0.9846 | val_loss: 0.0735 | val_acc: 0.9444
CHECKPOINT SAVED (val_loss: 0.0735)
Epoch 49 | train_loss: 0.0602 | train_acc: 0.9846 | val_loss: 0.0717 | val_acc: 0.9444
CHECKPOINT SAVED (val_loss: 0.0717)
Epoch 50 | train_loss: 0.0598 | train_acc: 0.9846 | val_loss: 0.0703 | val_acc: 0.9444
CHECKPOINT SAVED (val_loss: 0.0703)
Accuracy: 0.4000 | F1 Macro: 0.2364 | MCC: 0.1157
              precision    recall  f1-score   support

           R       0.75      0.43      0.55         7
           G       0.50      0.33      0.40         3
           S       0.00      0.00      0.00         0
           T       0.00      0.00      0.00         0

    accuracy                           0.40        10
   macro avg       0.31      0.19      0.24        10
weighted avg       0.68      0.40      0.50        10

Results saved in D:\DESKTOP\TIROCINIO\malaria-detection-pipeline\results\tuning\ood_stages\Falciparum_Ovale\Swin-T\head_only

=== SORGENTE: Falciparum -> TARGET: Ovale | MODEL: Swin-T | MODE: full ===
Training samples: 130 (Falciparum only, label=stage)
Val samples: 36
Test samples: 10 (Ovale only, label=stage)
Stage distribution training: R=106 G=10 S=11 T=3
Class 0: weights = 0.31
Class 1: weights = 3.25
Class 2: weights = 2.95
Class 3: weights = 10.83
Model: Swin-T | Mode: full
Total params: 27,522,430
Trainable params: 27,522,430 (100.00%)
Epoch 1 | train_loss: 1.2804 | train_acc: 0.2462 | val_loss: 0.7358 | val_acc: 0.9444
CHECKPOINT SAVED (val_loss: 0.7358)
Epoch 2 | train_loss: 0.8878 | train_acc: 0.8769 | val_loss: 0.4977 | val_acc: 0.9444
CHECKPOINT SAVED (val_loss: 0.4977)
Epoch 3 | train_loss: 0.5869 | train_acc: 0.9769 | val_loss: 0.3795 | val_acc: 0.9722
CHECKPOINT SAVED (val_loss: 0.3795)
Epoch 4 | train_loss: 0.4874 | train_acc: 0.9538 | val_loss: 0.2249 | val_acc: 1.0000
CHECKPOINT SAVED (val_loss: 0.2249)
Epoch 5 | train_loss: 0.2841 | train_acc: 0.9769 | val_loss: 0.1520 | val_acc: 0.9444
CHECKPOINT SAVED (val_loss: 0.1520)
Epoch 6 | train_loss: 0.2305 | train_acc: 0.9385 | val_loss: 0.2140 | val_acc: 0.6667
Epoch 7 | train_loss: 0.2048 | train_acc: 0.8462 | val_loss: 0.1484 | val_acc: 0.8056
CHECKPOINT SAVED (val_loss: 0.1484)
Epoch 8 | train_loss: 0.1990 | train_acc: 0.9231 | val_loss: 0.0739 | val_acc: 0.9167
CHECKPOINT SAVED (val_loss: 0.0739)
Epoch 9 | train_loss: 0.2301 | train_acc: 0.9692 | val_loss: 0.0700 | val_acc: 0.9167
CHECKPOINT SAVED (val_loss: 0.0700)
Epoch 10 | train_loss: 0.1180 | train_acc: 0.9769 | val_loss: 0.1571 | val_acc: 0.8333
Epoch 11 | train_loss: 0.1434 | train_acc: 0.8462 | val_loss: 0.1187 | val_acc: 0.9167
Epoch 12 | train_loss: 0.1076 | train_acc: 0.9385 | val_loss: 0.0632 | val_acc: 0.9167
CHECKPOINT SAVED (val_loss: 0.0632)
Epoch 13 | train_loss: 0.0629 | train_acc: 0.9846 | val_loss: 0.0520 | val_acc: 0.9444
CHECKPOINT SAVED (val_loss: 0.0520)
Epoch 14 | train_loss: 0.0581 | train_acc: 0.9769 | val_loss: 0.0441 | val_acc: 0.9444
CHECKPOINT SAVED (val_loss: 0.0441)
Epoch 15 | train_loss: 0.0262 | train_acc: 0.9923 | val_loss: 0.0402 | val_acc: 0.9722
CHECKPOINT SAVED (val_loss: 0.0402)
Epoch 16 | train_loss: 0.1058 | train_acc: 0.9846 | val_loss: 0.0362 | val_acc: 0.9444
CHECKPOINT SAVED (val_loss: 0.0362)
Epoch 17 | train_loss: 0.0355 | train_acc: 0.9846 | val_loss: 0.0392 | val_acc: 0.9167
Epoch 18 | train_loss: 0.0335 | train_acc: 0.9846 | val_loss: 0.0414 | val_acc: 0.9167
Epoch 19 | train_loss: 0.0715 | train_acc: 0.9846 | val_loss: 0.0505 | val_acc: 0.9167
Epoch 20 | train_loss: 0.0250 | train_acc: 0.9846 | val_loss: 0.0405 | val_acc: 0.9167
Epoch 21 | train_loss: 0.0217 | train_acc: 0.9692 | val_loss: 0.0211 | val_acc: 0.9722
CHECKPOINT SAVED (val_loss: 0.0211)
Epoch 22 | train_loss: 0.0515 | train_acc: 0.9769 | val_loss: 0.0165 | val_acc: 1.0000
CHECKPOINT SAVED (val_loss: 0.0165)
Epoch 23 | train_loss: 0.0145 | train_acc: 1.0000 | val_loss: 0.0132 | val_acc: 1.0000
CHECKPOINT SAVED (val_loss: 0.0132)
Epoch 24 | train_loss: 0.0148 | train_acc: 0.9923 | val_loss: 0.0109 | val_acc: 1.0000
CHECKPOINT SAVED (val_loss: 0.0109)
Epoch 25 | train_loss: 0.0631 | train_acc: 0.9846 | val_loss: 0.0384 | val_acc: 0.9167
Epoch 26 | train_loss: 0.0409 | train_acc: 0.9769 | val_loss: 0.0569 | val_acc: 0.9167
Epoch 27 | train_loss: 0.0531 | train_acc: 0.9846 | val_loss: 0.0505 | val_acc: 0.9167
Epoch 28 | train_loss: 0.0335 | train_acc: 0.9538 | val_loss: 0.0264 | val_acc: 0.9167
Epoch 29 | train_loss: 0.0370 | train_acc: 0.9769 | val_loss: 0.0079 | val_acc: 1.0000
CHECKPOINT SAVED (val_loss: 0.0079)
Epoch 30 | train_loss: 0.0557 | train_acc: 0.9923 | val_loss: 0.0057 | val_acc: 1.0000
CHECKPOINT SAVED (val_loss: 0.0057)
Epoch 31 | train_loss: 0.0140 | train_acc: 0.9846 | val_loss: 0.0029 | val_acc: 1.0000
CHECKPOINT SAVED (val_loss: 0.0029)
Epoch 32 | train_loss: 0.0127 | train_acc: 0.9923 | val_loss: 0.0018 | val_acc: 1.0000
CHECKPOINT SAVED (val_loss: 0.0018)
Epoch 33 | train_loss: 0.0118 | train_acc: 0.9923 | val_loss: 0.0019 | val_acc: 1.0000
Epoch 34 | train_loss: 0.0267 | train_acc: 1.0000 | val_loss: 0.0012 | val_acc: 1.0000
CHECKPOINT SAVED (val_loss: 0.0012)
Epoch 35 | train_loss: 0.0118 | train_acc: 1.0000 | val_loss: 0.0012 | val_acc: 1.0000
CHECKPOINT SAVED (val_loss: 0.0012)
Epoch 36 | train_loss: 0.0109 | train_acc: 0.9846 | val_loss: 0.0011 | val_acc: 1.0000
CHECKPOINT SAVED (val_loss: 0.0011)
Epoch 37 | train_loss: 0.0375 | train_acc: 1.0000 | val_loss: 0.0042 | val_acc: 1.0000
Epoch 38 | train_loss: 0.0163 | train_acc: 0.9846 | val_loss: 0.0054 | val_acc: 1.0000
Epoch 39 | train_loss: 0.0099 | train_acc: 1.0000 | val_loss: 0.0024 | val_acc: 1.0000
Epoch 40 | train_loss: 0.0054 | train_acc: 1.0000 | val_loss: 0.0015 | val_acc: 1.0000
Epoch 41 | train_loss: 0.0209 | train_acc: 0.9923 | val_loss: 0.0011 | val_acc: 1.0000
Epoch 42 | train_loss: 0.0122 | train_acc: 0.9923 | val_loss: 0.0008 | val_acc: 1.0000
CHECKPOINT SAVED (val_loss: 0.0008)
Epoch 43 | train_loss: 0.0385 | train_acc: 1.0000 | val_loss: 0.0017 | val_acc: 1.0000
Epoch 44 | train_loss: 0.0104 | train_acc: 0.9846 | val_loss: 0.0061 | val_acc: 0.9722
Epoch 45 | train_loss: 0.0143 | train_acc: 0.9846 | val_loss: 0.0046 | val_acc: 1.0000
Epoch 46 | train_loss: 0.0223 | train_acc: 0.9692 | val_loss: 0.0010 | val_acc: 1.0000
Epoch 47 | train_loss: 0.0084 | train_acc: 1.0000 | val_loss: 0.0004 | val_acc: 1.0000
CHECKPOINT SAVED (val_loss: 0.0004)
Epoch 48 | train_loss: 0.0056 | train_acc: 1.0000 | val_loss: 0.0003 | val_acc: 1.0000
CHECKPOINT SAVED (val_loss: 0.0003)
Epoch 49 | train_loss: 0.0011 | train_acc: 1.0000 | val_loss: 0.0003 | val_acc: 1.0000
CHECKPOINT SAVED (val_loss: 0.0003)
Epoch 50 | train_loss: 0.0101 | train_acc: 0.9923 | val_loss: 0.0003 | val_acc: 1.0000
CHECKPOINT SAVED (val_loss: 0.0003)
Accuracy: 0.6000 | F1 Macro: 0.2923 | MCC: 0.2431
              precision    recall  f1-score   support

           R       0.83      0.71      0.77         7
           G       0.50      0.33      0.40         3
           S       0.00      0.00      0.00         0
           T       0.00      0.00      0.00         0

    accuracy                           0.60        10
   macro avg       0.33      0.26      0.29        10
weighted avg       0.73      0.60      0.66        10

Results saved in D:\DESKTOP\TIROCINIO\malaria-detection-pipeline\results\tuning\ood_stages\Falciparum_Ovale\Swin-T\full

=== SORGENTE: Falciparum -> TARGET: Ovale | MODEL: Swin-T | MODE: lora ===
Training samples: 130 (Falciparum only, label=stage)
Val samples: 36
Test samples: 10 (Ovale only, label=stage)
Stage distribution training: R=106 G=10 S=11 T=3
Class 0: weights = 0.31
Class 1: weights = 3.25
Class 2: weights = 2.95
Class 3: weights = 10.83
Model: Swin-T | Mode: lora
Total params: 27,663,742
Trainable params: 144,388 (0.52%)
Epoch 1 | train_loss: 1.2998 | train_acc: 0.3692 | val_loss: 0.9867 | val_acc: 0.9444
CHECKPOINT SAVED (val_loss: 0.9867)
Epoch 2 | train_loss: 1.0662 | train_acc: 0.8769 | val_loss: 0.8294 | val_acc: 0.9722
CHECKPOINT SAVED (val_loss: 0.8294)
Epoch 3 | train_loss: 0.8845 | train_acc: 0.9308 | val_loss: 0.6755 | val_acc: 0.9167
CHECKPOINT SAVED (val_loss: 0.6755)
Epoch 4 | train_loss: 0.8257 | train_acc: 0.9385 | val_loss: 0.6333 | val_acc: 0.8056
CHECKPOINT SAVED (val_loss: 0.6333)
Epoch 5 | train_loss: 0.6925 | train_acc: 0.9000 | val_loss: 0.5717 | val_acc: 0.7500
CHECKPOINT SAVED (val_loss: 0.5717)
Epoch 6 | train_loss: 0.5973 | train_acc: 0.8769 | val_loss: 0.4811 | val_acc: 0.7222
CHECKPOINT SAVED (val_loss: 0.4811)
Epoch 7 | train_loss: 0.5891 | train_acc: 0.8846 | val_loss: 0.4292 | val_acc: 0.7778
CHECKPOINT SAVED (val_loss: 0.4292)
Epoch 8 | train_loss: 0.4888 | train_acc: 0.9462 | val_loss: 0.3879 | val_acc: 0.8333
CHECKPOINT SAVED (val_loss: 0.3879)
Epoch 9 | train_loss: 0.4438 | train_acc: 0.9154 | val_loss: 0.3464 | val_acc: 0.8611
CHECKPOINT SAVED (val_loss: 0.3464)
Epoch 10 | train_loss: 0.4935 | train_acc: 0.9385 | val_loss: 0.3205 | val_acc: 0.8611
CHECKPOINT SAVED (val_loss: 0.3205)
Epoch 11 | train_loss: 0.4360 | train_acc: 0.9462 | val_loss: 0.3033 | val_acc: 0.8611
CHECKPOINT SAVED (val_loss: 0.3033)
Epoch 12 | train_loss: 0.3927 | train_acc: 0.9231 | val_loss: 0.2980 | val_acc: 0.8056
CHECKPOINT SAVED (val_loss: 0.2980)
Epoch 13 | train_loss: 0.3424 | train_acc: 0.8846 | val_loss: 0.2843 | val_acc: 0.8889
CHECKPOINT SAVED (val_loss: 0.2843)
Epoch 14 | train_loss: 0.3438 | train_acc: 0.9231 | val_loss: 0.2730 | val_acc: 0.9167
CHECKPOINT SAVED (val_loss: 0.2730)
Epoch 15 | train_loss: 0.3353 | train_acc: 0.8923 | val_loss: 0.2622 | val_acc: 0.8889
CHECKPOINT SAVED (val_loss: 0.2622)
Epoch 16 | train_loss: 0.2883 | train_acc: 0.9462 | val_loss: 0.2546 | val_acc: 0.8333
CHECKPOINT SAVED (val_loss: 0.2546)
Epoch 17 | train_loss: 0.2847 | train_acc: 0.9385 | val_loss: 0.2448 | val_acc: 0.8333
CHECKPOINT SAVED (val_loss: 0.2448)
Epoch 18 | train_loss: 0.2853 | train_acc: 0.9615 | val_loss: 0.2378 | val_acc: 0.8611
CHECKPOINT SAVED (val_loss: 0.2378)
Epoch 19 | train_loss: 0.2841 | train_acc: 0.9308 | val_loss: 0.2300 | val_acc: 0.9167
CHECKPOINT SAVED (val_loss: 0.2300)
Epoch 20 | train_loss: 0.3429 | train_acc: 0.9385 | val_loss: 0.2178 | val_acc: 0.8889
CHECKPOINT SAVED (val_loss: 0.2178)
Epoch 21 | train_loss: 0.2347 | train_acc: 0.9462 | val_loss: 0.2102 | val_acc: 0.8889
CHECKPOINT SAVED (val_loss: 0.2102)
Epoch 22 | train_loss: 0.2802 | train_acc: 0.8615 | val_loss: 0.2129 | val_acc: 0.8056
Epoch 23 | train_loss: 0.2108 | train_acc: 0.9231 | val_loss: 0.1990 | val_acc: 0.8889
CHECKPOINT SAVED (val_loss: 0.1990)
Epoch 24 | train_loss: 0.2267 | train_acc: 0.9462 | val_loss: 0.1915 | val_acc: 0.9444
CHECKPOINT SAVED (val_loss: 0.1915)
Epoch 25 | train_loss: 0.1995 | train_acc: 0.9769 | val_loss: 0.1838 | val_acc: 0.9444
CHECKPOINT SAVED (val_loss: 0.1838)
Epoch 26 | train_loss: 0.1990 | train_acc: 0.9769 | val_loss: 0.1753 | val_acc: 0.9444
CHECKPOINT SAVED (val_loss: 0.1753)
Epoch 27 | train_loss: 0.1869 | train_acc: 0.9538 | val_loss: 0.1696 | val_acc: 0.9444
CHECKPOINT SAVED (val_loss: 0.1696)
Epoch 28 | train_loss: 0.2072 | train_acc: 0.9462 | val_loss: 0.1700 | val_acc: 0.8889
Epoch 29 | train_loss: 0.1983 | train_acc: 0.9385 | val_loss: 0.1718 | val_acc: 0.8611
Epoch 30 | train_loss: 0.1576 | train_acc: 0.9154 | val_loss: 0.1639 | val_acc: 0.9167
CHECKPOINT SAVED (val_loss: 0.1639)
Epoch 31 | train_loss: 0.1690 | train_acc: 0.9615 | val_loss: 0.1570 | val_acc: 0.9167
CHECKPOINT SAVED (val_loss: 0.1570)
Epoch 32 | train_loss: 0.1559 | train_acc: 0.9538 | val_loss: 0.1558 | val_acc: 0.9167
CHECKPOINT SAVED (val_loss: 0.1558)
Epoch 33 | train_loss: 0.1562 | train_acc: 0.9692 | val_loss: 0.1507 | val_acc: 0.9167
CHECKPOINT SAVED (val_loss: 0.1507)
Epoch 34 | train_loss: 0.1562 | train_acc: 0.9615 | val_loss: 0.1407 | val_acc: 0.9444
CHECKPOINT SAVED (val_loss: 0.1407)
Epoch 35 | train_loss: 0.2620 | train_acc: 0.9538 | val_loss: 0.1395 | val_acc: 0.9167
CHECKPOINT SAVED (val_loss: 0.1395)
Epoch 36 | train_loss: 0.1563 | train_acc: 0.9692 | val_loss: 0.1480 | val_acc: 0.9167
Epoch 37 | train_loss: 0.2241 | train_acc: 0.9000 | val_loss: 0.1715 | val_acc: 0.7778
Epoch 38 | train_loss: 0.1654 | train_acc: 0.9000 | val_loss: 0.1809 | val_acc: 0.7778
Epoch 39 | train_loss: 0.1407 | train_acc: 0.8846 | val_loss: 0.1595 | val_acc: 0.8056
Epoch 40 | train_loss: 0.1775 | train_acc: 0.9000 | val_loss: 0.1340 | val_acc: 0.9167
CHECKPOINT SAVED (val_loss: 0.1340)
Epoch 41 | train_loss: 0.1276 | train_acc: 0.9462 | val_loss: 0.1220 | val_acc: 0.9444
CHECKPOINT SAVED (val_loss: 0.1220)
Epoch 42 | train_loss: 0.1626 | train_acc: 0.9615 | val_loss: 0.1231 | val_acc: 0.9722
Epoch 43 | train_loss: 0.1746 | train_acc: 0.9692 | val_loss: 0.1189 | val_acc: 0.9444
CHECKPOINT SAVED (val_loss: 0.1189)
Epoch 44 | train_loss: 0.1637 | train_acc: 0.9692 | val_loss: 0.1160 | val_acc: 0.9444
CHECKPOINT SAVED (val_loss: 0.1160)
Epoch 45 | train_loss: 0.1203 | train_acc: 0.9538 | val_loss: 0.1128 | val_acc: 0.9444
CHECKPOINT SAVED (val_loss: 0.1128)
Epoch 46 | train_loss: 0.1687 | train_acc: 0.9462 | val_loss: 0.1168 | val_acc: 0.9167
Epoch 47 | train_loss: 0.1269 | train_acc: 0.9462 | val_loss: 0.1254 | val_acc: 0.9167
Epoch 48 | train_loss: 0.1362 | train_acc: 0.9000 | val_loss: 0.1189 | val_acc: 0.9167
Epoch 49 | train_loss: 0.1187 | train_acc: 0.9385 | val_loss: 0.1085 | val_acc: 0.9167
CHECKPOINT SAVED (val_loss: 0.1085)
Epoch 50 | train_loss: 0.1599 | train_acc: 0.9231 | val_loss: 0.1029 | val_acc: 0.9167
CHECKPOINT SAVED (val_loss: 0.1029)
Accuracy: 0.5000 | F1 Macro: 0.2917 | MCC: 0.2431
              precision    recall  f1-score   support

           R       0.80      0.57      0.67         7
           G       1.00      0.33      0.50         3
           S       0.00      0.00      0.00         0
           T       0.00      0.00      0.00         0

    accuracy                           0.50        10
   macro avg       0.45      0.23      0.29        10
weighted avg       0.86      0.50      0.62        10

Results saved in D:\DESKTOP\TIROCINIO\malaria-detection-pipeline\results\tuning\ood_stages\Falciparum_Ovale\Swin-T\lora

=== SORGENTE: Falciparum -> TARGET: Ovale | MODEL: ViT-B | MODE: head_only ===
Training samples: 130 (Falciparum only, label=stage)
Val samples: 36
Test samples: 10 (Ovale only, label=stage)
Stage distribution training: R=106 G=10 S=11 T=3
Class 0: weights = 0.31
Class 1: weights = 3.25
Class 2: weights = 2.95
Class 3: weights = 10.83
Loading weights:   0%|          | 0/200 [00:00<?, ?it/s]Loading weights: 100%|##########| 200/200 [00:00<00:00, 3825.54it/s]
Model: ViT-B | Mode: head_only
Total params: 86,392,324
Trainable params: 3,076 (0.00%)
Epoch 1 | train_loss: 1.3616 | train_acc: 0.2077 | val_loss: 1.2733 | val_acc: 0.8333
CHECKPOINT SAVED (val_loss: 1.2733)
Epoch 2 | train_loss: 1.1847 | train_acc: 0.9000 | val_loss: 1.1503 | val_acc: 0.7222
CHECKPOINT SAVED (val_loss: 1.1503)
Epoch 3 | train_loss: 1.0781 | train_acc: 0.9154 | val_loss: 1.0736 | val_acc: 0.8056
CHECKPOINT SAVED (val_loss: 1.0736)
Epoch 4 | train_loss: 0.9593 | train_acc: 0.9385 | val_loss: 0.9937 | val_acc: 0.8889
CHECKPOINT SAVED (val_loss: 0.9937)
Epoch 5 | train_loss: 0.8941 | train_acc: 0.9538 | val_loss: 0.9365 | val_acc: 0.9167
CHECKPOINT SAVED (val_loss: 0.9365)
Epoch 6 | train_loss: 0.8156 | train_acc: 0.9385 | val_loss: 0.8755 | val_acc: 0.9444
CHECKPOINT SAVED (val_loss: 0.8755)
Epoch 7 | train_loss: 0.7835 | train_acc: 0.9692 | val_loss: 0.8240 | val_acc: 0.9444
CHECKPOINT SAVED (val_loss: 0.8240)
Epoch 8 | train_loss: 0.6651 | train_acc: 0.9692 | val_loss: 0.7849 | val_acc: 0.9722
CHECKPOINT SAVED (val_loss: 0.7849)
Epoch 9 | train_loss: 0.6628 | train_acc: 0.9538 | val_loss: 0.7547 | val_acc: 0.9722
CHECKPOINT SAVED (val_loss: 0.7547)
Epoch 10 | train_loss: 0.6164 | train_acc: 0.9692 | val_loss: 0.7268 | val_acc: 0.9722
CHECKPOINT SAVED (val_loss: 0.7268)
Epoch 11 | train_loss: 0.5429 | train_acc: 0.9692 | val_loss: 0.7017 | val_acc: 0.9722
CHECKPOINT SAVED (val_loss: 0.7017)
Epoch 12 | train_loss: 0.5088 | train_acc: 0.9692 | val_loss: 0.6725 | val_acc: 0.9722
CHECKPOINT SAVED (val_loss: 0.6725)
Epoch 13 | train_loss: 0.5822 | train_acc: 0.9692 | val_loss: 0.6434 | val_acc: 0.9722
CHECKPOINT SAVED (val_loss: 0.6434)
Epoch 14 | train_loss: 0.5023 | train_acc: 0.9692 | val_loss: 0.6185 | val_acc: 0.9722
CHECKPOINT SAVED (val_loss: 0.6185)
Epoch 15 | train_loss: 0.4764 | train_acc: 0.9615 | val_loss: 0.5993 | val_acc: 1.0000
CHECKPOINT SAVED (val_loss: 0.5993)
Epoch 16 | train_loss: 0.4518 | train_acc: 0.9692 | val_loss: 0.5780 | val_acc: 1.0000
CHECKPOINT SAVED (val_loss: 0.5780)
Epoch 17 | train_loss: 0.4348 | train_acc: 0.9692 | val_loss: 0.5568 | val_acc: 1.0000
CHECKPOINT SAVED (val_loss: 0.5568)
Epoch 18 | train_loss: 0.3874 | train_acc: 0.9923 | val_loss: 0.5371 | val_acc: 1.0000
CHECKPOINT SAVED (val_loss: 0.5371)
Epoch 19 | train_loss: 0.3620 | train_acc: 0.9923 | val_loss: 0.5144 | val_acc: 1.0000
CHECKPOINT SAVED (val_loss: 0.5144)
Epoch 20 | train_loss: 0.3687 | train_acc: 0.9692 | val_loss: 0.4994 | val_acc: 0.9722
CHECKPOINT SAVED (val_loss: 0.4994)
Epoch 21 | train_loss: 0.3450 | train_acc: 0.9692 | val_loss: 0.4833 | val_acc: 1.0000
CHECKPOINT SAVED (val_loss: 0.4833)
Epoch 22 | train_loss: 0.3333 | train_acc: 0.9692 | val_loss: 0.4667 | val_acc: 1.0000
CHECKPOINT SAVED (val_loss: 0.4667)
Epoch 23 | train_loss: 0.3523 | train_acc: 0.9923 | val_loss: 0.4518 | val_acc: 1.0000
CHECKPOINT SAVED (val_loss: 0.4518)
Epoch 24 | train_loss: 0.4281 | train_acc: 0.9538 | val_loss: 0.4362 | val_acc: 1.0000
CHECKPOINT SAVED (val_loss: 0.4362)
Epoch 25 | train_loss: 0.3948 | train_acc: 0.9846 | val_loss: 0.4227 | val_acc: 1.0000
CHECKPOINT SAVED (val_loss: 0.4227)
Epoch 26 | train_loss: 0.2777 | train_acc: 1.0000 | val_loss: 0.4068 | val_acc: 1.0000
CHECKPOINT SAVED (val_loss: 0.4068)
Epoch 27 | train_loss: 0.3641 | train_acc: 0.9769 | val_loss: 0.3945 | val_acc: 1.0000
CHECKPOINT SAVED (val_loss: 0.3945)
Epoch 28 | train_loss: 0.2731 | train_acc: 0.9769 | val_loss: 0.3864 | val_acc: 0.9722
CHECKPOINT SAVED (val_loss: 0.3864)
Epoch 29 | train_loss: 0.2624 | train_acc: 0.9923 | val_loss: 0.3751 | val_acc: 0.9722
CHECKPOINT SAVED (val_loss: 0.3751)
Epoch 30 | train_loss: 0.2649 | train_acc: 0.9923 | val_loss: 0.3625 | val_acc: 1.0000
CHECKPOINT SAVED (val_loss: 0.3625)
Epoch 31 | train_loss: 0.2644 | train_acc: 0.9692 | val_loss: 0.3529 | val_acc: 1.0000
CHECKPOINT SAVED (val_loss: 0.3529)
Epoch 32 | train_loss: 0.2443 | train_acc: 1.0000 | val_loss: 0.3459 | val_acc: 1.0000
CHECKPOINT SAVED (val_loss: 0.3459)
Epoch 33 | train_loss: 0.2579 | train_acc: 0.9846 | val_loss: 0.3380 | val_acc: 1.0000
CHECKPOINT SAVED (val_loss: 0.3380)
Epoch 34 | train_loss: 0.3113 | train_acc: 0.9769 | val_loss: 0.3300 | val_acc: 1.0000
CHECKPOINT SAVED (val_loss: 0.3300)
Epoch 35 | train_loss: 0.2416 | train_acc: 0.9769 | val_loss: 0.3251 | val_acc: 0.9722
CHECKPOINT SAVED (val_loss: 0.3251)
Epoch 36 | train_loss: 0.3041 | train_acc: 0.9769 | val_loss: 0.3208 | val_acc: 0.9722
CHECKPOINT SAVED (val_loss: 0.3208)
Epoch 37 | train_loss: 0.2033 | train_acc: 0.9846 | val_loss: 0.3144 | val_acc: 0.9722
CHECKPOINT SAVED (val_loss: 0.3144)
Epoch 38 | train_loss: 0.2503 | train_acc: 0.9692 | val_loss: 0.3087 | val_acc: 0.9722
CHECKPOINT SAVED (val_loss: 0.3087)
Epoch 39 | train_loss: 0.2167 | train_acc: 0.9769 | val_loss: 0.3035 | val_acc: 0.9722
CHECKPOINT SAVED (val_loss: 0.3035)
Epoch 40 | train_loss: 0.2089 | train_acc: 0.9769 | val_loss: 0.2975 | val_acc: 0.9722
CHECKPOINT SAVED (val_loss: 0.2975)
Epoch 41 | train_loss: 0.2000 | train_acc: 0.9923 | val_loss: 0.2882 | val_acc: 0.9722
CHECKPOINT SAVED (val_loss: 0.2882)
Epoch 42 | train_loss: 0.1956 | train_acc: 0.9923 | val_loss: 0.2795 | val_acc: 1.0000
CHECKPOINT SAVED (val_loss: 0.2795)
Epoch 43 | train_loss: 0.1839 | train_acc: 0.9846 | val_loss: 0.2726 | val_acc: 1.0000
CHECKPOINT SAVED (val_loss: 0.2726)
Epoch 44 | train_loss: 0.1660 | train_acc: 1.0000 | val_loss: 0.2684 | val_acc: 1.0000
CHECKPOINT SAVED (val_loss: 0.2684)
Epoch 45 | train_loss: 0.1762 | train_acc: 0.9923 | val_loss: 0.2628 | val_acc: 1.0000
CHECKPOINT SAVED (val_loss: 0.2628)
Epoch 46 | train_loss: 0.2113 | train_acc: 0.9923 | val_loss: 0.2569 | val_acc: 1.0000
CHECKPOINT SAVED (val_loss: 0.2569)
Epoch 47 | train_loss: 0.1806 | train_acc: 0.9923 | val_loss: 0.2519 | val_acc: 1.0000
CHECKPOINT SAVED (val_loss: 0.2519)
Epoch 48 | train_loss: 0.2055 | train_acc: 0.9846 | val_loss: 0.2472 | val_acc: 1.0000
CHECKPOINT SAVED (val_loss: 0.2472)
Epoch 49 | train_loss: 0.1829 | train_acc: 0.9769 | val_loss: 0.2432 | val_acc: 1.0000
CHECKPOINT SAVED (val_loss: 0.2432)
Epoch 50 | train_loss: 0.1677 | train_acc: 0.9846 | val_loss: 0.2416 | val_acc: 0.9722
CHECKPOINT SAVED (val_loss: 0.2416)
Accuracy: 0.7000 | F1 Macro: 0.2059 | MCC: 0.0000
              precision    recall  f1-score   support

           R       0.70      1.00      0.82         7
           G       0.00      0.00      0.00         3
           S       0.00      0.00      0.00         0
           T       0.00      0.00      0.00         0

    accuracy                           0.70        10
   macro avg       0.17      0.25      0.21        10
weighted avg       0.49      0.70      0.58        10

Results saved in D:\DESKTOP\TIROCINIO\malaria-detection-pipeline\results\tuning\ood_stages\Falciparum_Ovale\ViT-B\head_only

=== SORGENTE: Falciparum -> TARGET: Ovale | MODEL: ViT-B | MODE: full ===
Training samples: 130 (Falciparum only, label=stage)
Val samples: 36
Test samples: 10 (Ovale only, label=stage)
Stage distribution training: R=106 G=10 S=11 T=3
Class 0: weights = 0.31
Class 1: weights = 3.25
Class 2: weights = 2.95
Class 3: weights = 10.83
Loading weights:   0%|          | 0/200 [00:00<?, ?it/s]Loading weights: 100%|##########| 200/200 [00:00<00:00, 7321.50it/s]
Model: ViT-B | Mode: full
Total params: 86,392,324
Trainable params: 86,392,324 (100.00%)
Epoch 1 | train_loss: 1.2975 | train_acc: 0.7000 | val_loss: 1.1713 | val_acc: 0.6944
CHECKPOINT SAVED (val_loss: 1.1713)
Epoch 2 | train_loss: 1.0427 | train_acc: 0.9231 | val_loss: 0.9445 | val_acc: 0.9722
CHECKPOINT SAVED (val_loss: 0.9445)
Epoch 3 | train_loss: 0.8976 | train_acc: 0.9692 | val_loss: 0.7739 | val_acc: 0.9722
CHECKPOINT SAVED (val_loss: 0.7739)
Epoch 4 | train_loss: 0.6538 | train_acc: 0.9769 | val_loss: 0.6086 | val_acc: 0.9722
CHECKPOINT SAVED (val_loss: 0.6086)
Epoch 5 | train_loss: 0.5409 | train_acc: 0.9692 | val_loss: 0.4743 | val_acc: 0.9722
CHECKPOINT SAVED (val_loss: 0.4743)
Epoch 6 | train_loss: 0.3875 | train_acc: 0.9846 | val_loss: 0.3563 | val_acc: 1.0000
CHECKPOINT SAVED (val_loss: 0.3563)
Epoch 7 | train_loss: 0.2788 | train_acc: 0.9923 | val_loss: 0.2724 | val_acc: 1.0000
CHECKPOINT SAVED (val_loss: 0.2724)
Epoch 8 | train_loss: 0.2416 | train_acc: 0.9923 | val_loss: 0.1964 | val_acc: 1.0000
CHECKPOINT SAVED (val_loss: 0.1964)
Epoch 9 | train_loss: 0.1689 | train_acc: 1.0000 | val_loss: 0.1492 | val_acc: 1.0000
CHECKPOINT SAVED (val_loss: 0.1492)
Epoch 10 | train_loss: 0.2213 | train_acc: 0.9923 | val_loss: 0.1148 | val_acc: 1.0000
CHECKPOINT SAVED (val_loss: 0.1148)
Epoch 11 | train_loss: 0.1028 | train_acc: 1.0000 | val_loss: 0.0934 | val_acc: 1.0000
CHECKPOINT SAVED (val_loss: 0.0934)
Epoch 12 | train_loss: 0.0864 | train_acc: 0.9923 | val_loss: 0.0752 | val_acc: 1.0000
CHECKPOINT SAVED (val_loss: 0.0752)
Epoch 13 | train_loss: 0.0999 | train_acc: 0.9923 | val_loss: 0.0615 | val_acc: 1.0000
CHECKPOINT SAVED (val_loss: 0.0615)
Epoch 14 | train_loss: 0.0704 | train_acc: 1.0000 | val_loss: 0.0520 | val_acc: 1.0000
CHECKPOINT SAVED (val_loss: 0.0520)
Epoch 15 | train_loss: 0.0538 | train_acc: 1.0000 | val_loss: 0.0440 | val_acc: 1.0000
CHECKPOINT SAVED (val_loss: 0.0440)
Epoch 16 | train_loss: 0.0457 | train_acc: 1.0000 | val_loss: 0.0377 | val_acc: 1.0000
CHECKPOINT SAVED (val_loss: 0.0377)
Epoch 17 | train_loss: 0.0356 | train_acc: 1.0000 | val_loss: 0.0336 | val_acc: 1.0000
CHECKPOINT SAVED (val_loss: 0.0336)
Epoch 18 | train_loss: 0.0307 | train_acc: 1.0000 | val_loss: 0.0297 | val_acc: 1.0000
CHECKPOINT SAVED (val_loss: 0.0297)
Epoch 19 | train_loss: 0.0278 | train_acc: 1.0000 | val_loss: 0.0261 | val_acc: 1.0000
CHECKPOINT SAVED (val_loss: 0.0261)
Epoch 20 | train_loss: 0.0229 | train_acc: 1.0000 | val_loss: 0.0233 | val_acc: 1.0000
CHECKPOINT SAVED (val_loss: 0.0233)
Epoch 21 | train_loss: 0.0245 | train_acc: 1.0000 | val_loss: 0.0210 | val_acc: 1.0000
CHECKPOINT SAVED (val_loss: 0.0210)
Epoch 22 | train_loss: 0.0198 | train_acc: 1.0000 | val_loss: 0.0191 | val_acc: 1.0000
CHECKPOINT SAVED (val_loss: 0.0191)
Epoch 23 | train_loss: 0.0171 | train_acc: 1.0000 | val_loss: 0.0175 | val_acc: 1.0000
CHECKPOINT SAVED (val_loss: 0.0175)
Epoch 24 | train_loss: 0.0161 | train_acc: 1.0000 | val_loss: 0.0162 | val_acc: 1.0000
CHECKPOINT SAVED (val_loss: 0.0162)
Epoch 25 | train_loss: 0.0152 | train_acc: 1.0000 | val_loss: 0.0150 | val_acc: 1.0000
CHECKPOINT SAVED (val_loss: 0.0150)
Epoch 26 | train_loss: 0.0144 | train_acc: 1.0000 | val_loss: 0.0140 | val_acc: 1.0000
CHECKPOINT SAVED (val_loss: 0.0140)
Epoch 27 | train_loss: 0.0122 | train_acc: 1.0000 | val_loss: 0.0131 | val_acc: 1.0000
CHECKPOINT SAVED (val_loss: 0.0131)
Epoch 28 | train_loss: 0.0252 | train_acc: 1.0000 | val_loss: 0.0125 | val_acc: 1.0000
CHECKPOINT SAVED (val_loss: 0.0125)
Epoch 29 | train_loss: 0.0113 | train_acc: 1.0000 | val_loss: 0.0120 | val_acc: 1.0000
CHECKPOINT SAVED (val_loss: 0.0120)
Epoch 30 | train_loss: 0.0114 | train_acc: 1.0000 | val_loss: 0.0114 | val_acc: 1.0000
CHECKPOINT SAVED (val_loss: 0.0114)
Epoch 31 | train_loss: 0.0106 | train_acc: 1.0000 | val_loss: 0.0108 | val_acc: 1.0000
CHECKPOINT SAVED (val_loss: 0.0108)
Epoch 32 | train_loss: 0.0124 | train_acc: 0.9923 | val_loss: 0.0101 | val_acc: 1.0000
CHECKPOINT SAVED (val_loss: 0.0101)
Epoch 33 | train_loss: 0.0097 | train_acc: 1.0000 | val_loss: 0.0097 | val_acc: 1.0000
CHECKPOINT SAVED (val_loss: 0.0097)
Epoch 34 | train_loss: 0.0079 | train_acc: 1.0000 | val_loss: 0.0093 | val_acc: 1.0000
CHECKPOINT SAVED (val_loss: 0.0093)
Epoch 35 | train_loss: 0.0083 | train_acc: 1.0000 | val_loss: 0.0089 | val_acc: 1.0000
CHECKPOINT SAVED (val_loss: 0.0089)
Epoch 36 | train_loss: 0.0076 | train_acc: 1.0000 | val_loss: 0.0085 | val_acc: 1.0000
CHECKPOINT SAVED (val_loss: 0.0085)
Epoch 37 | train_loss: 0.0075 | train_acc: 1.0000 | val_loss: 0.0081 | val_acc: 1.0000
CHECKPOINT SAVED (val_loss: 0.0081)
Epoch 38 | train_loss: 0.0074 | train_acc: 1.0000 | val_loss: 0.0077 | val_acc: 1.0000
CHECKPOINT SAVED (val_loss: 0.0077)
Epoch 39 | train_loss: 0.0072 | train_acc: 1.0000 | val_loss: 0.0073 | val_acc: 1.0000
CHECKPOINT SAVED (val_loss: 0.0073)
Epoch 40 | train_loss: 0.0068 | train_acc: 1.0000 | val_loss: 0.0070 | val_acc: 1.0000
CHECKPOINT SAVED (val_loss: 0.0070)
Epoch 41 | train_loss: 0.0098 | train_acc: 1.0000 | val_loss: 0.0066 | val_acc: 1.0000
CHECKPOINT SAVED (val_loss: 0.0066)
Epoch 42 | train_loss: 0.0087 | train_acc: 1.0000 | val_loss: 0.0064 | val_acc: 1.0000
CHECKPOINT SAVED (val_loss: 0.0064)
Epoch 43 | train_loss: 0.0057 | train_acc: 1.0000 | val_loss: 0.0063 | val_acc: 1.0000
CHECKPOINT SAVED (val_loss: 0.0063)
Epoch 44 | train_loss: 0.0064 | train_acc: 1.0000 | val_loss: 0.0064 | val_acc: 1.0000
Epoch 45 | train_loss: 0.0060 | train_acc: 1.0000 | val_loss: 0.0063 | val_acc: 1.0000
Epoch 46 | train_loss: 0.0065 | train_acc: 1.0000 | val_loss: 0.0059 | val_acc: 1.0000
CHECKPOINT SAVED (val_loss: 0.0059)
Epoch 47 | train_loss: 0.0051 | train_acc: 1.0000 | val_loss: 0.0055 | val_acc: 1.0000
CHECKPOINT SAVED (val_loss: 0.0055)
Epoch 48 | train_loss: 0.0050 | train_acc: 1.0000 | val_loss: 0.0053 | val_acc: 1.0000
CHECKPOINT SAVED (val_loss: 0.0053)
Epoch 49 | train_loss: 0.0051 | train_acc: 1.0000 | val_loss: 0.0051 | val_acc: 1.0000
CHECKPOINT SAVED (val_loss: 0.0051)
Epoch 50 | train_loss: 0.0050 | train_acc: 1.0000 | val_loss: 0.0049 | val_acc: 1.0000
CHECKPOINT SAVED (val_loss: 0.0049)
Accuracy: 0.4000 | F1 Macro: 0.1667 | MCC: 0.1091
              precision    recall  f1-score   support

           R       0.80      0.57      0.67         7
           G       0.00      0.00      0.00         3
           S       0.00      0.00      0.00         0
           T       0.00      0.00      0.00         0

    accuracy                           0.40        10
   macro avg       0.20      0.14      0.17        10
weighted avg       0.56      0.40      0.47        10

Results saved in D:\DESKTOP\TIROCINIO\malaria-detection-pipeline\results\tuning\ood_stages\Falciparum_Ovale\ViT-B\full

=== SORGENTE: Falciparum -> TARGET: Ovale | MODEL: ViT-B | MODE: lora ===
Training samples: 130 (Falciparum only, label=stage)
Val samples: 36
Test samples: 10 (Ovale only, label=stage)
Stage distribution training: R=106 G=10 S=11 T=3
Class 0: weights = 0.31
Class 1: weights = 3.25
Class 2: weights = 2.95
Class 3: weights = 10.83
Loading weights:   0%|          | 0/200 [00:00<?, ?it/s]Loading weights: 100%|##########| 200/200 [00:00<00:00, 7427.10it/s]
Model: ViT-B | Mode: lora
Total params: 86,687,236
Trainable params: 297,988 (0.34%)
Epoch 1 | train_loss: 1.3289 | train_acc: 0.6538 | val_loss: 1.3035 | val_acc: 0.6667
CHECKPOINT SAVED (val_loss: 1.3035)
Epoch 2 | train_loss: 1.2110 | train_acc: 0.8692 | val_loss: 1.1779 | val_acc: 0.6667
CHECKPOINT SAVED (val_loss: 1.1779)
Epoch 3 | train_loss: 1.0485 | train_acc: 0.8846 | val_loss: 1.0930 | val_acc: 0.7500
CHECKPOINT SAVED (val_loss: 1.0930)
Epoch 4 | train_loss: 0.9529 | train_acc: 0.9154 | val_loss: 1.0179 | val_acc: 0.8611
CHECKPOINT SAVED (val_loss: 1.0179)
Epoch 5 | train_loss: 0.8706 | train_acc: 0.9385 | val_loss: 0.9661 | val_acc: 0.9444
CHECKPOINT SAVED (val_loss: 0.9661)
Epoch 6 | train_loss: 0.7716 | train_acc: 0.9538 | val_loss: 0.9222 | val_acc: 0.9444
CHECKPOINT SAVED (val_loss: 0.9222)
Epoch 7 | train_loss: 0.7903 | train_acc: 0.9462 | val_loss: 0.8788 | val_acc: 0.9722
CHECKPOINT SAVED (val_loss: 0.8788)
Epoch 8 | train_loss: 0.6683 | train_acc: 0.9692 | val_loss: 0.8360 | val_acc: 0.9722
CHECKPOINT SAVED (val_loss: 0.8360)
Epoch 9 | train_loss: 0.6728 | train_acc: 0.9692 | val_loss: 0.7952 | val_acc: 0.9722
CHECKPOINT SAVED (val_loss: 0.7952)
Epoch 10 | train_loss: 0.6479 | train_acc: 0.9692 | val_loss: 0.7629 | val_acc: 0.9722
CHECKPOINT SAVED (val_loss: 0.7629)
Epoch 11 | train_loss: 0.6065 | train_acc: 0.9692 | val_loss: 0.7330 | val_acc: 0.9722
CHECKPOINT SAVED (val_loss: 0.7330)
Epoch 12 | train_loss: 0.5885 | train_acc: 0.9692 | val_loss: 0.7050 | val_acc: 0.9722
CHECKPOINT SAVED (val_loss: 0.7050)
Epoch 13 | train_loss: 0.5360 | train_acc: 0.9692 | val_loss: 0.6759 | val_acc: 0.9722
CHECKPOINT SAVED (val_loss: 0.6759)
Epoch 14 | train_loss: 0.4951 | train_acc: 0.9692 | val_loss: 0.6490 | val_acc: 0.9722
CHECKPOINT SAVED (val_loss: 0.6490)
Epoch 15 | train_loss: 0.4707 | train_acc: 0.9692 | val_loss: 0.6241 | val_acc: 0.9722
CHECKPOINT SAVED (val_loss: 0.6241)
Epoch 16 | train_loss: 0.4519 | train_acc: 0.9846 | val_loss: 0.5995 | val_acc: 0.9722
CHECKPOINT SAVED (val_loss: 0.5995)
Epoch 17 | train_loss: 0.3983 | train_acc: 0.9692 | val_loss: 0.5755 | val_acc: 0.9722
CHECKPOINT SAVED (val_loss: 0.5755)
Epoch 18 | train_loss: 0.4480 | train_acc: 0.9692 | val_loss: 0.5554 | val_acc: 0.9722
CHECKPOINT SAVED (val_loss: 0.5554)
Epoch 19 | train_loss: 0.3599 | train_acc: 0.9923 | val_loss: 0.5363 | val_acc: 1.0000
CHECKPOINT SAVED (val_loss: 0.5363)
Epoch 20 | train_loss: 0.3972 | train_acc: 0.9769 | val_loss: 0.5169 | val_acc: 1.0000
CHECKPOINT SAVED (val_loss: 0.5169)
Epoch 21 | train_loss: 0.3537 | train_acc: 0.9538 | val_loss: 0.5002 | val_acc: 1.0000
CHECKPOINT SAVED (val_loss: 0.5002)
Epoch 22 | train_loss: 0.3547 | train_acc: 0.9692 | val_loss: 0.4800 | val_acc: 1.0000
CHECKPOINT SAVED (val_loss: 0.4800)
Epoch 23 | train_loss: 0.3314 | train_acc: 0.9769 | val_loss: 0.4660 | val_acc: 1.0000
CHECKPOINT SAVED (val_loss: 0.4660)
Epoch 24 | train_loss: 0.2897 | train_acc: 1.0000 | val_loss: 0.4528 | val_acc: 1.0000
CHECKPOINT SAVED (val_loss: 0.4528)
Epoch 25 | train_loss: 0.2933 | train_acc: 0.9846 | val_loss: 0.4390 | val_acc: 1.0000
CHECKPOINT SAVED (val_loss: 0.4390)
Epoch 26 | train_loss: 0.2885 | train_acc: 0.9846 | val_loss: 0.4226 | val_acc: 1.0000
CHECKPOINT SAVED (val_loss: 0.4226)
Epoch 27 | train_loss: 0.2957 | train_acc: 0.9923 | val_loss: 0.4035 | val_acc: 1.0000
CHECKPOINT SAVED (val_loss: 0.4035)
Epoch 28 | train_loss: 0.2413 | train_acc: 1.0000 | val_loss: 0.3871 | val_acc: 1.0000
CHECKPOINT SAVED (val_loss: 0.3871)
Epoch 29 | train_loss: 0.2613 | train_acc: 0.9923 | val_loss: 0.3749 | val_acc: 1.0000
CHECKPOINT SAVED (val_loss: 0.3749)
Epoch 30 | train_loss: 0.2366 | train_acc: 1.0000 | val_loss: 0.3640 | val_acc: 1.0000
CHECKPOINT SAVED (val_loss: 0.3640)
Epoch 31 | train_loss: 0.2459 | train_acc: 0.9923 | val_loss: 0.3547 | val_acc: 1.0000
CHECKPOINT SAVED (val_loss: 0.3547)
Epoch 32 | train_loss: 0.2388 | train_acc: 0.9846 | val_loss: 0.3433 | val_acc: 1.0000
CHECKPOINT SAVED (val_loss: 0.3433)
Epoch 33 | train_loss: 0.2108 | train_acc: 0.9923 | val_loss: 0.3347 | val_acc: 1.0000
CHECKPOINT SAVED (val_loss: 0.3347)
Epoch 34 | train_loss: 0.1980 | train_acc: 0.9923 | val_loss: 0.3282 | val_acc: 1.0000
CHECKPOINT SAVED (val_loss: 0.3282)
Epoch 35 | train_loss: 0.2010 | train_acc: 0.9923 | val_loss: 0.3210 | val_acc: 1.0000
CHECKPOINT SAVED (val_loss: 0.3210)
Epoch 36 | train_loss: 0.2826 | train_acc: 0.9615 | val_loss: 0.3117 | val_acc: 1.0000
CHECKPOINT SAVED (val_loss: 0.3117)
Epoch 37 | train_loss: 0.1957 | train_acc: 0.9769 | val_loss: 0.3018 | val_acc: 1.0000
CHECKPOINT SAVED (val_loss: 0.3018)
Epoch 38 | train_loss: 0.1854 | train_acc: 0.9923 | val_loss: 0.2944 | val_acc: 1.0000
CHECKPOINT SAVED (val_loss: 0.2944)
Epoch 39 | train_loss: 0.1913 | train_acc: 0.9692 | val_loss: 0.2855 | val_acc: 1.0000
CHECKPOINT SAVED (val_loss: 0.2855)
Epoch 40 | train_loss: 0.1848 | train_acc: 0.9923 | val_loss: 0.2785 | val_acc: 1.0000
CHECKPOINT SAVED (val_loss: 0.2785)
Epoch 41 | train_loss: 0.1889 | train_acc: 0.9923 | val_loss: 0.2718 | val_acc: 1.0000
CHECKPOINT SAVED (val_loss: 0.2718)
Epoch 42 | train_loss: 0.2142 | train_acc: 0.9846 | val_loss: 0.2667 | val_acc: 1.0000
CHECKPOINT SAVED (val_loss: 0.2667)
Epoch 43 | train_loss: 0.1721 | train_acc: 0.9846 | val_loss: 0.2603 | val_acc: 1.0000
CHECKPOINT SAVED (val_loss: 0.2603)
Epoch 44 | train_loss: 0.1636 | train_acc: 0.9769 | val_loss: 0.2533 | val_acc: 1.0000
CHECKPOINT SAVED (val_loss: 0.2533)
Epoch 45 | train_loss: 0.1561 | train_acc: 0.9846 | val_loss: 0.2469 | val_acc: 1.0000
CHECKPOINT SAVED (val_loss: 0.2469)
Epoch 46 | train_loss: 0.1773 | train_acc: 0.9769 | val_loss: 0.2394 | val_acc: 1.0000
CHECKPOINT SAVED (val_loss: 0.2394)
Epoch 47 | train_loss: 0.1698 | train_acc: 0.9769 | val_loss: 0.2317 | val_acc: 1.0000
CHECKPOINT SAVED (val_loss: 0.2317)
Epoch 48 | train_loss: 0.1727 | train_acc: 0.9923 | val_loss: 0.2242 | val_acc: 1.0000
CHECKPOINT SAVED (val_loss: 0.2242)
Epoch 49 | train_loss: 0.1443 | train_acc: 0.9923 | val_loss: 0.2178 | val_acc: 1.0000
CHECKPOINT SAVED (val_loss: 0.2178)
Epoch 50 | train_loss: 0.2282 | train_acc: 0.9846 | val_loss: 0.2128 | val_acc: 1.0000
CHECKPOINT SAVED (val_loss: 0.2128)
Accuracy: 0.7000 | F1 Macro: 0.2059 | MCC: 0.0000
              precision    recall  f1-score   support

           R       0.70      1.00      0.82         7
           G       0.00      0.00      0.00         3
           S       0.00      0.00      0.00         0
           T       0.00      0.00      0.00         0

    accuracy                           0.70        10
   macro avg       0.17      0.25      0.21        10
weighted avg       0.49      0.70      0.58        10

Results saved in D:\DESKTOP\TIROCINIO\malaria-detection-pipeline\results\tuning\ood_stages\Falciparum_Ovale\ViT-B\lora

=== SORGENTE: Falciparum -> TARGET: Ovale | MODEL: RedDino | MODE: head_only ===
Training samples: 130 (Falciparum only, label=stage)
Val samples: 36
Test samples: 10 (Ovale only, label=stage)
Stage distribution training: R=106 G=10 S=11 T=3
Class 0: weights = 0.31
Class 1: weights = 3.25
Class 2: weights = 2.95
Class 3: weights = 10.83
Model: RedDino | Mode: head_only
Total params: 85,728,004
Trainable params: 3,076 (0.00%)
Epoch 1 | train_loss: 1.3685 | train_acc: 0.5308 | val_loss: 0.8820 | val_acc: 0.8056
CHECKPOINT SAVED (val_loss: 0.8820)
Epoch 2 | train_loss: 0.6954 | train_acc: 0.9308 | val_loss: 0.5308 | val_acc: 0.9444
CHECKPOINT SAVED (val_loss: 0.5308)
Epoch 3 | train_loss: 0.5495 | train_acc: 0.8923 | val_loss: 0.4768 | val_acc: 0.9444
CHECKPOINT SAVED (val_loss: 0.4768)
Epoch 4 | train_loss: 0.3995 | train_acc: 0.9154 | val_loss: 0.4212 | val_acc: 0.9722
CHECKPOINT SAVED (val_loss: 0.4212)
Epoch 5 | train_loss: 0.2953 | train_acc: 0.9538 | val_loss: 0.3534 | val_acc: 0.9722
CHECKPOINT SAVED (val_loss: 0.3534)
Epoch 6 | train_loss: 0.2372 | train_acc: 0.9923 | val_loss: 0.3290 | val_acc: 0.9722
CHECKPOINT SAVED (val_loss: 0.3290)
Epoch 7 | train_loss: 0.2063 | train_acc: 0.9769 | val_loss: 0.2583 | val_acc: 0.9722
CHECKPOINT SAVED (val_loss: 0.2583)
Epoch 8 | train_loss: 0.1694 | train_acc: 0.9846 | val_loss: 0.2199 | val_acc: 0.9722
CHECKPOINT SAVED (val_loss: 0.2199)
Epoch 9 | train_loss: 0.1710 | train_acc: 0.9769 | val_loss: 0.1886 | val_acc: 1.0000
CHECKPOINT SAVED (val_loss: 0.1886)
Epoch 10 | train_loss: 0.1463 | train_acc: 0.9846 | val_loss: 0.1854 | val_acc: 0.9722
CHECKPOINT SAVED (val_loss: 0.1854)
Epoch 11 | train_loss: 0.1119 | train_acc: 0.9923 | val_loss: 0.1575 | val_acc: 1.0000
CHECKPOINT SAVED (val_loss: 0.1575)
Epoch 12 | train_loss: 0.1130 | train_acc: 1.0000 | val_loss: 0.1356 | val_acc: 1.0000
CHECKPOINT SAVED (val_loss: 0.1356)
Epoch 13 | train_loss: 0.0853 | train_acc: 1.0000 | val_loss: 0.1162 | val_acc: 1.0000
CHECKPOINT SAVED (val_loss: 0.1162)
Epoch 14 | train_loss: 0.0837 | train_acc: 1.0000 | val_loss: 0.1026 | val_acc: 1.0000
CHECKPOINT SAVED (val_loss: 0.1026)
Epoch 15 | train_loss: 0.0738 | train_acc: 1.0000 | val_loss: 0.0935 | val_acc: 1.0000
CHECKPOINT SAVED (val_loss: 0.0935)
Epoch 16 | train_loss: 0.0669 | train_acc: 1.0000 | val_loss: 0.0869 | val_acc: 1.0000
CHECKPOINT SAVED (val_loss: 0.0869)
Epoch 17 | train_loss: 0.0709 | train_acc: 1.0000 | val_loss: 0.0809 | val_acc: 1.0000
CHECKPOINT SAVED (val_loss: 0.0809)
Epoch 18 | train_loss: 0.0610 | train_acc: 1.0000 | val_loss: 0.0738 | val_acc: 1.0000
CHECKPOINT SAVED (val_loss: 0.0738)
Epoch 19 | train_loss: 0.0626 | train_acc: 1.0000 | val_loss: 0.0695 | val_acc: 1.0000
CHECKPOINT SAVED (val_loss: 0.0695)
Epoch 20 | train_loss: 0.0596 | train_acc: 0.9923 | val_loss: 0.0620 | val_acc: 1.0000
CHECKPOINT SAVED (val_loss: 0.0620)
Epoch 21 | train_loss: 0.0486 | train_acc: 1.0000 | val_loss: 0.0588 | val_acc: 1.0000
CHECKPOINT SAVED (val_loss: 0.0588)
Epoch 22 | train_loss: 0.0482 | train_acc: 1.0000 | val_loss: 0.0586 | val_acc: 1.0000
CHECKPOINT SAVED (val_loss: 0.0586)
Epoch 23 | train_loss: 0.0554 | train_acc: 1.0000 | val_loss: 0.0555 | val_acc: 1.0000
CHECKPOINT SAVED (val_loss: 0.0555)
Epoch 24 | train_loss: 0.0502 | train_acc: 1.0000 | val_loss: 0.0538 | val_acc: 1.0000
CHECKPOINT SAVED (val_loss: 0.0538)
Epoch 25 | train_loss: 0.0422 | train_acc: 1.0000 | val_loss: 0.0544 | val_acc: 1.0000
Epoch 26 | train_loss: 0.0386 | train_acc: 1.0000 | val_loss: 0.0529 | val_acc: 1.0000
CHECKPOINT SAVED (val_loss: 0.0529)
Epoch 27 | train_loss: 0.0436 | train_acc: 1.0000 | val_loss: 0.0479 | val_acc: 1.0000
CHECKPOINT SAVED (val_loss: 0.0479)
Epoch 28 | train_loss: 0.0419 | train_acc: 1.0000 | val_loss: 0.0457 | val_acc: 1.0000
CHECKPOINT SAVED (val_loss: 0.0457)
Epoch 29 | train_loss: 0.0320 | train_acc: 1.0000 | val_loss: 0.0439 | val_acc: 1.0000
CHECKPOINT SAVED (val_loss: 0.0439)
Epoch 30 | train_loss: 0.0380 | train_acc: 1.0000 | val_loss: 0.0436 | val_acc: 1.0000
CHECKPOINT SAVED (val_loss: 0.0436)
Epoch 31 | train_loss: 0.0337 | train_acc: 1.0000 | val_loss: 0.0414 | val_acc: 1.0000
CHECKPOINT SAVED (val_loss: 0.0414)
Epoch 32 | train_loss: 0.0266 | train_acc: 1.0000 | val_loss: 0.0397 | val_acc: 1.0000
CHECKPOINT SAVED (val_loss: 0.0397)
Epoch 33 | train_loss: 0.0334 | train_acc: 1.0000 | val_loss: 0.0387 | val_acc: 1.0000
CHECKPOINT SAVED (val_loss: 0.0387)
Epoch 34 | train_loss: 0.0291 | train_acc: 1.0000 | val_loss: 0.0383 | val_acc: 1.0000
CHECKPOINT SAVED (val_loss: 0.0383)
Epoch 35 | train_loss: 0.0361 | train_acc: 1.0000 | val_loss: 0.0370 | val_acc: 1.0000
CHECKPOINT SAVED (val_loss: 0.0370)
Epoch 36 | train_loss: 0.0275 | train_acc: 1.0000 | val_loss: 0.0353 | val_acc: 1.0000
CHECKPOINT SAVED (val_loss: 0.0353)
Epoch 37 | train_loss: 0.0337 | train_acc: 1.0000 | val_loss: 0.0345 | val_acc: 1.0000
CHECKPOINT SAVED (val_loss: 0.0345)
Epoch 38 | train_loss: 0.0239 | train_acc: 1.0000 | val_loss: 0.0333 | val_acc: 1.0000
CHECKPOINT SAVED (val_loss: 0.0333)
Epoch 39 | train_loss: 0.0278 | train_acc: 1.0000 | val_loss: 0.0316 | val_acc: 1.0000
CHECKPOINT SAVED (val_loss: 0.0316)
Epoch 40 | train_loss: 0.0251 | train_acc: 1.0000 | val_loss: 0.0302 | val_acc: 1.0000
CHECKPOINT SAVED (val_loss: 0.0302)
Epoch 41 | train_loss: 0.0271 | train_acc: 1.0000 | val_loss: 0.0281 | val_acc: 1.0000
CHECKPOINT SAVED (val_loss: 0.0281)
Epoch 42 | train_loss: 0.0223 | train_acc: 1.0000 | val_loss: 0.0260 | val_acc: 1.0000
CHECKPOINT SAVED (val_loss: 0.0260)
Epoch 43 | train_loss: 0.0196 | train_acc: 1.0000 | val_loss: 0.0256 | val_acc: 1.0000
CHECKPOINT SAVED (val_loss: 0.0256)
Epoch 44 | train_loss: 0.0231 | train_acc: 1.0000 | val_loss: 0.0252 | val_acc: 1.0000
CHECKPOINT SAVED (val_loss: 0.0252)
Epoch 45 | train_loss: 0.0226 | train_acc: 1.0000 | val_loss: 0.0258 | val_acc: 1.0000
Epoch 46 | train_loss: 0.0196 | train_acc: 1.0000 | val_loss: 0.0253 | val_acc: 1.0000
Epoch 47 | train_loss: 0.0194 | train_acc: 1.0000 | val_loss: 0.0245 | val_acc: 1.0000
CHECKPOINT SAVED (val_loss: 0.0245)
Epoch 48 | train_loss: 0.0175 | train_acc: 1.0000 | val_loss: 0.0238 | val_acc: 1.0000
CHECKPOINT SAVED (val_loss: 0.0238)
Epoch 49 | train_loss: 0.0216 | train_acc: 1.0000 | val_loss: 0.0227 | val_acc: 1.0000
CHECKPOINT SAVED (val_loss: 0.0227)
Epoch 50 | train_loss: 0.0213 | train_acc: 1.0000 | val_loss: 0.0221 | val_acc: 1.0000
CHECKPOINT SAVED (val_loss: 0.0221)
Accuracy: 0.7000 | F1 Macro: 0.3558 | MCC: 0.5250
              precision    recall  f1-score   support

           R       1.00      0.86      0.92         7
           G       1.00      0.33      0.50         3
           S       0.00      0.00      0.00         0
           T       0.00      0.00      0.00         0

    accuracy                           0.70        10
   macro avg       0.50      0.30      0.36        10
weighted avg       1.00      0.70      0.80        10

Results saved in D:\DESKTOP\TIROCINIO\malaria-detection-pipeline\results\tuning\ood_stages\Falciparum_Ovale\RedDino\head_only

=== SORGENTE: Falciparum -> TARGET: Ovale | MODEL: RedDino | MODE: full ===
Training samples: 130 (Falciparum only, label=stage)
Val samples: 36
Test samples: 10 (Ovale only, label=stage)
Stage distribution training: R=106 G=10 S=11 T=3
Class 0: weights = 0.31
Class 1: weights = 3.25
Class 2: weights = 2.95
Class 3: weights = 10.83
Model: RedDino | Mode: full
Total params: 85,728,004
Trainable params: 85,728,004 (100.00%)
Epoch 1 | train_loss: 1.1320 | train_acc: 0.6000 | val_loss: 0.8007 | val_acc: 0.9722
CHECKPOINT SAVED (val_loss: 0.8007)
Epoch 2 | train_loss: 0.3168 | train_acc: 0.9769 | val_loss: 0.2778 | val_acc: 0.9167
CHECKPOINT SAVED (val_loss: 0.2778)
Epoch 3 | train_loss: 0.1369 | train_acc: 0.9923 | val_loss: 0.0996 | val_acc: 1.0000
CHECKPOINT SAVED (val_loss: 0.0996)
Epoch 4 | train_loss: 0.0529 | train_acc: 0.9923 | val_loss: 0.0442 | val_acc: 1.0000
CHECKPOINT SAVED (val_loss: 0.0442)
Epoch 5 | train_loss: 0.0158 | train_acc: 1.0000 | val_loss: 0.0052 | val_acc: 1.0000
CHECKPOINT SAVED (val_loss: 0.0052)
Epoch 6 | train_loss: 0.0047 | train_acc: 1.0000 | val_loss: 0.0025 | val_acc: 1.0000
CHECKPOINT SAVED (val_loss: 0.0025)
Epoch 7 | train_loss: 0.0015 | train_acc: 1.0000 | val_loss: 0.0014 | val_acc: 1.0000
CHECKPOINT SAVED (val_loss: 0.0014)
Epoch 8 | train_loss: 0.0009 | train_acc: 1.0000 | val_loss: 0.0011 | val_acc: 1.0000
CHECKPOINT SAVED (val_loss: 0.0011)
Epoch 9 | train_loss: 0.0007 | train_acc: 1.0000 | val_loss: 0.0008 | val_acc: 1.0000
CHECKPOINT SAVED (val_loss: 0.0008)
Epoch 10 | train_loss: 0.0006 | train_acc: 1.0000 | val_loss: 0.0006 | val_acc: 1.0000
CHECKPOINT SAVED (val_loss: 0.0006)
Epoch 11 | train_loss: 0.0004 | train_acc: 1.0000 | val_loss: 0.0006 | val_acc: 1.0000
CHECKPOINT SAVED (val_loss: 0.0006)
Epoch 12 | train_loss: 0.0007 | train_acc: 1.0000 | val_loss: 0.0004 | val_acc: 1.0000
CHECKPOINT SAVED (val_loss: 0.0004)
Epoch 13 | train_loss: 0.0006 | train_acc: 1.0000 | val_loss: 0.0003 | val_acc: 1.0000
CHECKPOINT SAVED (val_loss: 0.0003)
Epoch 14 | train_loss: 0.0003 | train_acc: 1.0000 | val_loss: 0.0003 | val_acc: 1.0000
CHECKPOINT SAVED (val_loss: 0.0003)
Epoch 15 | train_loss: 0.0002 | train_acc: 1.0000 | val_loss: 0.0003 | val_acc: 1.0000
CHECKPOINT SAVED (val_loss: 0.0003)
Epoch 16 | train_loss: 0.0003 | train_acc: 1.0000 | val_loss: 0.0003 | val_acc: 1.0000
CHECKPOINT SAVED (val_loss: 0.0003)
Epoch 17 | train_loss: 0.0003 | train_acc: 1.0000 | val_loss: 0.0002 | val_acc: 1.0000
CHECKPOINT SAVED (val_loss: 0.0002)
Epoch 18 | train_loss: 0.0020 | train_acc: 1.0000 | val_loss: 0.0007 | val_acc: 1.0000
Epoch 19 | train_loss: 0.0006 | train_acc: 1.0000 | val_loss: 0.0034 | val_acc: 1.0000
Epoch 20 | train_loss: 0.0057 | train_acc: 1.0000 | val_loss: 0.0002 | val_acc: 1.0000
CHECKPOINT SAVED (val_loss: 0.0002)
Epoch 21 | train_loss: 0.0004 | train_acc: 1.0000 | val_loss: 0.0068 | val_acc: 1.0000
Epoch 22 | train_loss: 0.0020 | train_acc: 1.0000 | val_loss: 0.0002 | val_acc: 1.0000
Epoch 23 | train_loss: 0.0002 | train_acc: 1.0000 | val_loss: 0.0001 | val_acc: 1.0000
CHECKPOINT SAVED (val_loss: 0.0001)
Epoch 24 | train_loss: 0.0002 | train_acc: 1.0000 | val_loss: 0.0001 | val_acc: 1.0000
CHECKPOINT SAVED (val_loss: 0.0001)
Epoch 25 | train_loss: 0.0002 | train_acc: 1.0000 | val_loss: 0.0001 | val_acc: 1.0000
Epoch 26 | train_loss: 0.0002 | train_acc: 1.0000 | val_loss: 0.0001 | val_acc: 1.0000
Epoch 27 | train_loss: 0.0002 | train_acc: 1.0000 | val_loss: 0.0001 | val_acc: 1.0000
Epoch 28 | train_loss: 0.0002 | train_acc: 1.0000 | val_loss: 0.0001 | val_acc: 1.0000
Epoch 29 | train_loss: 0.0001 | train_acc: 1.0000 | val_loss: 0.0001 | val_acc: 1.0000
CHECKPOINT SAVED (val_loss: 0.0001)
Epoch 30 | train_loss: 0.0001 | train_acc: 1.0000 | val_loss: 0.0001 | val_acc: 1.0000
CHECKPOINT SAVED (val_loss: 0.0001)
WARNING: 10 epochs with no progress, stopping
TRAINING STOPPED AT EPOCH 30
Accuracy: 0.2000 | F1 Macro: 0.1111 | MCC: 0.1637
              precision    recall  f1-score   support

           R       1.00      0.29      0.44         7
           G       0.00      0.00      0.00         3
           S       0.00      0.00      0.00         0
           T       0.00      0.00      0.00         0

    accuracy                           0.20        10
   macro avg       0.25      0.07      0.11        10
weighted avg       0.70      0.20      0.31        10

Results saved in D:\DESKTOP\TIROCINIO\malaria-detection-pipeline\results\tuning\ood_stages\Falciparum_Ovale\RedDino\full

=== SORGENTE: Falciparum -> TARGET: Ovale | MODEL: RedDino | MODE: lora ===
Training samples: 130 (Falciparum only, label=stage)
Val samples: 36
Test samples: 10 (Ovale only, label=stage)
Stage distribution training: R=106 G=10 S=11 T=3
Class 0: weights = 0.31
Class 1: weights = 3.25
Class 2: weights = 2.95
Class 3: weights = 10.83
Model: RedDino | Mode: lora
Total params: 86,022,916
Trainable params: 297,988 (0.35%)
Epoch 1 | train_loss: 1.5636 | train_acc: 0.4000 | val_loss: 1.0518 | val_acc: 0.8611
CHECKPOINT SAVED (val_loss: 1.0518)
Epoch 2 | train_loss: 0.9783 | train_acc: 0.8846 | val_loss: 0.9033 | val_acc: 0.9167
CHECKPOINT SAVED (val_loss: 0.9033)
Epoch 3 | train_loss: 0.7528 | train_acc: 0.9231 | val_loss: 0.6458 | val_acc: 0.9167
CHECKPOINT SAVED (val_loss: 0.6458)
Epoch 4 | train_loss: 0.4808 | train_acc: 0.9308 | val_loss: 0.4145 | val_acc: 0.9167
CHECKPOINT SAVED (val_loss: 0.4145)
Epoch 5 | train_loss: 0.3183 | train_acc: 0.9615 | val_loss: 0.3765 | val_acc: 0.8333
CHECKPOINT SAVED (val_loss: 0.3765)
Epoch 6 | train_loss: 0.2891 | train_acc: 0.8462 | val_loss: 0.3330 | val_acc: 0.9167
CHECKPOINT SAVED (val_loss: 0.3330)
Epoch 7 | train_loss: 0.2455 | train_acc: 0.9538 | val_loss: 0.2939 | val_acc: 0.9722
CHECKPOINT SAVED (val_loss: 0.2939)
Epoch 8 | train_loss: 0.1893 | train_acc: 0.9846 | val_loss: 0.2656 | val_acc: 0.9722
CHECKPOINT SAVED (val_loss: 0.2656)
Epoch 9 | train_loss: 0.1751 | train_acc: 0.9923 | val_loss: 0.2015 | val_acc: 1.0000
CHECKPOINT SAVED (val_loss: 0.2015)
Epoch 10 | train_loss: 0.1426 | train_acc: 1.0000 | val_loss: 0.1839 | val_acc: 0.9722
CHECKPOINT SAVED (val_loss: 0.1839)
Epoch 11 | train_loss: 0.1205 | train_acc: 0.9846 | val_loss: 0.1764 | val_acc: 1.0000
CHECKPOINT SAVED (val_loss: 0.1764)
Epoch 12 | train_loss: 0.1181 | train_acc: 1.0000 | val_loss: 0.1610 | val_acc: 1.0000
CHECKPOINT SAVED (val_loss: 0.1610)
Epoch 13 | train_loss: 0.1229 | train_acc: 0.9923 | val_loss: 0.1438 | val_acc: 1.0000
CHECKPOINT SAVED (val_loss: 0.1438)
Epoch 14 | train_loss: 0.1079 | train_acc: 1.0000 | val_loss: 0.1310 | val_acc: 1.0000
CHECKPOINT SAVED (val_loss: 0.1310)
Epoch 15 | train_loss: 0.0890 | train_acc: 1.0000 | val_loss: 0.1216 | val_acc: 1.0000
CHECKPOINT SAVED (val_loss: 0.1216)
Epoch 16 | train_loss: 0.0911 | train_acc: 1.0000 | val_loss: 0.1064 | val_acc: 1.0000
CHECKPOINT SAVED (val_loss: 0.1064)
Epoch 17 | train_loss: 0.0776 | train_acc: 1.0000 | val_loss: 0.0956 | val_acc: 1.0000
CHECKPOINT SAVED (val_loss: 0.0956)
Epoch 18 | train_loss: 0.0741 | train_acc: 1.0000 | val_loss: 0.0850 | val_acc: 1.0000
CHECKPOINT SAVED (val_loss: 0.0850)
Epoch 19 | train_loss: 0.0695 | train_acc: 1.0000 | val_loss: 0.0804 | val_acc: 1.0000
CHECKPOINT SAVED (val_loss: 0.0804)
Epoch 20 | train_loss: 0.0679 | train_acc: 1.0000 | val_loss: 0.0756 | val_acc: 1.0000
CHECKPOINT SAVED (val_loss: 0.0756)
Epoch 21 | train_loss: 0.0592 | train_acc: 1.0000 | val_loss: 0.0700 | val_acc: 1.0000
CHECKPOINT SAVED (val_loss: 0.0700)
Epoch 22 | train_loss: 0.0587 | train_acc: 1.0000 | val_loss: 0.0650 | val_acc: 1.0000
CHECKPOINT SAVED (val_loss: 0.0650)
Epoch 23 | train_loss: 0.0638 | train_acc: 1.0000 | val_loss: 0.0706 | val_acc: 0.9722
Epoch 24 | train_loss: 0.0516 | train_acc: 1.0000 | val_loss: 0.0621 | val_acc: 0.9722
CHECKPOINT SAVED (val_loss: 0.0621)
Epoch 25 | train_loss: 0.0448 | train_acc: 1.0000 | val_loss: 0.0535 | val_acc: 1.0000
CHECKPOINT SAVED (val_loss: 0.0535)
Epoch 26 | train_loss: 0.0419 | train_acc: 1.0000 | val_loss: 0.0509 | val_acc: 1.0000
CHECKPOINT SAVED (val_loss: 0.0509)
Epoch 27 | train_loss: 0.0479 | train_acc: 1.0000 | val_loss: 0.0480 | val_acc: 1.0000
CHECKPOINT SAVED (val_loss: 0.0480)
Epoch 28 | train_loss: 0.0360 | train_acc: 1.0000 | val_loss: 0.0460 | val_acc: 1.0000
CHECKPOINT SAVED (val_loss: 0.0460)
Epoch 29 | train_loss: 0.0377 | train_acc: 1.0000 | val_loss: 0.0447 | val_acc: 1.0000
CHECKPOINT SAVED (val_loss: 0.0447)
Epoch 30 | train_loss: 0.0384 | train_acc: 1.0000 | val_loss: 0.0424 | val_acc: 1.0000
CHECKPOINT SAVED (val_loss: 0.0424)
Epoch 31 | train_loss: 0.0373 | train_acc: 1.0000 | val_loss: 0.0410 | val_acc: 1.0000
CHECKPOINT SAVED (val_loss: 0.0410)
Epoch 32 | train_loss: 0.0361 | train_acc: 1.0000 | val_loss: 0.0409 | val_acc: 1.0000
CHECKPOINT SAVED (val_loss: 0.0409)
Epoch 33 | train_loss: 0.0346 | train_acc: 1.0000 | val_loss: 0.0409 | val_acc: 1.0000
CHECKPOINT SAVED (val_loss: 0.0409)
Epoch 34 | train_loss: 0.0325 | train_acc: 1.0000 | val_loss: 0.0400 | val_acc: 1.0000
CHECKPOINT SAVED (val_loss: 0.0400)
Epoch 35 | train_loss: 0.0270 | train_acc: 1.0000 | val_loss: 0.0360 | val_acc: 1.0000
CHECKPOINT SAVED (val_loss: 0.0360)
Epoch 36 | train_loss: 0.0316 | train_acc: 1.0000 | val_loss: 0.0337 | val_acc: 1.0000
CHECKPOINT SAVED (val_loss: 0.0337)
Epoch 37 | train_loss: 0.0264 | train_acc: 1.0000 | val_loss: 0.0324 | val_acc: 1.0000
CHECKPOINT SAVED (val_loss: 0.0324)
Epoch 38 | train_loss: 0.0276 | train_acc: 1.0000 | val_loss: 0.0313 | val_acc: 1.0000
CHECKPOINT SAVED (val_loss: 0.0313)
Epoch 39 | train_loss: 0.0208 | train_acc: 1.0000 | val_loss: 0.0299 | val_acc: 1.0000
CHECKPOINT SAVED (val_loss: 0.0299)
Epoch 40 | train_loss: 0.0234 | train_acc: 1.0000 | val_loss: 0.0285 | val_acc: 1.0000
CHECKPOINT SAVED (val_loss: 0.0285)
Epoch 41 | train_loss: 0.0245 | train_acc: 1.0000 | val_loss: 0.0270 | val_acc: 1.0000
CHECKPOINT SAVED (val_loss: 0.0270)
Epoch 42 | train_loss: 0.0190 | train_acc: 1.0000 | val_loss: 0.0260 | val_acc: 1.0000
CHECKPOINT SAVED (val_loss: 0.0260)
Epoch 43 | train_loss: 0.0213 | train_acc: 1.0000 | val_loss: 0.0254 | val_acc: 1.0000
CHECKPOINT SAVED (val_loss: 0.0254)
Epoch 44 | train_loss: 0.0216 | train_acc: 1.0000 | val_loss: 0.0248 | val_acc: 1.0000
CHECKPOINT SAVED (val_loss: 0.0248)
Epoch 45 | train_loss: 0.0198 | train_acc: 1.0000 | val_loss: 0.0239 | val_acc: 1.0000
CHECKPOINT SAVED (val_loss: 0.0239)
Epoch 46 | train_loss: 0.0217 | train_acc: 1.0000 | val_loss: 0.0229 | val_acc: 1.0000
CHECKPOINT SAVED (val_loss: 0.0229)
Epoch 47 | train_loss: 0.0202 | train_acc: 1.0000 | val_loss: 0.0220 | val_acc: 1.0000
CHECKPOINT SAVED (val_loss: 0.0220)
Epoch 48 | train_loss: 0.0167 | train_acc: 1.0000 | val_loss: 0.0214 | val_acc: 1.0000
CHECKPOINT SAVED (val_loss: 0.0214)
Epoch 49 | train_loss: 0.0179 | train_acc: 1.0000 | val_loss: 0.0210 | val_acc: 1.0000
CHECKPOINT SAVED (val_loss: 0.0210)
Epoch 50 | train_loss: 0.0164 | train_acc: 1.0000 | val_loss: 0.0204 | val_acc: 1.0000
CHECKPOINT SAVED (val_loss: 0.0204)
Accuracy: 0.8000 | F1 Macro: 0.3750 | MCC: 0.6370
              precision    recall  f1-score   support

           R       1.00      1.00      1.00         7
           G       1.00      0.33      0.50         3
           S       0.00      0.00      0.00         0
           T       0.00      0.00      0.00         0

    accuracy                           0.80        10
   macro avg       0.50      0.33      0.38        10
weighted avg       1.00      0.80      0.85        10

Results saved in D:\DESKTOP\TIROCINIO\malaria-detection-pipeline\results\tuning\ood_stages\Falciparum_Ovale\RedDino\lora

=== SORGENTE: Falciparum -> TARGET: Ovale | MODEL: DinoBloom | MODE: head_only ===
Training samples: 130 (Falciparum only, label=stage)
Val samples: 36
Test samples: 10 (Ovale only, label=stage)
Stage distribution training: R=106 G=10 S=11 T=3
Class 0: weights = 0.31
Class 1: weights = 3.25
Class 2: weights = 2.95
Class 3: weights = 10.83
Model: DinoBloom | Mode: head_only
Total params: 86,582,788
Trainable params: 3,076 (0.00%)
Epoch 1 | train_loss: 1.3512 | train_acc: 0.6769 | val_loss: 0.6499 | val_acc: 0.9444
CHECKPOINT SAVED (val_loss: 0.6499)
Epoch 2 | train_loss: 0.5405 | train_acc: 0.9231 | val_loss: 0.3804 | val_acc: 0.8889
CHECKPOINT SAVED (val_loss: 0.3804)
Epoch 3 | train_loss: 0.2057 | train_acc: 0.9769 | val_loss: 0.2240 | val_acc: 0.9167
CHECKPOINT SAVED (val_loss: 0.2240)
Epoch 4 | train_loss: 0.1742 | train_acc: 0.9462 | val_loss: 0.2374 | val_acc: 0.8056
Epoch 5 | train_loss: 0.1133 | train_acc: 0.9692 | val_loss: 0.1594 | val_acc: 0.9167
CHECKPOINT SAVED (val_loss: 0.1594)
Epoch 6 | train_loss: 0.0881 | train_acc: 0.9846 | val_loss: 0.1056 | val_acc: 0.9444
CHECKPOINT SAVED (val_loss: 0.1056)
Epoch 7 | train_loss: 0.0547 | train_acc: 0.9923 | val_loss: 0.0788 | val_acc: 1.0000
CHECKPOINT SAVED (val_loss: 0.0788)
Epoch 8 | train_loss: 0.0466 | train_acc: 1.0000 | val_loss: 0.0699 | val_acc: 1.0000
CHECKPOINT SAVED (val_loss: 0.0699)
Epoch 9 | train_loss: 0.0652 | train_acc: 0.9923 | val_loss: 0.0949 | val_acc: 0.9722
Epoch 10 | train_loss: 0.0461 | train_acc: 0.9923 | val_loss: 0.0820 | val_acc: 0.9722
Epoch 11 | train_loss: 0.0319 | train_acc: 1.0000 | val_loss: 0.0485 | val_acc: 1.0000
CHECKPOINT SAVED (val_loss: 0.0485)
Epoch 12 | train_loss: 0.0244 | train_acc: 1.0000 | val_loss: 0.0346 | val_acc: 1.0000
CHECKPOINT SAVED (val_loss: 0.0346)
Epoch 13 | train_loss: 0.0298 | train_acc: 1.0000 | val_loss: 0.0302 | val_acc: 1.0000
CHECKPOINT SAVED (val_loss: 0.0302)
Epoch 14 | train_loss: 0.0172 | train_acc: 1.0000 | val_loss: 0.0279 | val_acc: 1.0000
CHECKPOINT SAVED (val_loss: 0.0279)
Epoch 15 | train_loss: 0.0259 | train_acc: 1.0000 | val_loss: 0.0297 | val_acc: 1.0000
Epoch 16 | train_loss: 0.0161 | train_acc: 1.0000 | val_loss: 0.0298 | val_acc: 1.0000
Epoch 17 | train_loss: 0.0161 | train_acc: 1.0000 | val_loss: 0.0277 | val_acc: 1.0000
CHECKPOINT SAVED (val_loss: 0.0277)
Epoch 18 | train_loss: 0.0238 | train_acc: 1.0000 | val_loss: 0.0283 | val_acc: 1.0000
Epoch 19 | train_loss: 0.0224 | train_acc: 1.0000 | val_loss: 0.0251 | val_acc: 1.0000
CHECKPOINT SAVED (val_loss: 0.0251)
Epoch 20 | train_loss: 0.0188 | train_acc: 1.0000 | val_loss: 0.0221 | val_acc: 1.0000
CHECKPOINT SAVED (val_loss: 0.0221)
Epoch 21 | train_loss: 0.0307 | train_acc: 1.0000 | val_loss: 0.0210 | val_acc: 1.0000
CHECKPOINT SAVED (val_loss: 0.0210)
Epoch 22 | train_loss: 0.0149 | train_acc: 1.0000 | val_loss: 0.0224 | val_acc: 1.0000
Epoch 23 | train_loss: 0.0119 | train_acc: 1.0000 | val_loss: 0.0205 | val_acc: 1.0000
CHECKPOINT SAVED (val_loss: 0.0205)
Epoch 24 | train_loss: 0.0130 | train_acc: 1.0000 | val_loss: 0.0155 | val_acc: 1.0000
CHECKPOINT SAVED (val_loss: 0.0155)
Epoch 25 | train_loss: 0.0142 | train_acc: 1.0000 | val_loss: 0.0126 | val_acc: 1.0000
CHECKPOINT SAVED (val_loss: 0.0126)
Epoch 26 | train_loss: 0.0124 | train_acc: 1.0000 | val_loss: 0.0118 | val_acc: 1.0000
CHECKPOINT SAVED (val_loss: 0.0118)
Epoch 27 | train_loss: 0.0078 | train_acc: 1.0000 | val_loss: 0.0113 | val_acc: 1.0000
CHECKPOINT SAVED (val_loss: 0.0113)
Epoch 28 | train_loss: 0.0108 | train_acc: 1.0000 | val_loss: 0.0113 | val_acc: 1.0000
CHECKPOINT SAVED (val_loss: 0.0113)
Epoch 29 | train_loss: 0.0109 | train_acc: 1.0000 | val_loss: 0.0118 | val_acc: 1.0000
Epoch 30 | train_loss: 0.0088 | train_acc: 1.0000 | val_loss: 0.0121 | val_acc: 1.0000
Epoch 31 | train_loss: 0.0092 | train_acc: 1.0000 | val_loss: 0.0120 | val_acc: 1.0000
Epoch 32 | train_loss: 0.0085 | train_acc: 1.0000 | val_loss: 0.0119 | val_acc: 1.0000
Epoch 33 | train_loss: 0.0093 | train_acc: 1.0000 | val_loss: 0.0123 | val_acc: 1.0000
Epoch 34 | train_loss: 0.0085 | train_acc: 1.0000 | val_loss: 0.0114 | val_acc: 1.0000
Epoch 35 | train_loss: 0.0082 | train_acc: 1.0000 | val_loss: 0.0101 | val_acc: 1.0000
CHECKPOINT SAVED (val_loss: 0.0101)
Epoch 36 | train_loss: 0.0084 | train_acc: 1.0000 | val_loss: 0.0097 | val_acc: 1.0000
CHECKPOINT SAVED (val_loss: 0.0097)
Epoch 37 | train_loss: 0.0072 | train_acc: 1.0000 | val_loss: 0.0102 | val_acc: 1.0000
Epoch 38 | train_loss: 0.0085 | train_acc: 1.0000 | val_loss: 0.0102 | val_acc: 1.0000
Epoch 39 | train_loss: 0.0069 | train_acc: 1.0000 | val_loss: 0.0101 | val_acc: 1.0000
Epoch 40 | train_loss: 0.0088 | train_acc: 1.0000 | val_loss: 0.0093 | val_acc: 1.0000
CHECKPOINT SAVED (val_loss: 0.0093)
Epoch 41 | train_loss: 0.0064 | train_acc: 1.0000 | val_loss: 0.0090 | val_acc: 1.0000
CHECKPOINT SAVED (val_loss: 0.0090)
Epoch 42 | train_loss: 0.0081 | train_acc: 1.0000 | val_loss: 0.0087 | val_acc: 1.0000
CHECKPOINT SAVED (val_loss: 0.0087)
Epoch 43 | train_loss: 0.0068 | train_acc: 1.0000 | val_loss: 0.0088 | val_acc: 1.0000
Epoch 44 | train_loss: 0.0071 | train_acc: 1.0000 | val_loss: 0.0080 | val_acc: 1.0000
CHECKPOINT SAVED (val_loss: 0.0080)
Epoch 45 | train_loss: 0.0061 | train_acc: 1.0000 | val_loss: 0.0077 | val_acc: 1.0000
CHECKPOINT SAVED (val_loss: 0.0077)
Epoch 46 | train_loss: 0.0051 | train_acc: 1.0000 | val_loss: 0.0074 | val_acc: 1.0000
CHECKPOINT SAVED (val_loss: 0.0074)
Epoch 47 | train_loss: 0.0088 | train_acc: 1.0000 | val_loss: 0.0077 | val_acc: 1.0000
Epoch 48 | train_loss: 0.0072 | train_acc: 1.0000 | val_loss: 0.0073 | val_acc: 1.0000
CHECKPOINT SAVED (val_loss: 0.0073)
Epoch 49 | train_loss: 0.0058 | train_acc: 1.0000 | val_loss: 0.0066 | val_acc: 1.0000
CHECKPOINT SAVED (val_loss: 0.0066)
Epoch 50 | train_loss: 0.0053 | train_acc: 1.0000 | val_loss: 0.0063 | val_acc: 1.0000
CHECKPOINT SAVED (val_loss: 0.0063)
Accuracy: 0.9000 | F1 Macro: 0.4500 | MCC: 0.7963
              precision    recall  f1-score   support

           R       1.00      1.00      1.00         7
           G       1.00      0.67      0.80         3
           S       0.00      0.00      0.00         0
           T       0.00      0.00      0.00         0

    accuracy                           0.90        10
   macro avg       0.50      0.42      0.45        10
weighted avg       1.00      0.90      0.94        10

Results saved in D:\DESKTOP\TIROCINIO\malaria-detection-pipeline\results\tuning\ood_stages\Falciparum_Ovale\DinoBloom\head_only

=== SORGENTE: Falciparum -> TARGET: Ovale | MODEL: DinoBloom | MODE: lora ===
Training samples: 130 (Falciparum only, label=stage)
Val samples: 36
Test samples: 10 (Ovale only, label=stage)
Stage distribution training: R=106 G=10 S=11 T=3
Class 0: weights = 0.31
Class 1: weights = 3.25
Class 2: weights = 2.95
Class 3: weights = 10.83
Model: DinoBloom | Mode: lora
Total params: 86,877,700
Trainable params: 297,988 (0.34%)
Epoch 1 | train_loss: 1.1524 | train_acc: 0.6769 | val_loss: 0.6419 | val_acc: 0.9444
CHECKPOINT SAVED (val_loss: 0.6419)
Epoch 2 | train_loss: 0.6499 | train_acc: 0.9154 | val_loss: 0.4715 | val_acc: 0.9722
CHECKPOINT SAVED (val_loss: 0.4715)
Epoch 3 | train_loss: 0.2637 | train_acc: 0.9769 | val_loss: 0.3106 | val_acc: 0.9444
CHECKPOINT SAVED (val_loss: 0.3106)
Epoch 4 | train_loss: 0.1814 | train_acc: 0.9538 | val_loss: 0.3256 | val_acc: 0.8333
Epoch 5 | train_loss: 0.1537 | train_acc: 0.9538 | val_loss: 0.2255 | val_acc: 0.8333
CHECKPOINT SAVED (val_loss: 0.2255)
Epoch 6 | train_loss: 0.1018 | train_acc: 0.9692 | val_loss: 0.1326 | val_acc: 0.9722
CHECKPOINT SAVED (val_loss: 0.1326)
Epoch 7 | train_loss: 0.0662 | train_acc: 0.9923 | val_loss: 0.0907 | val_acc: 0.9722
CHECKPOINT SAVED (val_loss: 0.0907)
Epoch 8 | train_loss: 0.0426 | train_acc: 1.0000 | val_loss: 0.0712 | val_acc: 1.0000
CHECKPOINT SAVED (val_loss: 0.0712)
Epoch 9 | train_loss: 0.0469 | train_acc: 1.0000 | val_loss: 0.0572 | val_acc: 1.0000
CHECKPOINT SAVED (val_loss: 0.0572)
Epoch 10 | train_loss: 0.0315 | train_acc: 1.0000 | val_loss: 0.0500 | val_acc: 1.0000
CHECKPOINT SAVED (val_loss: 0.0500)
Epoch 11 | train_loss: 0.0390 | train_acc: 1.0000 | val_loss: 0.0493 | val_acc: 0.9722
CHECKPOINT SAVED (val_loss: 0.0493)
Epoch 12 | train_loss: 0.0275 | train_acc: 1.0000 | val_loss: 0.0449 | val_acc: 0.9722
CHECKPOINT SAVED (val_loss: 0.0449)
Epoch 13 | train_loss: 0.0225 | train_acc: 1.0000 | val_loss: 0.0376 | val_acc: 1.0000
CHECKPOINT SAVED (val_loss: 0.0376)
Epoch 14 | train_loss: 0.0212 | train_acc: 1.0000 | val_loss: 0.0327 | val_acc: 1.0000
CHECKPOINT SAVED (val_loss: 0.0327)
Epoch 15 | train_loss: 0.0240 | train_acc: 1.0000 | val_loss: 0.0329 | val_acc: 1.0000
Epoch 16 | train_loss: 0.0215 | train_acc: 1.0000 | val_loss: 0.0302 | val_acc: 1.0000
CHECKPOINT SAVED (val_loss: 0.0302)
Epoch 17 | train_loss: 0.0182 | train_acc: 1.0000 | val_loss: 0.0282 | val_acc: 1.0000
CHECKPOINT SAVED (val_loss: 0.0282)
Epoch 18 | train_loss: 0.0328 | train_acc: 1.0000 | val_loss: 0.0305 | val_acc: 1.0000
Epoch 19 | train_loss: 0.0235 | train_acc: 1.0000 | val_loss: 0.0354 | val_acc: 1.0000
Epoch 20 | train_loss: 0.0160 | train_acc: 1.0000 | val_loss: 0.0359 | val_acc: 1.0000
Epoch 21 | train_loss: 0.0163 | train_acc: 1.0000 | val_loss: 0.0272 | val_acc: 1.0000
CHECKPOINT SAVED (val_loss: 0.0272)
Epoch 22 | train_loss: 0.0152 | train_acc: 1.0000 | val_loss: 0.0222 | val_acc: 1.0000
CHECKPOINT SAVED (val_loss: 0.0222)
Epoch 23 | train_loss: 0.0122 | train_acc: 1.0000 | val_loss: 0.0180 | val_acc: 1.0000
CHECKPOINT SAVED (val_loss: 0.0180)
Epoch 24 | train_loss: 0.0153 | train_acc: 1.0000 | val_loss: 0.0161 | val_acc: 1.0000
CHECKPOINT SAVED (val_loss: 0.0161)
Epoch 25 | train_loss: 0.0111 | train_acc: 1.0000 | val_loss: 0.0155 | val_acc: 1.0000
CHECKPOINT SAVED (val_loss: 0.0155)
Epoch 26 | train_loss: 0.0119 | train_acc: 1.0000 | val_loss: 0.0153 | val_acc: 1.0000
CHECKPOINT SAVED (val_loss: 0.0153)
Epoch 27 | train_loss: 0.0127 | train_acc: 1.0000 | val_loss: 0.0153 | val_acc: 1.0000
Epoch 28 | train_loss: 0.0117 | train_acc: 1.0000 | val_loss: 0.0146 | val_acc: 1.0000
CHECKPOINT SAVED (val_loss: 0.0146)
Epoch 29 | train_loss: 0.0153 | train_acc: 0.9923 | val_loss: 0.0131 | val_acc: 1.0000
CHECKPOINT SAVED (val_loss: 0.0131)
Epoch 30 | train_loss: 0.0082 | train_acc: 1.0000 | val_loss: 0.0114 | val_acc: 1.0000
CHECKPOINT SAVED (val_loss: 0.0114)
Epoch 31 | train_loss: 0.0104 | train_acc: 1.0000 | val_loss: 0.0107 | val_acc: 1.0000
CHECKPOINT SAVED (val_loss: 0.0107)
Epoch 32 | train_loss: 0.0089 | train_acc: 1.0000 | val_loss: 0.0104 | val_acc: 1.0000
CHECKPOINT SAVED (val_loss: 0.0104)
Epoch 33 | train_loss: 0.0072 | train_acc: 1.0000 | val_loss: 0.0095 | val_acc: 1.0000
CHECKPOINT SAVED (val_loss: 0.0095)
Epoch 34 | train_loss: 0.0076 | train_acc: 1.0000 | val_loss: 0.0087 | val_acc: 1.0000
CHECKPOINT SAVED (val_loss: 0.0087)
Epoch 35 | train_loss: 0.0083 | train_acc: 1.0000 | val_loss: 0.0085 | val_acc: 1.0000
CHECKPOINT SAVED (val_loss: 0.0085)
Epoch 36 | train_loss: 0.0052 | train_acc: 1.0000 | val_loss: 0.0081 | val_acc: 1.0000
CHECKPOINT SAVED (val_loss: 0.0081)
Epoch 37 | train_loss: 0.0061 | train_acc: 1.0000 | val_loss: 0.0078 | val_acc: 1.0000
CHECKPOINT SAVED (val_loss: 0.0078)
Epoch 38 | train_loss: 0.0072 | train_acc: 1.0000 | val_loss: 0.0077 | val_acc: 1.0000
CHECKPOINT SAVED (val_loss: 0.0077)
Epoch 39 | train_loss: 0.0046 | train_acc: 1.0000 | val_loss: 0.0076 | val_acc: 1.0000
CHECKPOINT SAVED (val_loss: 0.0076)
Epoch 40 | train_loss: 0.0066 | train_acc: 1.0000 | val_loss: 0.0076 | val_acc: 1.0000
CHECKPOINT SAVED (val_loss: 0.0076)
Epoch 41 | train_loss: 0.0078 | train_acc: 1.0000 | val_loss: 0.0073 | val_acc: 1.0000
CHECKPOINT SAVED (val_loss: 0.0073)
Epoch 42 | train_loss: 0.0048 | train_acc: 1.0000 | val_loss: 0.0070 | val_acc: 1.0000
CHECKPOINT SAVED (val_loss: 0.0070)
Epoch 43 | train_loss: 0.0054 | train_acc: 1.0000 | val_loss: 0.0067 | val_acc: 1.0000
CHECKPOINT SAVED (val_loss: 0.0067)
Epoch 44 | train_loss: 0.0040 | train_acc: 1.0000 | val_loss: 0.0062 | val_acc: 1.0000
CHECKPOINT SAVED (val_loss: 0.0062)
Epoch 45 | train_loss: 0.0049 | train_acc: 1.0000 | val_loss: 0.0059 | val_acc: 1.0000
CHECKPOINT SAVED (val_loss: 0.0059)
Epoch 46 | train_loss: 0.0056 | train_acc: 1.0000 | val_loss: 0.0056 | val_acc: 1.0000
CHECKPOINT SAVED (val_loss: 0.0056)
Epoch 47 | train_loss: 0.0073 | train_acc: 1.0000 | val_loss: 0.0054 | val_acc: 1.0000
CHECKPOINT SAVED (val_loss: 0.0054)
Epoch 48 | train_loss: 0.0053 | train_acc: 1.0000 | val_loss: 0.0054 | val_acc: 1.0000
CHECKPOINT SAVED (val_loss: 0.0054)
Epoch 49 | train_loss: 0.0040 | train_acc: 1.0000 | val_loss: 0.0054 | val_acc: 1.0000
Epoch 50 | train_loss: 0.0041 | train_acc: 1.0000 | val_loss: 0.0054 | val_acc: 1.0000
Accuracy: 0.9000 | F1 Macro: 0.4500 | MCC: 0.7963
              precision    recall  f1-score   support

           R       1.00      1.00      1.00         7
           G       1.00      0.67      0.80         3
           S       0.00      0.00      0.00         0
           T       0.00      0.00      0.00         0

    accuracy                           0.90        10
   macro avg       0.50      0.42      0.45        10
weighted avg       1.00      0.90      0.94        10

Results saved in D:\DESKTOP\TIROCINIO\malaria-detection-pipeline\results\tuning\ood_stages\Falciparum_Ovale\DinoBloom\lora

=== SORGENTE: Falciparum -> TARGET: Malariae | MODEL: ResNet50 | MODE: head_only ===
Training samples: 130 (Falciparum only, label=stage)
Val samples: 36
Test samples: 12 (Malariae only, label=stage)
Stage distribution training: R=106 G=10 S=11 T=3
Class 0: weights = 0.31
Class 1: weights = 3.25
Class 2: weights = 2.95
Class 3: weights = 10.83
Model: ResNet50 | Mode: head_only
Total params: 23,516,228
Trainable params: 8,196 (0.03%)
Epoch 1 | train_loss: 1.3077 | train_acc: 0.5923 | val_loss: 1.1163 | val_acc: 0.8889
CHECKPOINT SAVED (val_loss: 1.1163)
Epoch 2 | train_loss: 1.0245 | train_acc: 0.9538 | val_loss: 0.8605 | val_acc: 0.9167
CHECKPOINT SAVED (val_loss: 0.8605)
Epoch 3 | train_loss: 0.7799 | train_acc: 0.9692 | val_loss: 0.7191 | val_acc: 0.9167
CHECKPOINT SAVED (val_loss: 0.7191)
Epoch 4 | train_loss: 0.6189 | train_acc: 0.9692 | val_loss: 0.5954 | val_acc: 0.9444
CHECKPOINT SAVED (val_loss: 0.5954)
Epoch 5 | train_loss: 0.5262 | train_acc: 0.9462 | val_loss: 0.5080 | val_acc: 0.8889
CHECKPOINT SAVED (val_loss: 0.5080)
Epoch 6 | train_loss: 0.4588 | train_acc: 0.9308 | val_loss: 0.4407 | val_acc: 0.8056
CHECKPOINT SAVED (val_loss: 0.4407)
Epoch 7 | train_loss: 0.3979 | train_acc: 0.9462 | val_loss: 0.3965 | val_acc: 0.8333
CHECKPOINT SAVED (val_loss: 0.3965)
Epoch 8 | train_loss: 0.3374 | train_acc: 0.9231 | val_loss: 0.3625 | val_acc: 0.9444
CHECKPOINT SAVED (val_loss: 0.3625)
Epoch 9 | train_loss: 0.2853 | train_acc: 0.9538 | val_loss: 0.3368 | val_acc: 0.9444
CHECKPOINT SAVED (val_loss: 0.3368)
Epoch 10 | train_loss: 0.3053 | train_acc: 0.9846 | val_loss: 0.3164 | val_acc: 0.9444
CHECKPOINT SAVED (val_loss: 0.3164)
Epoch 11 | train_loss: 0.2528 | train_acc: 0.9923 | val_loss: 0.2942 | val_acc: 0.9444
CHECKPOINT SAVED (val_loss: 0.2942)
Epoch 12 | train_loss: 0.2407 | train_acc: 0.9923 | val_loss: 0.2755 | val_acc: 0.9722
CHECKPOINT SAVED (val_loss: 0.2755)
Epoch 13 | train_loss: 0.2527 | train_acc: 0.9769 | val_loss: 0.2506 | val_acc: 0.9444
CHECKPOINT SAVED (val_loss: 0.2506)
Epoch 14 | train_loss: 0.2123 | train_acc: 0.9462 | val_loss: 0.2374 | val_acc: 0.8889
CHECKPOINT SAVED (val_loss: 0.2374)
Epoch 15 | train_loss: 0.2077 | train_acc: 0.9308 | val_loss: 0.2240 | val_acc: 0.9167
CHECKPOINT SAVED (val_loss: 0.2240)
Epoch 16 | train_loss: 0.1986 | train_acc: 0.9769 | val_loss: 0.2136 | val_acc: 0.9444
CHECKPOINT SAVED (val_loss: 0.2136)
Epoch 17 | train_loss: 0.1520 | train_acc: 0.9615 | val_loss: 0.2038 | val_acc: 0.9444
CHECKPOINT SAVED (val_loss: 0.2038)
Epoch 18 | train_loss: 0.1579 | train_acc: 0.9538 | val_loss: 0.1945 | val_acc: 0.9444
CHECKPOINT SAVED (val_loss: 0.1945)
Epoch 19 | train_loss: 0.1527 | train_acc: 0.9769 | val_loss: 0.1847 | val_acc: 0.9444
CHECKPOINT SAVED (val_loss: 0.1847)
Epoch 20 | train_loss: 0.1538 | train_acc: 0.9769 | val_loss: 0.1754 | val_acc: 0.9444
CHECKPOINT SAVED (val_loss: 0.1754)
Epoch 21 | train_loss: 0.1434 | train_acc: 0.9769 | val_loss: 0.1665 | val_acc: 0.9444
CHECKPOINT SAVED (val_loss: 0.1665)
Epoch 22 | train_loss: 0.1445 | train_acc: 0.9615 | val_loss: 0.1591 | val_acc: 0.9444
CHECKPOINT SAVED (val_loss: 0.1591)
Epoch 23 | train_loss: 0.1442 | train_acc: 0.9692 | val_loss: 0.1505 | val_acc: 0.9722
CHECKPOINT SAVED (val_loss: 0.1505)
Epoch 24 | train_loss: 0.1599 | train_acc: 0.9692 | val_loss: 0.1450 | val_acc: 0.9722
CHECKPOINT SAVED (val_loss: 0.1450)
Epoch 25 | train_loss: 0.1314 | train_acc: 0.9846 | val_loss: 0.1409 | val_acc: 0.9722
CHECKPOINT SAVED (val_loss: 0.1409)
Epoch 26 | train_loss: 0.1246 | train_acc: 0.9846 | val_loss: 0.1351 | val_acc: 0.9722
CHECKPOINT SAVED (val_loss: 0.1351)
Epoch 27 | train_loss: 0.1170 | train_acc: 0.9846 | val_loss: 0.1300 | val_acc: 1.0000
CHECKPOINT SAVED (val_loss: 0.1300)
Epoch 28 | train_loss: 0.1137 | train_acc: 1.0000 | val_loss: 0.1268 | val_acc: 1.0000
CHECKPOINT SAVED (val_loss: 0.1268)
Epoch 29 | train_loss: 0.1162 | train_acc: 1.0000 | val_loss: 0.1244 | val_acc: 1.0000
CHECKPOINT SAVED (val_loss: 0.1244)
Epoch 30 | train_loss: 0.1088 | train_acc: 0.9923 | val_loss: 0.1227 | val_acc: 1.0000
CHECKPOINT SAVED (val_loss: 0.1227)
Epoch 31 | train_loss: 0.0970 | train_acc: 0.9846 | val_loss: 0.1197 | val_acc: 1.0000
CHECKPOINT SAVED (val_loss: 0.1197)
Epoch 32 | train_loss: 0.0868 | train_acc: 0.9923 | val_loss: 0.1172 | val_acc: 1.0000
CHECKPOINT SAVED (val_loss: 0.1172)
Epoch 33 | train_loss: 0.1075 | train_acc: 0.9692 | val_loss: 0.1148 | val_acc: 1.0000
CHECKPOINT SAVED (val_loss: 0.1148)
Epoch 34 | train_loss: 0.1120 | train_acc: 0.9923 | val_loss: 0.1114 | val_acc: 1.0000
CHECKPOINT SAVED (val_loss: 0.1114)
Epoch 35 | train_loss: 0.0957 | train_acc: 0.9923 | val_loss: 0.1067 | val_acc: 1.0000
CHECKPOINT SAVED (val_loss: 0.1067)
Epoch 36 | train_loss: 0.0764 | train_acc: 0.9769 | val_loss: 0.1017 | val_acc: 1.0000
CHECKPOINT SAVED (val_loss: 0.1017)
Epoch 37 | train_loss: 0.0988 | train_acc: 0.9692 | val_loss: 0.0984 | val_acc: 1.0000
CHECKPOINT SAVED (val_loss: 0.0984)
Epoch 38 | train_loss: 0.0768 | train_acc: 0.9769 | val_loss: 0.0939 | val_acc: 1.0000
CHECKPOINT SAVED (val_loss: 0.0939)
Epoch 39 | train_loss: 0.0834 | train_acc: 1.0000 | val_loss: 0.0905 | val_acc: 1.0000
CHECKPOINT SAVED (val_loss: 0.0905)
Epoch 40 | train_loss: 0.0715 | train_acc: 0.9923 | val_loss: 0.0880 | val_acc: 1.0000
CHECKPOINT SAVED (val_loss: 0.0880)
Epoch 41 | train_loss: 0.0762 | train_acc: 0.9923 | val_loss: 0.0867 | val_acc: 1.0000
CHECKPOINT SAVED (val_loss: 0.0867)
Epoch 42 | train_loss: 0.0715 | train_acc: 0.9846 | val_loss: 0.0849 | val_acc: 1.0000
CHECKPOINT SAVED (val_loss: 0.0849)
Epoch 43 | train_loss: 0.0700 | train_acc: 0.9923 | val_loss: 0.0831 | val_acc: 1.0000
CHECKPOINT SAVED (val_loss: 0.0831)
Epoch 44 | train_loss: 0.0752 | train_acc: 0.9769 | val_loss: 0.0811 | val_acc: 1.0000
CHECKPOINT SAVED (val_loss: 0.0811)
Epoch 45 | train_loss: 0.0679 | train_acc: 1.0000 | val_loss: 0.0791 | val_acc: 1.0000
CHECKPOINT SAVED (val_loss: 0.0791)
Epoch 46 | train_loss: 0.1021 | train_acc: 0.9846 | val_loss: 0.0767 | val_acc: 1.0000
CHECKPOINT SAVED (val_loss: 0.0767)
Epoch 47 | train_loss: 0.0604 | train_acc: 0.9923 | val_loss: 0.0749 | val_acc: 1.0000
CHECKPOINT SAVED (val_loss: 0.0749)
Epoch 48 | train_loss: 0.0592 | train_acc: 0.9846 | val_loss: 0.0732 | val_acc: 1.0000
CHECKPOINT SAVED (val_loss: 0.0732)
Epoch 49 | train_loss: 0.0609 | train_acc: 0.9923 | val_loss: 0.0720 | val_acc: 1.0000
CHECKPOINT SAVED (val_loss: 0.0720)
Epoch 50 | train_loss: 0.0895 | train_acc: 1.0000 | val_loss: 0.0697 | val_acc: 1.0000
CHECKPOINT SAVED (val_loss: 0.0697)
Accuracy: 0.0000 | F1 Macro: 0.0000 | MCC: 0.0000
              precision    recall  f1-score   support

           R       0.00      0.00      0.00       0.0
           G       0.00      0.00      0.00       1.0
           S       0.00      0.00      0.00       4.0
           T       0.00      0.00      0.00       7.0

    accuracy                           0.00      12.0
   macro avg       0.00      0.00      0.00      12.0
weighted avg       0.00      0.00      0.00      12.0

Results saved in D:\DESKTOP\TIROCINIO\malaria-detection-pipeline\results\tuning\ood_stages\Falciparum_Malariae\ResNet50\head_only

=== SORGENTE: Falciparum -> TARGET: Malariae | MODEL: ResNet50 | MODE: full ===
Training samples: 130 (Falciparum only, label=stage)
Val samples: 36
Test samples: 12 (Malariae only, label=stage)
Stage distribution training: R=106 G=10 S=11 T=3
Class 0: weights = 0.31
Class 1: weights = 3.25
Class 2: weights = 2.95
Class 3: weights = 10.83
Model: ResNet50 | Mode: full
Total params: 23,516,228
Trainable params: 23,516,228 (100.00%)
Epoch 1 | train_loss: 1.3583 | train_acc: 0.7154 | val_loss: 1.3651 | val_acc: 0.6667
CHECKPOINT SAVED (val_loss: 1.3651)
Epoch 2 | train_loss: 1.1697 | train_acc: 0.8308 | val_loss: 1.2224 | val_acc: 0.6667
CHECKPOINT SAVED (val_loss: 1.2224)
Epoch 3 | train_loss: 0.9965 | train_acc: 0.9000 | val_loss: 1.0943 | val_acc: 0.8611
CHECKPOINT SAVED (val_loss: 1.0943)
Epoch 4 | train_loss: 0.9328 | train_acc: 0.9692 | val_loss: 0.9652 | val_acc: 0.9722
CHECKPOINT SAVED (val_loss: 0.9652)
Epoch 5 | train_loss: 0.7779 | train_acc: 0.9615 | val_loss: 0.8293 | val_acc: 0.9722
CHECKPOINT SAVED (val_loss: 0.8293)
Epoch 6 | train_loss: 0.7252 | train_acc: 0.9692 | val_loss: 0.7066 | val_acc: 1.0000
CHECKPOINT SAVED (val_loss: 0.7066)
Epoch 7 | train_loss: 0.5232 | train_acc: 0.9538 | val_loss: 0.6024 | val_acc: 0.9722
CHECKPOINT SAVED (val_loss: 0.6024)
Epoch 8 | train_loss: 0.4682 | train_acc: 0.9692 | val_loss: 0.4819 | val_acc: 0.9167
CHECKPOINT SAVED (val_loss: 0.4819)
Epoch 9 | train_loss: 0.4619 | train_acc: 0.9692 | val_loss: 0.4206 | val_acc: 0.9167
CHECKPOINT SAVED (val_loss: 0.4206)
Epoch 10 | train_loss: 0.4005 | train_acc: 0.9308 | val_loss: 0.3477 | val_acc: 0.9444
CHECKPOINT SAVED (val_loss: 0.3477)
Epoch 11 | train_loss: 0.3501 | train_acc: 0.9462 | val_loss: 0.3443 | val_acc: 0.9444
CHECKPOINT SAVED (val_loss: 0.3443)
Epoch 12 | train_loss: 0.2517 | train_acc: 0.9692 | val_loss: 0.3267 | val_acc: 0.9444
CHECKPOINT SAVED (val_loss: 0.3267)
Epoch 13 | train_loss: 0.2544 | train_acc: 0.9538 | val_loss: 0.2823 | val_acc: 0.9722
CHECKPOINT SAVED (val_loss: 0.2823)
Epoch 14 | train_loss: 0.2309 | train_acc: 0.9769 | val_loss: 0.3462 | val_acc: 0.9167
Epoch 15 | train_loss: 0.2291 | train_acc: 0.9846 | val_loss: 0.2444 | val_acc: 0.9444
CHECKPOINT SAVED (val_loss: 0.2444)
Epoch 16 | train_loss: 0.2175 | train_acc: 0.9769 | val_loss: 0.2058 | val_acc: 0.9722
CHECKPOINT SAVED (val_loss: 0.2058)
Epoch 17 | train_loss: 0.2008 | train_acc: 0.9846 | val_loss: 0.1850 | val_acc: 1.0000
CHECKPOINT SAVED (val_loss: 0.1850)
Epoch 18 | train_loss: 0.2090 | train_acc: 0.9846 | val_loss: 0.2095 | val_acc: 1.0000
Epoch 19 | train_loss: 0.1056 | train_acc: 0.9769 | val_loss: 0.1688 | val_acc: 1.0000
CHECKPOINT SAVED (val_loss: 0.1688)
Epoch 20 | train_loss: 0.1278 | train_acc: 0.9923 | val_loss: 0.1517 | val_acc: 1.0000
CHECKPOINT SAVED (val_loss: 0.1517)
Epoch 21 | train_loss: 0.1190 | train_acc: 0.9923 | val_loss: 0.1552 | val_acc: 1.0000
Epoch 22 | train_loss: 0.1032 | train_acc: 1.0000 | val_loss: 0.1235 | val_acc: 1.0000
CHECKPOINT SAVED (val_loss: 0.1235)
Epoch 23 | train_loss: 0.1790 | train_acc: 0.9769 | val_loss: 0.1345 | val_acc: 1.0000
Epoch 24 | train_loss: 0.0954 | train_acc: 0.9692 | val_loss: 0.0898 | val_acc: 1.0000
CHECKPOINT SAVED (val_loss: 0.0898)
Epoch 25 | train_loss: 0.0885 | train_acc: 0.9923 | val_loss: 0.0730 | val_acc: 0.9722
CHECKPOINT SAVED (val_loss: 0.0730)
Epoch 26 | train_loss: 0.0766 | train_acc: 0.9769 | val_loss: 0.0619 | val_acc: 1.0000
CHECKPOINT SAVED (val_loss: 0.0619)
Epoch 27 | train_loss: 0.0927 | train_acc: 0.9769 | val_loss: 0.0597 | val_acc: 0.9722
CHECKPOINT SAVED (val_loss: 0.0597)
Epoch 28 | train_loss: 0.0642 | train_acc: 0.9923 | val_loss: 0.0584 | val_acc: 0.9722
CHECKPOINT SAVED (val_loss: 0.0584)
Epoch 29 | train_loss: 0.0626 | train_acc: 0.9846 | val_loss: 0.0626 | val_acc: 0.9722
Epoch 30 | train_loss: 0.0635 | train_acc: 0.9923 | val_loss: 0.0554 | val_acc: 1.0000
CHECKPOINT SAVED (val_loss: 0.0554)
Epoch 31 | train_loss: 0.0858 | train_acc: 0.9769 | val_loss: 0.0443 | val_acc: 1.0000
CHECKPOINT SAVED (val_loss: 0.0443)
Epoch 32 | train_loss: 0.0502 | train_acc: 0.9769 | val_loss: 0.0451 | val_acc: 1.0000
Epoch 33 | train_loss: 0.0680 | train_acc: 0.9846 | val_loss: 0.1158 | val_acc: 0.9722
Epoch 34 | train_loss: 0.0580 | train_acc: 0.9692 | val_loss: 0.0683 | val_acc: 1.0000
Epoch 35 | train_loss: 0.0659 | train_acc: 1.0000 | val_loss: 0.0509 | val_acc: 1.0000
Epoch 36 | train_loss: 0.0811 | train_acc: 0.9769 | val_loss: 0.0382 | val_acc: 1.0000
CHECKPOINT SAVED (val_loss: 0.0382)
Epoch 37 | train_loss: 0.0678 | train_acc: 0.9846 | val_loss: 0.0398 | val_acc: 1.0000
Epoch 38 | train_loss: 0.0876 | train_acc: 0.9692 | val_loss: 0.0252 | val_acc: 1.0000
CHECKPOINT SAVED (val_loss: 0.0252)
Epoch 39 | train_loss: 0.0600 | train_acc: 0.9769 | val_loss: 0.0320 | val_acc: 1.0000
Epoch 40 | train_loss: 0.0604 | train_acc: 0.9846 | val_loss: 0.0300 | val_acc: 1.0000
Epoch 41 | train_loss: 0.0510 | train_acc: 0.9923 | val_loss: 0.0423 | val_acc: 1.0000
Epoch 42 | train_loss: 0.0387 | train_acc: 0.9846 | val_loss: 0.0315 | val_acc: 1.0000
Epoch 43 | train_loss: 0.0399 | train_acc: 0.9923 | val_loss: 0.0354 | val_acc: 1.0000
Epoch 44 | train_loss: 0.0379 | train_acc: 0.9923 | val_loss: 0.0270 | val_acc: 1.0000
Epoch 45 | train_loss: 0.0307 | train_acc: 0.9923 | val_loss: 0.0222 | val_acc: 1.0000
CHECKPOINT SAVED (val_loss: 0.0222)
Epoch 46 | train_loss: 0.0522 | train_acc: 0.9923 | val_loss: 0.0187 | val_acc: 1.0000
CHECKPOINT SAVED (val_loss: 0.0187)
Epoch 47 | train_loss: 0.0276 | train_acc: 1.0000 | val_loss: 0.0219 | val_acc: 1.0000
Epoch 48 | train_loss: 0.0257 | train_acc: 0.9923 | val_loss: 0.0136 | val_acc: 1.0000
CHECKPOINT SAVED (val_loss: 0.0136)
Epoch 49 | train_loss: 0.0309 | train_acc: 1.0000 | val_loss: 0.0163 | val_acc: 1.0000
Epoch 50 | train_loss: 0.0301 | train_acc: 1.0000 | val_loss: 0.0141 | val_acc: 1.0000
Accuracy: 0.0833 | F1 Macro: 0.2500 | MCC: 0.2655
              precision    recall  f1-score   support

           R       0.00      0.00      0.00         0
           G       1.00      1.00      1.00         1
           S       0.00      0.00      0.00         4
           T       0.00      0.00      0.00         7

    accuracy                           0.08        12
   macro avg       0.25      0.25      0.25        12
weighted avg       0.08      0.08      0.08        12

Results saved in D:\DESKTOP\TIROCINIO\malaria-detection-pipeline\results\tuning\ood_stages\Falciparum_Malariae\ResNet50\full

=== SORGENTE: Falciparum -> TARGET: Malariae | MODEL: ConvNeXt | MODE: head_only ===
Training samples: 130 (Falciparum only, label=stage)
Val samples: 36
Test samples: 12 (Malariae only, label=stage)
Stage distribution training: R=106 G=10 S=11 T=3
Class 0: weights = 0.31
Class 1: weights = 3.25
Class 2: weights = 2.95
Class 3: weights = 10.83
Model: ConvNeXt | Mode: head_only
Total params: 27,823,204
Trainable params: 3,076 (0.01%)
Epoch 1 | train_loss: 1.4427 | train_acc: 0.2769 | val_loss: 0.9867 | val_acc: 0.8889
CHECKPOINT SAVED (val_loss: 0.9867)
Epoch 2 | train_loss: 1.1032 | train_acc: 0.7923 | val_loss: 0.7363 | val_acc: 0.9722
CHECKPOINT SAVED (val_loss: 0.7363)
Epoch 3 | train_loss: 0.9123 | train_acc: 0.9308 | val_loss: 0.6591 | val_acc: 0.9722
CHECKPOINT SAVED (val_loss: 0.6591)
Epoch 4 | train_loss: 0.6876 | train_acc: 0.9538 | val_loss: 0.5730 | val_acc: 0.9722
CHECKPOINT SAVED (val_loss: 0.5730)
Epoch 5 | train_loss: 0.5711 | train_acc: 0.9615 | val_loss: 0.4930 | val_acc: 0.9444
CHECKPOINT SAVED (val_loss: 0.4930)
Epoch 6 | train_loss: 0.5061 | train_acc: 0.9692 | val_loss: 0.4514 | val_acc: 0.9444
CHECKPOINT SAVED (val_loss: 0.4514)
Epoch 7 | train_loss: 0.3993 | train_acc: 0.9538 | val_loss: 0.4280 | val_acc: 0.9167
CHECKPOINT SAVED (val_loss: 0.4280)
Epoch 8 | train_loss: 0.3803 | train_acc: 0.9385 | val_loss: 0.3859 | val_acc: 0.9167
CHECKPOINT SAVED (val_loss: 0.3859)
Epoch 9 | train_loss: 0.3329 | train_acc: 0.9077 | val_loss: 0.3511 | val_acc: 0.8333
CHECKPOINT SAVED (val_loss: 0.3511)
Epoch 10 | train_loss: 0.2933 | train_acc: 0.8923 | val_loss: 0.3173 | val_acc: 0.9722
CHECKPOINT SAVED (val_loss: 0.3173)
Epoch 11 | train_loss: 0.3556 | train_acc: 0.9000 | val_loss: 0.2942 | val_acc: 0.9167
CHECKPOINT SAVED (val_loss: 0.2942)
Epoch 12 | train_loss: 0.2422 | train_acc: 0.9462 | val_loss: 0.2695 | val_acc: 0.9722
CHECKPOINT SAVED (val_loss: 0.2695)
Epoch 13 | train_loss: 0.2597 | train_acc: 0.9923 | val_loss: 0.2608 | val_acc: 0.9444
CHECKPOINT SAVED (val_loss: 0.2608)
Epoch 14 | train_loss: 0.2667 | train_acc: 0.9692 | val_loss: 0.2484 | val_acc: 0.9444
CHECKPOINT SAVED (val_loss: 0.2484)
Epoch 15 | train_loss: 0.2374 | train_acc: 1.0000 | val_loss: 0.2309 | val_acc: 0.9722
CHECKPOINT SAVED (val_loss: 0.2309)
Epoch 16 | train_loss: 0.2237 | train_acc: 0.9615 | val_loss: 0.2334 | val_acc: 0.8333
Epoch 17 | train_loss: 0.1952 | train_acc: 0.9154 | val_loss: 0.2197 | val_acc: 0.9444
CHECKPOINT SAVED (val_loss: 0.2197)
Epoch 18 | train_loss: 0.2294 | train_acc: 0.9385 | val_loss: 0.1930 | val_acc: 0.9722
CHECKPOINT SAVED (val_loss: 0.1930)
Epoch 19 | train_loss: 0.2119 | train_acc: 0.9846 | val_loss: 0.1834 | val_acc: 0.9722
CHECKPOINT SAVED (val_loss: 0.1834)
Epoch 20 | train_loss: 0.1779 | train_acc: 0.9769 | val_loss: 0.1718 | val_acc: 0.9722
CHECKPOINT SAVED (val_loss: 0.1718)
Epoch 21 | train_loss: 0.1513 | train_acc: 0.9692 | val_loss: 0.1652 | val_acc: 0.9722
CHECKPOINT SAVED (val_loss: 0.1652)
Epoch 22 | train_loss: 0.1520 | train_acc: 0.9692 | val_loss: 0.1594 | val_acc: 0.9722
CHECKPOINT SAVED (val_loss: 0.1594)
Epoch 23 | train_loss: 0.1685 | train_acc: 0.9769 | val_loss: 0.1560 | val_acc: 0.9722
CHECKPOINT SAVED (val_loss: 0.1560)
Epoch 24 | train_loss: 0.1326 | train_acc: 0.9846 | val_loss: 0.1571 | val_acc: 0.9722
Epoch 25 | train_loss: 0.1586 | train_acc: 0.9923 | val_loss: 0.1576 | val_acc: 0.9722
Epoch 26 | train_loss: 0.1438 | train_acc: 0.9923 | val_loss: 0.1454 | val_acc: 0.9722
CHECKPOINT SAVED (val_loss: 0.1454)
Epoch 27 | train_loss: 0.1303 | train_acc: 0.9692 | val_loss: 0.1405 | val_acc: 0.9722
CHECKPOINT SAVED (val_loss: 0.1405)
Epoch 28 | train_loss: 0.1156 | train_acc: 0.9692 | val_loss: 0.1365 | val_acc: 0.9722
CHECKPOINT SAVED (val_loss: 0.1365)
Epoch 29 | train_loss: 0.1101 | train_acc: 0.9846 | val_loss: 0.1345 | val_acc: 0.9722
CHECKPOINT SAVED (val_loss: 0.1345)
Epoch 30 | train_loss: 0.1197 | train_acc: 0.9615 | val_loss: 0.1284 | val_acc: 0.9722
CHECKPOINT SAVED (val_loss: 0.1284)
Epoch 31 | train_loss: 0.1047 | train_acc: 0.9692 | val_loss: 0.1217 | val_acc: 0.9722
CHECKPOINT SAVED (val_loss: 0.1217)
Epoch 32 | train_loss: 0.1005 | train_acc: 0.9846 | val_loss: 0.1182 | val_acc: 0.9722
CHECKPOINT SAVED (val_loss: 0.1182)
Epoch 33 | train_loss: 0.1076 | train_acc: 1.0000 | val_loss: 0.1205 | val_acc: 0.9722
Epoch 34 | train_loss: 0.0944 | train_acc: 1.0000 | val_loss: 0.1158 | val_acc: 0.9722
CHECKPOINT SAVED (val_loss: 0.1158)
Epoch 35 | train_loss: 0.1028 | train_acc: 1.0000 | val_loss: 0.1089 | val_acc: 0.9722
CHECKPOINT SAVED (val_loss: 0.1089)
Epoch 36 | train_loss: 0.0980 | train_acc: 0.9923 | val_loss: 0.1050 | val_acc: 0.9722
CHECKPOINT SAVED (val_loss: 0.1050)
Epoch 37 | train_loss: 0.0985 | train_acc: 0.9769 | val_loss: 0.1034 | val_acc: 0.9722
CHECKPOINT SAVED (val_loss: 0.1034)
Epoch 38 | train_loss: 0.0942 | train_acc: 0.9846 | val_loss: 0.1001 | val_acc: 0.9722
CHECKPOINT SAVED (val_loss: 0.1001)
Epoch 39 | train_loss: 0.0927 | train_acc: 0.9769 | val_loss: 0.0955 | val_acc: 0.9722
CHECKPOINT SAVED (val_loss: 0.0955)
Epoch 40 | train_loss: 0.0912 | train_acc: 0.9769 | val_loss: 0.0926 | val_acc: 0.9722
CHECKPOINT SAVED (val_loss: 0.0926)
Epoch 41 | train_loss: 0.0818 | train_acc: 0.9846 | val_loss: 0.0902 | val_acc: 0.9722
CHECKPOINT SAVED (val_loss: 0.0902)
Epoch 42 | train_loss: 0.0930 | train_acc: 0.9769 | val_loss: 0.0876 | val_acc: 0.9722
CHECKPOINT SAVED (val_loss: 0.0876)
Epoch 43 | train_loss: 0.0841 | train_acc: 0.9923 | val_loss: 0.0847 | val_acc: 0.9722
CHECKPOINT SAVED (val_loss: 0.0847)
Epoch 44 | train_loss: 0.0859 | train_acc: 1.0000 | val_loss: 0.0828 | val_acc: 0.9722
CHECKPOINT SAVED (val_loss: 0.0828)
Epoch 45 | train_loss: 0.0719 | train_acc: 0.9923 | val_loss: 0.0797 | val_acc: 0.9722
CHECKPOINT SAVED (val_loss: 0.0797)
Epoch 46 | train_loss: 0.0835 | train_acc: 0.9846 | val_loss: 0.0780 | val_acc: 0.9722
CHECKPOINT SAVED (val_loss: 0.0780)
Epoch 47 | train_loss: 0.0852 | train_acc: 0.9923 | val_loss: 0.0805 | val_acc: 0.9722
Epoch 48 | train_loss: 0.0711 | train_acc: 0.9846 | val_loss: 0.0794 | val_acc: 0.9722
Epoch 49 | train_loss: 0.0685 | train_acc: 0.9923 | val_loss: 0.0747 | val_acc: 0.9722
CHECKPOINT SAVED (val_loss: 0.0747)
Epoch 50 | train_loss: 0.0843 | train_acc: 1.0000 | val_loss: 0.0740 | val_acc: 0.9722
CHECKPOINT SAVED (val_loss: 0.0740)
Accuracy: 0.3333 | F1 Macro: 0.1429 | MCC: -0.0135
              precision    recall  f1-score   support

           R       0.00      0.00      0.00         0
           G       0.00      0.00      0.00         1
           S       0.00      0.00      0.00         4
           T       0.57      0.57      0.57         7

    accuracy                           0.33        12
   macro avg       0.14      0.14      0.14        12
weighted avg       0.33      0.33      0.33        12

Results saved in D:\DESKTOP\TIROCINIO\malaria-detection-pipeline\results\tuning\ood_stages\Falciparum_Malariae\ConvNeXt\head_only

=== SORGENTE: Falciparum -> TARGET: Malariae | MODEL: ConvNeXt | MODE: full ===
Training samples: 130 (Falciparum only, label=stage)
Val samples: 36
Test samples: 12 (Malariae only, label=stage)
Stage distribution training: R=106 G=10 S=11 T=3
Class 0: weights = 0.31
Class 1: weights = 3.25
Class 2: weights = 2.95
Class 3: weights = 10.83
Model: ConvNeXt | Mode: full
Total params: 27,823,204
Trainable params: 27,823,204 (100.00%)
Epoch 1 | train_loss: 1.3217 | train_acc: 0.6462 | val_loss: 1.0877 | val_acc: 0.7778
CHECKPOINT SAVED (val_loss: 1.0877)
Epoch 2 | train_loss: 0.9097 | train_acc: 0.9231 | val_loss: 0.7232 | val_acc: 0.9722
CHECKPOINT SAVED (val_loss: 0.7232)
Epoch 3 | train_loss: 0.6949 | train_acc: 0.9615 | val_loss: 0.5008 | val_acc: 0.8889
CHECKPOINT SAVED (val_loss: 0.5008)
Epoch 4 | train_loss: 0.4474 | train_acc: 0.9615 | val_loss: 0.3518 | val_acc: 0.9722
CHECKPOINT SAVED (val_loss: 0.3518)
Epoch 5 | train_loss: 0.3527 | train_acc: 0.9769 | val_loss: 0.2672 | val_acc: 0.9722
CHECKPOINT SAVED (val_loss: 0.2672)
Epoch 6 | train_loss: 0.3141 | train_acc: 0.9692 | val_loss: 0.2109 | val_acc: 1.0000
CHECKPOINT SAVED (val_loss: 0.2109)
Epoch 7 | train_loss: 0.3297 | train_acc: 0.9769 | val_loss: 0.2161 | val_acc: 0.7778
Epoch 8 | train_loss: 0.1992 | train_acc: 0.9000 | val_loss: 0.1629 | val_acc: 0.9444
CHECKPOINT SAVED (val_loss: 0.1629)
Epoch 9 | train_loss: 0.1596 | train_acc: 0.9692 | val_loss: 0.1265 | val_acc: 1.0000
CHECKPOINT SAVED (val_loss: 0.1265)
Epoch 10 | train_loss: 0.1393 | train_acc: 0.9923 | val_loss: 0.1002 | val_acc: 1.0000
CHECKPOINT SAVED (val_loss: 0.1002)
Epoch 11 | train_loss: 0.1320 | train_acc: 0.9692 | val_loss: 0.0994 | val_acc: 0.9444
CHECKPOINT SAVED (val_loss: 0.0994)
Epoch 12 | train_loss: 0.0857 | train_acc: 0.9923 | val_loss: 0.0894 | val_acc: 0.9444
CHECKPOINT SAVED (val_loss: 0.0894)
Epoch 13 | train_loss: 0.0958 | train_acc: 0.9692 | val_loss: 0.0652 | val_acc: 0.9722
CHECKPOINT SAVED (val_loss: 0.0652)
Epoch 14 | train_loss: 0.0529 | train_acc: 0.9769 | val_loss: 0.0392 | val_acc: 1.0000
CHECKPOINT SAVED (val_loss: 0.0392)
Epoch 15 | train_loss: 0.0392 | train_acc: 0.9923 | val_loss: 0.0310 | val_acc: 1.0000
CHECKPOINT SAVED (val_loss: 0.0310)
Epoch 16 | train_loss: 0.0399 | train_acc: 1.0000 | val_loss: 0.0270 | val_acc: 1.0000
CHECKPOINT SAVED (val_loss: 0.0270)
Epoch 17 | train_loss: 0.0832 | train_acc: 1.0000 | val_loss: 0.0449 | val_acc: 0.9722
Epoch 18 | train_loss: 0.0538 | train_acc: 0.9538 | val_loss: 0.0520 | val_acc: 0.9722
Epoch 19 | train_loss: 0.0416 | train_acc: 0.9769 | val_loss: 0.0289 | val_acc: 1.0000
Epoch 20 | train_loss: 0.0234 | train_acc: 0.9923 | val_loss: 0.0146 | val_acc: 1.0000
CHECKPOINT SAVED (val_loss: 0.0146)
Epoch 21 | train_loss: 0.0275 | train_acc: 0.9923 | val_loss: 0.0103 | val_acc: 1.0000
CHECKPOINT SAVED (val_loss: 0.0103)
Epoch 22 | train_loss: 0.0381 | train_acc: 1.0000 | val_loss: 0.0106 | val_acc: 1.0000
Epoch 23 | train_loss: 0.1191 | train_acc: 0.9923 | val_loss: 0.0087 | val_acc: 1.0000
CHECKPOINT SAVED (val_loss: 0.0087)
Epoch 24 | train_loss: 0.0337 | train_acc: 1.0000 | val_loss: 0.0167 | val_acc: 1.0000
Epoch 25 | train_loss: 0.0209 | train_acc: 1.0000 | val_loss: 0.0310 | val_acc: 1.0000
Epoch 26 | train_loss: 0.0256 | train_acc: 0.9923 | val_loss: 0.0300 | val_acc: 1.0000
Epoch 27 | train_loss: 0.0200 | train_acc: 0.9923 | val_loss: 0.0184 | val_acc: 1.0000
Epoch 28 | train_loss: 0.0172 | train_acc: 1.0000 | val_loss: 0.0105 | val_acc: 1.0000
Epoch 29 | train_loss: 0.0100 | train_acc: 1.0000 | val_loss: 0.0069 | val_acc: 1.0000
CHECKPOINT SAVED (val_loss: 0.0069)
Epoch 30 | train_loss: 0.0116 | train_acc: 1.0000 | val_loss: 0.0053 | val_acc: 1.0000
CHECKPOINT SAVED (val_loss: 0.0053)
Epoch 31 | train_loss: 0.0111 | train_acc: 1.0000 | val_loss: 0.0046 | val_acc: 1.0000
CHECKPOINT SAVED (val_loss: 0.0046)
Epoch 32 | train_loss: 0.0090 | train_acc: 1.0000 | val_loss: 0.0042 | val_acc: 1.0000
CHECKPOINT SAVED (val_loss: 0.0042)
Epoch 33 | train_loss: 0.0084 | train_acc: 1.0000 | val_loss: 0.0040 | val_acc: 1.0000
CHECKPOINT SAVED (val_loss: 0.0040)
Epoch 34 | train_loss: 0.0108 | train_acc: 1.0000 | val_loss: 0.0041 | val_acc: 1.0000
Epoch 35 | train_loss: 0.0072 | train_acc: 1.0000 | val_loss: 0.0040 | val_acc: 1.0000
Epoch 36 | train_loss: 0.0057 | train_acc: 1.0000 | val_loss: 0.0039 | val_acc: 1.0000
CHECKPOINT SAVED (val_loss: 0.0039)
Epoch 37 | train_loss: 0.0087 | train_acc: 1.0000 | val_loss: 0.0038 | val_acc: 1.0000
CHECKPOINT SAVED (val_loss: 0.0038)
Epoch 38 | train_loss: 0.0065 | train_acc: 1.0000 | val_loss: 0.0037 | val_acc: 1.0000
CHECKPOINT SAVED (val_loss: 0.0037)
Epoch 39 | train_loss: 0.0065 | train_acc: 1.0000 | val_loss: 0.0035 | val_acc: 1.0000
CHECKPOINT SAVED (val_loss: 0.0035)
Epoch 40 | train_loss: 0.0053 | train_acc: 1.0000 | val_loss: 0.0032 | val_acc: 1.0000
CHECKPOINT SAVED (val_loss: 0.0032)
Epoch 41 | train_loss: 0.0053 | train_acc: 1.0000 | val_loss: 0.0030 | val_acc: 1.0000
CHECKPOINT SAVED (val_loss: 0.0030)
Epoch 42 | train_loss: 0.0035 | train_acc: 1.0000 | val_loss: 0.0027 | val_acc: 1.0000
CHECKPOINT SAVED (val_loss: 0.0027)
Epoch 43 | train_loss: 0.0155 | train_acc: 1.0000 | val_loss: 0.0029 | val_acc: 1.0000
Epoch 44 | train_loss: 0.0094 | train_acc: 1.0000 | val_loss: 0.0028 | val_acc: 1.0000
Epoch 45 | train_loss: 0.0069 | train_acc: 1.0000 | val_loss: 0.0023 | val_acc: 1.0000
CHECKPOINT SAVED (val_loss: 0.0023)
Epoch 46 | train_loss: 0.0043 | train_acc: 1.0000 | val_loss: 0.0020 | val_acc: 1.0000
CHECKPOINT SAVED (val_loss: 0.0020)
Epoch 47 | train_loss: 0.0040 | train_acc: 1.0000 | val_loss: 0.0018 | val_acc: 1.0000
CHECKPOINT SAVED (val_loss: 0.0018)
Epoch 48 | train_loss: 0.0049 | train_acc: 1.0000 | val_loss: 0.0016 | val_acc: 1.0000
CHECKPOINT SAVED (val_loss: 0.0016)
Epoch 49 | train_loss: 0.0058 | train_acc: 1.0000 | val_loss: 0.0016 | val_acc: 1.0000
CHECKPOINT SAVED (val_loss: 0.0016)
Epoch 50 | train_loss: 0.0046 | train_acc: 1.0000 | val_loss: 0.0016 | val_acc: 1.0000
CHECKPOINT SAVED (val_loss: 0.0016)
Accuracy: 0.3333 | F1 Macro: 0.1333 | MCC: -0.1132
              precision    recall  f1-score   support

           R       0.00      0.00      0.00         0
           G       0.00      0.00      0.00         1
           S       0.00      0.00      0.00         4
           T       0.50      0.57      0.53         7

    accuracy                           0.33        12
   macro avg       0.12      0.14      0.13        12
weighted avg       0.29      0.33      0.31        12

Results saved in D:\DESKTOP\TIROCINIO\malaria-detection-pipeline\results\tuning\ood_stages\Falciparum_Malariae\ConvNeXt\full

=== SORGENTE: Falciparum -> TARGET: Malariae | MODEL: Swin-T | MODE: head_only ===
Training samples: 130 (Falciparum only, label=stage)
Val samples: 36
Test samples: 12 (Malariae only, label=stage)
Stage distribution training: R=106 G=10 S=11 T=3
Class 0: weights = 0.31
Class 1: weights = 3.25
Class 2: weights = 2.95
Class 3: weights = 10.83
Model: Swin-T | Mode: head_only
Total params: 27,522,430
Trainable params: 3,076 (0.01%)
Epoch 1 | train_loss: 1.3143 | train_acc: 0.4231 | val_loss: 1.0308 | val_acc: 0.9722
CHECKPOINT SAVED (val_loss: 1.0308)
Epoch 2 | train_loss: 1.0168 | train_acc: 0.9385 | val_loss: 0.8089 | val_acc: 0.9444
CHECKPOINT SAVED (val_loss: 0.8089)
Epoch 3 | train_loss: 0.7669 | train_acc: 0.9385 | val_loss: 0.6370 | val_acc: 0.8889
CHECKPOINT SAVED (val_loss: 0.6370)
Epoch 4 | train_loss: 0.5862 | train_acc: 0.9538 | val_loss: 0.5485 | val_acc: 0.8889
CHECKPOINT SAVED (val_loss: 0.5485)
Epoch 5 | train_loss: 0.4479 | train_acc: 0.9615 | val_loss: 0.4637 | val_acc: 0.9444
CHECKPOINT SAVED (val_loss: 0.4637)
Epoch 6 | train_loss: 0.4368 | train_acc: 0.9615 | val_loss: 0.4182 | val_acc: 0.9444
CHECKPOINT SAVED (val_loss: 0.4182)
Epoch 7 | train_loss: 0.3623 | train_acc: 0.9692 | val_loss: 0.4000 | val_acc: 0.9444
CHECKPOINT SAVED (val_loss: 0.4000)
Epoch 8 | train_loss: 0.3374 | train_acc: 0.9692 | val_loss: 0.3658 | val_acc: 0.9167
CHECKPOINT SAVED (val_loss: 0.3658)
Epoch 9 | train_loss: 0.2900 | train_acc: 0.9769 | val_loss: 0.3261 | val_acc: 0.9444
CHECKPOINT SAVED (val_loss: 0.3261)
Epoch 10 | train_loss: 0.2990 | train_acc: 0.9462 | val_loss: 0.2931 | val_acc: 0.9444
CHECKPOINT SAVED (val_loss: 0.2931)
Epoch 11 | train_loss: 0.2388 | train_acc: 0.9692 | val_loss: 0.2668 | val_acc: 0.9167
CHECKPOINT SAVED (val_loss: 0.2668)
Epoch 12 | train_loss: 0.2242 | train_acc: 0.9615 | val_loss: 0.2490 | val_acc: 0.9167
CHECKPOINT SAVED (val_loss: 0.2490)
Epoch 13 | train_loss: 0.2073 | train_acc: 0.9769 | val_loss: 0.2359 | val_acc: 0.9167
CHECKPOINT SAVED (val_loss: 0.2359)
Epoch 14 | train_loss: 0.1916 | train_acc: 0.9692 | val_loss: 0.2213 | val_acc: 0.9167
CHECKPOINT SAVED (val_loss: 0.2213)
Epoch 15 | train_loss: 0.1913 | train_acc: 0.9231 | val_loss: 0.2157 | val_acc: 0.8889
CHECKPOINT SAVED (val_loss: 0.2157)
Epoch 16 | train_loss: 0.1828 | train_acc: 0.9231 | val_loss: 0.2019 | val_acc: 0.8889
CHECKPOINT SAVED (val_loss: 0.2019)
Epoch 17 | train_loss: 0.1540 | train_acc: 0.9692 | val_loss: 0.1908 | val_acc: 0.9444
CHECKPOINT SAVED (val_loss: 0.1908)
Epoch 18 | train_loss: 0.1694 | train_acc: 0.9846 | val_loss: 0.1835 | val_acc: 0.9444
CHECKPOINT SAVED (val_loss: 0.1835)
Epoch 19 | train_loss: 0.1673 | train_acc: 0.9769 | val_loss: 0.1803 | val_acc: 0.9444
CHECKPOINT SAVED (val_loss: 0.1803)
Epoch 20 | train_loss: 0.1262 | train_acc: 0.9769 | val_loss: 0.1720 | val_acc: 0.9444
CHECKPOINT SAVED (val_loss: 0.1720)
Epoch 21 | train_loss: 0.1382 | train_acc: 0.9769 | val_loss: 0.1656 | val_acc: 0.9444
CHECKPOINT SAVED (val_loss: 0.1656)
Epoch 22 | train_loss: 0.1610 | train_acc: 0.9769 | val_loss: 0.1536 | val_acc: 0.9444
CHECKPOINT SAVED (val_loss: 0.1536)
Epoch 23 | train_loss: 0.1492 | train_acc: 0.9385 | val_loss: 0.1494 | val_acc: 0.9167
CHECKPOINT SAVED (val_loss: 0.1494)
Epoch 24 | train_loss: 0.1178 | train_acc: 0.9385 | val_loss: 0.1408 | val_acc: 0.9444
CHECKPOINT SAVED (val_loss: 0.1408)
Epoch 25 | train_loss: 0.1293 | train_acc: 0.9692 | val_loss: 0.1392 | val_acc: 0.9444
CHECKPOINT SAVED (val_loss: 0.1392)
Epoch 26 | train_loss: 0.1501 | train_acc: 0.9692 | val_loss: 0.1328 | val_acc: 0.9444
CHECKPOINT SAVED (val_loss: 0.1328)
Epoch 27 | train_loss: 0.1228 | train_acc: 0.9692 | val_loss: 0.1305 | val_acc: 0.9444
CHECKPOINT SAVED (val_loss: 0.1305)
Epoch 28 | train_loss: 0.1121 | train_acc: 0.9846 | val_loss: 0.1322 | val_acc: 0.9167
Epoch 29 | train_loss: 0.1317 | train_acc: 0.9538 | val_loss: 0.1279 | val_acc: 0.9167
CHECKPOINT SAVED (val_loss: 0.1279)
Epoch 30 | train_loss: 0.1024 | train_acc: 0.9615 | val_loss: 0.1175 | val_acc: 0.9444
CHECKPOINT SAVED (val_loss: 0.1175)
Epoch 31 | train_loss: 0.0966 | train_acc: 0.9615 | val_loss: 0.1131 | val_acc: 0.9444
CHECKPOINT SAVED (val_loss: 0.1131)
Epoch 32 | train_loss: 0.0993 | train_acc: 0.9769 | val_loss: 0.1108 | val_acc: 0.9444
CHECKPOINT SAVED (val_loss: 0.1108)
Epoch 33 | train_loss: 0.1015 | train_acc: 0.9769 | val_loss: 0.1097 | val_acc: 0.9444
CHECKPOINT SAVED (val_loss: 0.1097)
Epoch 34 | train_loss: 0.0954 | train_acc: 0.9769 | val_loss: 0.1076 | val_acc: 0.9444
CHECKPOINT SAVED (val_loss: 0.1076)
Epoch 35 | train_loss: 0.0766 | train_acc: 0.9769 | val_loss: 0.1058 | val_acc: 0.9444
CHECKPOINT SAVED (val_loss: 0.1058)
Epoch 36 | train_loss: 0.1009 | train_acc: 0.9846 | val_loss: 0.1034 | val_acc: 0.9444
CHECKPOINT SAVED (val_loss: 0.1034)
Epoch 37 | train_loss: 0.0786 | train_acc: 0.9769 | val_loss: 0.1011 | val_acc: 0.9444
CHECKPOINT SAVED (val_loss: 0.1011)
Epoch 38 | train_loss: 0.0931 | train_acc: 0.9923 | val_loss: 0.0989 | val_acc: 0.9444
CHECKPOINT SAVED (val_loss: 0.0989)
Epoch 39 | train_loss: 0.0791 | train_acc: 0.9462 | val_loss: 0.0990 | val_acc: 0.9444
Epoch 40 | train_loss: 0.0812 | train_acc: 0.9769 | val_loss: 0.0931 | val_acc: 0.9444
CHECKPOINT SAVED (val_loss: 0.0931)
Epoch 41 | train_loss: 0.0755 | train_acc: 0.9769 | val_loss: 0.0908 | val_acc: 0.9444
CHECKPOINT SAVED (val_loss: 0.0908)
Epoch 42 | train_loss: 0.0744 | train_acc: 0.9769 | val_loss: 0.0879 | val_acc: 0.9444
CHECKPOINT SAVED (val_loss: 0.0879)
Epoch 43 | train_loss: 0.0633 | train_acc: 0.9692 | val_loss: 0.0870 | val_acc: 0.9444
CHECKPOINT SAVED (val_loss: 0.0870)
Epoch 44 | train_loss: 0.0666 | train_acc: 0.9769 | val_loss: 0.0853 | val_acc: 0.9444
CHECKPOINT SAVED (val_loss: 0.0853)
Epoch 45 | train_loss: 0.0727 | train_acc: 0.9769 | val_loss: 0.0842 | val_acc: 0.9444
CHECKPOINT SAVED (val_loss: 0.0842)
Epoch 46 | train_loss: 0.0747 | train_acc: 0.9923 | val_loss: 0.0812 | val_acc: 0.9444
CHECKPOINT SAVED (val_loss: 0.0812)
Epoch 47 | train_loss: 0.0621 | train_acc: 0.9846 | val_loss: 0.0791 | val_acc: 0.9444
CHECKPOINT SAVED (val_loss: 0.0791)
Epoch 48 | train_loss: 0.0609 | train_acc: 0.9846 | val_loss: 0.0768 | val_acc: 0.9444
CHECKPOINT SAVED (val_loss: 0.0768)
Epoch 49 | train_loss: 0.0853 | train_acc: 0.9769 | val_loss: 0.0767 | val_acc: 0.9444
CHECKPOINT SAVED (val_loss: 0.0767)
Epoch 50 | train_loss: 0.0551 | train_acc: 0.9615 | val_loss: 0.0771 | val_acc: 0.9444
Accuracy: 0.0000 | F1 Macro: 0.0000 | MCC: -0.3963
              precision    recall  f1-score   support

           R       0.00      0.00      0.00       0.0
           G       0.00      0.00      0.00       1.0
           S       0.00      0.00      0.00       4.0
           T       0.00      0.00      0.00       7.0

    accuracy                           0.00      12.0
   macro avg       0.00      0.00      0.00      12.0
weighted avg       0.00      0.00      0.00      12.0

Results saved in D:\DESKTOP\TIROCINIO\malaria-detection-pipeline\results\tuning\ood_stages\Falciparum_Malariae\Swin-T\head_only

=== SORGENTE: Falciparum -> TARGET: Malariae | MODEL: Swin-T | MODE: full ===
Training samples: 130 (Falciparum only, label=stage)
Val samples: 36
Test samples: 12 (Malariae only, label=stage)
Stage distribution training: R=106 G=10 S=11 T=3
Class 0: weights = 0.31
Class 1: weights = 3.25
Class 2: weights = 2.95
Class 3: weights = 10.83
Model: Swin-T | Mode: full
Total params: 27,522,430
Trainable params: 27,522,430 (100.00%)
Epoch 1 | train_loss: 1.3710 | train_acc: 0.5385 | val_loss: 0.9479 | val_acc: 0.9444
CHECKPOINT SAVED (val_loss: 0.9479)
Epoch 2 | train_loss: 1.0088 | train_acc: 0.9308 | val_loss: 0.6975 | val_acc: 0.9722
CHECKPOINT SAVED (val_loss: 0.6975)
Epoch 3 | train_loss: 0.7842 | train_acc: 0.9308 | val_loss: 0.4145 | val_acc: 0.9722
CHECKPOINT SAVED (val_loss: 0.4145)
Epoch 4 | train_loss: 0.4530 | train_acc: 0.9692 | val_loss: 0.2869 | val_acc: 0.9722
CHECKPOINT SAVED (val_loss: 0.2869)
Epoch 5 | train_loss: 0.3514 | train_acc: 0.9769 | val_loss: 0.2053 | val_acc: 0.9722
CHECKPOINT SAVED (val_loss: 0.2053)
Epoch 6 | train_loss: 0.2678 | train_acc: 0.9692 | val_loss: 0.1446 | val_acc: 0.9444
CHECKPOINT SAVED (val_loss: 0.1446)
Epoch 7 | train_loss: 0.2324 | train_acc: 0.9692 | val_loss: 0.1161 | val_acc: 0.9444
CHECKPOINT SAVED (val_loss: 0.1161)
Epoch 8 | train_loss: 0.1305 | train_acc: 0.9846 | val_loss: 0.0798 | val_acc: 0.9722
CHECKPOINT SAVED (val_loss: 0.0798)
Epoch 9 | train_loss: 0.1883 | train_acc: 0.9692 | val_loss: 0.0550 | val_acc: 0.9722
CHECKPOINT SAVED (val_loss: 0.0550)
Epoch 10 | train_loss: 0.1126 | train_acc: 0.9923 | val_loss: 0.0474 | val_acc: 0.9444
CHECKPOINT SAVED (val_loss: 0.0474)
Epoch 11 | train_loss: 0.0691 | train_acc: 0.9769 | val_loss: 0.0415 | val_acc: 0.9722
CHECKPOINT SAVED (val_loss: 0.0415)
Epoch 12 | train_loss: 0.0675 | train_acc: 0.9923 | val_loss: 0.0377 | val_acc: 0.9722
CHECKPOINT SAVED (val_loss: 0.0377)
Epoch 13 | train_loss: 0.0490 | train_acc: 0.9692 | val_loss: 0.0339 | val_acc: 0.9722
CHECKPOINT SAVED (val_loss: 0.0339)
Epoch 14 | train_loss: 0.0492 | train_acc: 0.9846 | val_loss: 0.0286 | val_acc: 0.9722
CHECKPOINT SAVED (val_loss: 0.0286)
Epoch 15 | train_loss: 0.0442 | train_acc: 0.9846 | val_loss: 0.0230 | val_acc: 0.9722
CHECKPOINT SAVED (val_loss: 0.0230)
Epoch 16 | train_loss: 0.0431 | train_acc: 0.9846 | val_loss: 0.0196 | val_acc: 0.9722
CHECKPOINT SAVED (val_loss: 0.0196)
Epoch 17 | train_loss: 0.0865 | train_acc: 0.9769 | val_loss: 0.0278 | val_acc: 0.9444
Epoch 18 | train_loss: 0.0335 | train_acc: 0.9846 | val_loss: 0.0134 | val_acc: 0.9722
CHECKPOINT SAVED (val_loss: 0.0134)
Epoch 19 | train_loss: 0.0337 | train_acc: 0.9846 | val_loss: 0.0079 | val_acc: 0.9722
CHECKPOINT SAVED (val_loss: 0.0079)
Epoch 20 | train_loss: 0.0253 | train_acc: 0.9923 | val_loss: 0.0065 | val_acc: 1.0000
CHECKPOINT SAVED (val_loss: 0.0065)
Epoch 21 | train_loss: 0.0257 | train_acc: 1.0000 | val_loss: 0.0055 | val_acc: 1.0000
CHECKPOINT SAVED (val_loss: 0.0055)
Epoch 22 | train_loss: 0.0124 | train_acc: 1.0000 | val_loss: 0.0051 | val_acc: 1.0000
CHECKPOINT SAVED (val_loss: 0.0051)
Epoch 23 | train_loss: 0.0267 | train_acc: 1.0000 | val_loss: 0.0056 | val_acc: 1.0000
Epoch 24 | train_loss: 0.0129 | train_acc: 0.9923 | val_loss: 0.0055 | val_acc: 1.0000
Epoch 25 | train_loss: 0.0169 | train_acc: 0.9923 | val_loss: 0.0038 | val_acc: 1.0000
CHECKPOINT SAVED (val_loss: 0.0038)
Epoch 26 | train_loss: 0.0425 | train_acc: 0.9923 | val_loss: 0.0082 | val_acc: 0.9722
Epoch 27 | train_loss: 0.0136 | train_acc: 0.9923 | val_loss: 0.0087 | val_acc: 0.9722
Epoch 28 | train_loss: 0.0142 | train_acc: 0.9923 | val_loss: 0.0029 | val_acc: 1.0000
CHECKPOINT SAVED (val_loss: 0.0029)
Epoch 29 | train_loss: 0.0136 | train_acc: 1.0000 | val_loss: 0.0014 | val_acc: 1.0000
CHECKPOINT SAVED (val_loss: 0.0014)
Epoch 30 | train_loss: 0.0221 | train_acc: 1.0000 | val_loss: 0.0015 | val_acc: 1.0000
Epoch 31 | train_loss: 0.0108 | train_acc: 0.9923 | val_loss: 0.0015 | val_acc: 1.0000
Epoch 32 | train_loss: 0.0054 | train_acc: 1.0000 | val_loss: 0.0013 | val_acc: 1.0000
CHECKPOINT SAVED (val_loss: 0.0013)
Epoch 33 | train_loss: 0.0091 | train_acc: 0.9923 | val_loss: 0.0008 | val_acc: 1.0000
CHECKPOINT SAVED (val_loss: 0.0008)
Epoch 34 | train_loss: 0.0163 | train_acc: 1.0000 | val_loss: 0.0006 | val_acc: 1.0000
CHECKPOINT SAVED (val_loss: 0.0006)
Epoch 35 | train_loss: 0.0039 | train_acc: 1.0000 | val_loss: 0.0004 | val_acc: 1.0000
CHECKPOINT SAVED (val_loss: 0.0004)
Epoch 36 | train_loss: 0.0048 | train_acc: 1.0000 | val_loss: 0.0003 | val_acc: 1.0000
CHECKPOINT SAVED (val_loss: 0.0003)
Epoch 37 | train_loss: 0.0062 | train_acc: 1.0000 | val_loss: 0.0004 | val_acc: 1.0000
Epoch 38 | train_loss: 0.0034 | train_acc: 1.0000 | val_loss: 0.0005 | val_acc: 1.0000
Epoch 39 | train_loss: 0.0041 | train_acc: 1.0000 | val_loss: 0.0004 | val_acc: 1.0000
Epoch 40 | train_loss: 0.0214 | train_acc: 0.9923 | val_loss: 0.0003 | val_acc: 1.0000
CHECKPOINT SAVED (val_loss: 0.0003)
Epoch 41 | train_loss: 0.0058 | train_acc: 0.9923 | val_loss: 0.0003 | val_acc: 1.0000
CHECKPOINT SAVED (val_loss: 0.0003)
Epoch 42 | train_loss: 0.0258 | train_acc: 0.9923 | val_loss: 0.0002 | val_acc: 1.0000
CHECKPOINT SAVED (val_loss: 0.0002)
Epoch 43 | train_loss: 0.0028 | train_acc: 1.0000 | val_loss: 0.0002 | val_acc: 1.0000
CHECKPOINT SAVED (val_loss: 0.0002)
Epoch 44 | train_loss: 0.0066 | train_acc: 1.0000 | val_loss: 0.0001 | val_acc: 1.0000
CHECKPOINT SAVED (val_loss: 0.0001)
Epoch 45 | train_loss: 0.0051 | train_acc: 1.0000 | val_loss: 0.0001 | val_acc: 1.0000
CHECKPOINT SAVED (val_loss: 0.0001)
Epoch 46 | train_loss: 0.0209 | train_acc: 1.0000 | val_loss: 0.0005 | val_acc: 1.0000
Epoch 47 | train_loss: 0.0101 | train_acc: 0.9923 | val_loss: 0.0031 | val_acc: 1.0000
Epoch 48 | train_loss: 0.0115 | train_acc: 0.9846 | val_loss: 0.0014 | val_acc: 1.0000
Epoch 49 | train_loss: 0.0197 | train_acc: 0.9923 | val_loss: 0.0003 | val_acc: 1.0000
Epoch 50 | train_loss: 0.0036 | train_acc: 1.0000 | val_loss: 0.0001 | val_acc: 1.0000
CHECKPOINT SAVED (val_loss: 0.0001)
Accuracy: 0.0000 | F1 Macro: 0.0000 | MCC: 0.0000
              precision    recall  f1-score   support

           R       0.00      0.00      0.00       0.0
           G       0.00      0.00      0.00       1.0
           S       0.00      0.00      0.00       4.0
           T       0.00      0.00      0.00       7.0

    accuracy                           0.00      12.0
   macro avg       0.00      0.00      0.00      12.0
weighted avg       0.00      0.00      0.00      12.0

Results saved in D:\DESKTOP\TIROCINIO\malaria-detection-pipeline\results\tuning\ood_stages\Falciparum_Malariae\Swin-T\full

=== SORGENTE: Falciparum -> TARGET: Malariae | MODEL: Swin-T | MODE: lora ===
Training samples: 130 (Falciparum only, label=stage)
Val samples: 36
Test samples: 12 (Malariae only, label=stage)
Stage distribution training: R=106 G=10 S=11 T=3
Class 0: weights = 0.31
Class 1: weights = 3.25
Class 2: weights = 2.95
Class 3: weights = 10.83
Model: Swin-T | Mode: lora
Total params: 27,663,742
Trainable params: 144,388 (0.52%)
Epoch 1 | train_loss: 1.4437 | train_acc: 0.6615 | val_loss: 1.0686 | val_acc: 0.5278
CHECKPOINT SAVED (val_loss: 1.0686)
Epoch 2 | train_loss: 1.1116 | train_acc: 0.7846 | val_loss: 0.8673 | val_acc: 0.8611
CHECKPOINT SAVED (val_loss: 0.8673)
Epoch 3 | train_loss: 0.9046 | train_acc: 0.9769 | val_loss: 0.7763 | val_acc: 0.9722
CHECKPOINT SAVED (val_loss: 0.7763)
Epoch 4 | train_loss: 0.9857 | train_acc: 0.9385 | val_loss: 0.6429 | val_acc: 0.8889
CHECKPOINT SAVED (val_loss: 0.6429)
Epoch 5 | train_loss: 0.6967 | train_acc: 0.9308 | val_loss: 0.5532 | val_acc: 0.8333
CHECKPOINT SAVED (val_loss: 0.5532)
Epoch 6 | train_loss: 0.5905 | train_acc: 0.9308 | val_loss: 0.5010 | val_acc: 0.7778
CHECKPOINT SAVED (val_loss: 0.5010)
Epoch 7 | train_loss: 0.5300 | train_acc: 0.8846 | val_loss: 0.4607 | val_acc: 0.7778
CHECKPOINT SAVED (val_loss: 0.4607)
Epoch 8 | train_loss: 0.4679 | train_acc: 0.8769 | val_loss: 0.3981 | val_acc: 0.8889
CHECKPOINT SAVED (val_loss: 0.3981)
Epoch 9 | train_loss: 0.4236 | train_acc: 0.9615 | val_loss: 0.3599 | val_acc: 0.8889
CHECKPOINT SAVED (val_loss: 0.3599)
Epoch 10 | train_loss: 0.4728 | train_acc: 0.9462 | val_loss: 0.3328 | val_acc: 0.8611
CHECKPOINT SAVED (val_loss: 0.3328)
Epoch 11 | train_loss: 0.4414 | train_acc: 0.9462 | val_loss: 0.3222 | val_acc: 0.8333
CHECKPOINT SAVED (val_loss: 0.3222)
Epoch 12 | train_loss: 0.3978 | train_acc: 0.9308 | val_loss: 0.3102 | val_acc: 0.8056
CHECKPOINT SAVED (val_loss: 0.3102)
Epoch 13 | train_loss: 0.3553 | train_acc: 0.9308 | val_loss: 0.2982 | val_acc: 0.8333
CHECKPOINT SAVED (val_loss: 0.2982)
Epoch 14 | train_loss: 0.3737 | train_acc: 0.9385 | val_loss: 0.2775 | val_acc: 0.8611
CHECKPOINT SAVED (val_loss: 0.2775)
Epoch 15 | train_loss: 0.3274 | train_acc: 0.9077 | val_loss: 0.2610 | val_acc: 0.9167
CHECKPOINT SAVED (val_loss: 0.2610)
Epoch 16 | train_loss: 0.3566 | train_acc: 0.9538 | val_loss: 0.2480 | val_acc: 0.9167
CHECKPOINT SAVED (val_loss: 0.2480)
Epoch 17 | train_loss: 0.2934 | train_acc: 0.9308 | val_loss: 0.2386 | val_acc: 0.8889
CHECKPOINT SAVED (val_loss: 0.2386)
Epoch 18 | train_loss: 0.2920 | train_acc: 0.9000 | val_loss: 0.2271 | val_acc: 0.8889
CHECKPOINT SAVED (val_loss: 0.2271)
Epoch 19 | train_loss: 0.2983 | train_acc: 0.9000 | val_loss: 0.2153 | val_acc: 0.9444
CHECKPOINT SAVED (val_loss: 0.2153)
Epoch 20 | train_loss: 0.2333 | train_acc: 0.9846 | val_loss: 0.2102 | val_acc: 0.9722
CHECKPOINT SAVED (val_loss: 0.2102)
Epoch 21 | train_loss: 0.2775 | train_acc: 0.9538 | val_loss: 0.2042 | val_acc: 0.9444
CHECKPOINT SAVED (val_loss: 0.2042)
Epoch 22 | train_loss: 0.2556 | train_acc: 0.9692 | val_loss: 0.1955 | val_acc: 0.9444
CHECKPOINT SAVED (val_loss: 0.1955)
Epoch 23 | train_loss: 0.1974 | train_acc: 0.9692 | val_loss: 0.1907 | val_acc: 0.9444
CHECKPOINT SAVED (val_loss: 0.1907)
Epoch 24 | train_loss: 0.2196 | train_acc: 0.9692 | val_loss: 0.1905 | val_acc: 0.9167
CHECKPOINT SAVED (val_loss: 0.1905)
Epoch 25 | train_loss: 0.2122 | train_acc: 0.9231 | val_loss: 0.1983 | val_acc: 0.9167
Epoch 26 | train_loss: 0.1710 | train_acc: 0.9231 | val_loss: 0.1964 | val_acc: 0.9167
Epoch 27 | train_loss: 0.1993 | train_acc: 0.9154 | val_loss: 0.1861 | val_acc: 0.9167
CHECKPOINT SAVED (val_loss: 0.1861)
Epoch 28 | train_loss: 0.1701 | train_acc: 0.9462 | val_loss: 0.1689 | val_acc: 0.9444
CHECKPOINT SAVED (val_loss: 0.1689)
Epoch 29 | train_loss: 0.1973 | train_acc: 0.9615 | val_loss: 0.1611 | val_acc: 0.9444
CHECKPOINT SAVED (val_loss: 0.1611)
Epoch 30 | train_loss: 0.1967 | train_acc: 0.9692 | val_loss: 0.1574 | val_acc: 0.9444
CHECKPOINT SAVED (val_loss: 0.1574)
Epoch 31 | train_loss: 0.1981 | train_acc: 0.9846 | val_loss: 0.1568 | val_acc: 0.9167
CHECKPOINT SAVED (val_loss: 0.1568)
Epoch 32 | train_loss: 0.1932 | train_acc: 0.9462 | val_loss: 0.1520 | val_acc: 0.9167
CHECKPOINT SAVED (val_loss: 0.1520)
Epoch 33 | train_loss: 0.2107 | train_acc: 0.9615 | val_loss: 0.1539 | val_acc: 0.9167
Epoch 34 | train_loss: 0.2091 | train_acc: 0.9462 | val_loss: 0.1538 | val_acc: 0.9167
Epoch 35 | train_loss: 0.1343 | train_acc: 0.9462 | val_loss: 0.1446 | val_acc: 0.9444
CHECKPOINT SAVED (val_loss: 0.1446)
Epoch 36 | train_loss: 0.1509 | train_acc: 0.9385 | val_loss: 0.1430 | val_acc: 0.9444
CHECKPOINT SAVED (val_loss: 0.1430)
Epoch 37 | train_loss: 0.1535 | train_acc: 0.9692 | val_loss: 0.1379 | val_acc: 0.9444
CHECKPOINT SAVED (val_loss: 0.1379)
Epoch 38 | train_loss: 0.1631 | train_acc: 0.9692 | val_loss: 0.1363 | val_acc: 0.9444
CHECKPOINT SAVED (val_loss: 0.1363)
Epoch 39 | train_loss: 0.1750 | train_acc: 0.9692 | val_loss: 0.1436 | val_acc: 0.8889
Epoch 40 | train_loss: 0.1694 | train_acc: 0.9154 | val_loss: 0.1489 | val_acc: 0.8889
Epoch 41 | train_loss: 0.2338 | train_acc: 0.8846 | val_loss: 0.1433 | val_acc: 0.8889
Epoch 42 | train_loss: 0.1382 | train_acc: 0.9308 | val_loss: 0.1270 | val_acc: 0.9444
CHECKPOINT SAVED (val_loss: 0.1270)
Epoch 43 | train_loss: 0.1452 | train_acc: 0.9769 | val_loss: 0.1233 | val_acc: 0.9444
CHECKPOINT SAVED (val_loss: 0.1233)
Epoch 44 | train_loss: 0.1518 | train_acc: 0.9846 | val_loss: 0.1233 | val_acc: 0.9444
CHECKPOINT SAVED (val_loss: 0.1233)
Epoch 45 | train_loss: 0.1688 | train_acc: 0.9692 | val_loss: 0.1202 | val_acc: 0.9444
CHECKPOINT SAVED (val_loss: 0.1202)
Epoch 46 | train_loss: 0.1411 | train_acc: 0.9769 | val_loss: 0.1235 | val_acc: 0.9444
Epoch 47 | train_loss: 0.1252 | train_acc: 0.9385 | val_loss: 0.1198 | val_acc: 0.9444
CHECKPOINT SAVED (val_loss: 0.1198)
Epoch 48 | train_loss: 0.2024 | train_acc: 0.9385 | val_loss: 0.1147 | val_acc: 0.9444
CHECKPOINT SAVED (val_loss: 0.1147)
Epoch 49 | train_loss: 0.2141 | train_acc: 0.9385 | val_loss: 0.1158 | val_acc: 0.9444
Epoch 50 | train_loss: 0.1815 | train_acc: 0.9538 | val_loss: 0.1237 | val_acc: 0.9444
Accuracy: 0.1667 | F1 Macro: 0.0769 | MCC: -0.2402
              precision    recall  f1-score   support

           R       0.00      0.00      0.00         0
           G       0.00      0.00      0.00         1
           S       0.00      0.00      0.00         4
           T       0.33      0.29      0.31         7

    accuracy                           0.17        12
   macro avg       0.08      0.07      0.08        12
weighted avg       0.19      0.17      0.18        12

Results saved in D:\DESKTOP\TIROCINIO\malaria-detection-pipeline\results\tuning\ood_stages\Falciparum_Malariae\Swin-T\lora

=== SORGENTE: Falciparum -> TARGET: Malariae | MODEL: ViT-B | MODE: head_only ===
Training samples: 130 (Falciparum only, label=stage)
Val samples: 36
Test samples: 12 (Malariae only, label=stage)
Stage distribution training: R=106 G=10 S=11 T=3
Class 0: weights = 0.31
Class 1: weights = 3.25
Class 2: weights = 2.95
Class 3: weights = 10.83
Loading weights:   0%|          | 0/200 [00:00<?, ?it/s]Loading weights: 100%|##########| 200/200 [00:00<00:00, 3671.39it/s]
Model: ViT-B | Mode: head_only
Total params: 86,392,324
Trainable params: 3,076 (0.00%)
Epoch 1 | train_loss: 1.3723 | train_acc: 0.4615 | val_loss: 1.2325 | val_acc: 0.7500
CHECKPOINT SAVED (val_loss: 1.2325)
Epoch 2 | train_loss: 1.2085 | train_acc: 0.8692 | val_loss: 1.1400 | val_acc: 0.7222
CHECKPOINT SAVED (val_loss: 1.1400)
Epoch 3 | train_loss: 1.0913 | train_acc: 0.9000 | val_loss: 1.0591 | val_acc: 0.8333
CHECKPOINT SAVED (val_loss: 1.0591)
Epoch 4 | train_loss: 0.9964 | train_acc: 0.9154 | val_loss: 0.9905 | val_acc: 0.8611
CHECKPOINT SAVED (val_loss: 0.9905)
Epoch 5 | train_loss: 0.9211 | train_acc: 0.9462 | val_loss: 0.9332 | val_acc: 0.9167
CHECKPOINT SAVED (val_loss: 0.9332)
Epoch 6 | train_loss: 0.8199 | train_acc: 0.9538 | val_loss: 0.8865 | val_acc: 0.9444
CHECKPOINT SAVED (val_loss: 0.8865)
Epoch 7 | train_loss: 0.7942 | train_acc: 0.9462 | val_loss: 0.8474 | val_acc: 0.9722
CHECKPOINT SAVED (val_loss: 0.8474)
Epoch 8 | train_loss: 0.7350 | train_acc: 0.9769 | val_loss: 0.8034 | val_acc: 0.9167
CHECKPOINT SAVED (val_loss: 0.8034)
Epoch 9 | train_loss: 0.6693 | train_acc: 0.9385 | val_loss: 0.7690 | val_acc: 0.8889
CHECKPOINT SAVED (val_loss: 0.7690)
Epoch 10 | train_loss: 0.5999 | train_acc: 0.9308 | val_loss: 0.7363 | val_acc: 0.8889
CHECKPOINT SAVED (val_loss: 0.7363)
Epoch 11 | train_loss: 0.5355 | train_acc: 0.9538 | val_loss: 0.7034 | val_acc: 0.8889
CHECKPOINT SAVED (val_loss: 0.7034)
Epoch 12 | train_loss: 0.5464 | train_acc: 0.9615 | val_loss: 0.6759 | val_acc: 0.9444
CHECKPOINT SAVED (val_loss: 0.6759)
Epoch 13 | train_loss: 0.5126 | train_acc: 0.9692 | val_loss: 0.6504 | val_acc: 0.9722
CHECKPOINT SAVED (val_loss: 0.6504)
Epoch 14 | train_loss: 0.4605 | train_acc: 0.9615 | val_loss: 0.6236 | val_acc: 0.9722
CHECKPOINT SAVED (val_loss: 0.6236)
Epoch 15 | train_loss: 0.4657 | train_acc: 0.9769 | val_loss: 0.6028 | val_acc: 0.9722
CHECKPOINT SAVED (val_loss: 0.6028)
Epoch 16 | train_loss: 0.4275 | train_acc: 0.9769 | val_loss: 0.5794 | val_acc: 1.0000
CHECKPOINT SAVED (val_loss: 0.5794)
Epoch 17 | train_loss: 0.4225 | train_acc: 0.9615 | val_loss: 0.5530 | val_acc: 1.0000
CHECKPOINT SAVED (val_loss: 0.5530)
Epoch 18 | train_loss: 0.4891 | train_acc: 0.9615 | val_loss: 0.5275 | val_acc: 1.0000
CHECKPOINT SAVED (val_loss: 0.5275)
Epoch 19 | train_loss: 0.4243 | train_acc: 0.9615 | val_loss: 0.5031 | val_acc: 1.0000
CHECKPOINT SAVED (val_loss: 0.5031)
Epoch 20 | train_loss: 0.3881 | train_acc: 0.9538 | val_loss: 0.4799 | val_acc: 1.0000
CHECKPOINT SAVED (val_loss: 0.4799)
Epoch 21 | train_loss: 0.3604 | train_acc: 0.9769 | val_loss: 0.4614 | val_acc: 1.0000
CHECKPOINT SAVED (val_loss: 0.4614)
Epoch 22 | train_loss: 0.4118 | train_acc: 0.9769 | val_loss: 0.4479 | val_acc: 1.0000
CHECKPOINT SAVED (val_loss: 0.4479)
Epoch 23 | train_loss: 0.3146 | train_acc: 0.9923 | val_loss: 0.4358 | val_acc: 1.0000
CHECKPOINT SAVED (val_loss: 0.4358)
Epoch 24 | train_loss: 0.3277 | train_acc: 0.9692 | val_loss: 0.4249 | val_acc: 0.9722
CHECKPOINT SAVED (val_loss: 0.4249)
Epoch 25 | train_loss: 0.3117 | train_acc: 0.9692 | val_loss: 0.4142 | val_acc: 0.9722
CHECKPOINT SAVED (val_loss: 0.4142)
Epoch 26 | train_loss: 0.2983 | train_acc: 0.9615 | val_loss: 0.4024 | val_acc: 0.9722
CHECKPOINT SAVED (val_loss: 0.4024)
Epoch 27 | train_loss: 0.2843 | train_acc: 0.9692 | val_loss: 0.3935 | val_acc: 0.9722
CHECKPOINT SAVED (val_loss: 0.3935)
Epoch 28 | train_loss: 0.2888 | train_acc: 0.9692 | val_loss: 0.3846 | val_acc: 0.9722
CHECKPOINT SAVED (val_loss: 0.3846)
Epoch 29 | train_loss: 0.2521 | train_acc: 0.9923 | val_loss: 0.3720 | val_acc: 0.9722
CHECKPOINT SAVED (val_loss: 0.3720)
Epoch 30 | train_loss: 0.2765 | train_acc: 0.9846 | val_loss: 0.3621 | val_acc: 1.0000
CHECKPOINT SAVED (val_loss: 0.3621)
Epoch 31 | train_loss: 0.2539 | train_acc: 0.9769 | val_loss: 0.3510 | val_acc: 1.0000
CHECKPOINT SAVED (val_loss: 0.3510)
Epoch 32 | train_loss: 0.2567 | train_acc: 0.9769 | val_loss: 0.3414 | val_acc: 1.0000
CHECKPOINT SAVED (val_loss: 0.3414)
Epoch 33 | train_loss: 0.2463 | train_acc: 0.9923 | val_loss: 0.3318 | val_acc: 1.0000
CHECKPOINT SAVED (val_loss: 0.3318)
Epoch 34 | train_loss: 0.1918 | train_acc: 1.0000 | val_loss: 0.3229 | val_acc: 1.0000
CHECKPOINT SAVED (val_loss: 0.3229)
Epoch 35 | train_loss: 0.2249 | train_acc: 0.9769 | val_loss: 0.3142 | val_acc: 1.0000
CHECKPOINT SAVED (val_loss: 0.3142)
Epoch 36 | train_loss: 0.2299 | train_acc: 1.0000 | val_loss: 0.3101 | val_acc: 1.0000
CHECKPOINT SAVED (val_loss: 0.3101)
Epoch 37 | train_loss: 0.2451 | train_acc: 0.9769 | val_loss: 0.3061 | val_acc: 0.9722
CHECKPOINT SAVED (val_loss: 0.3061)
Epoch 38 | train_loss: 0.2317 | train_acc: 0.9846 | val_loss: 0.3018 | val_acc: 0.9722
CHECKPOINT SAVED (val_loss: 0.3018)
Epoch 39 | train_loss: 0.2098 | train_acc: 0.9769 | val_loss: 0.2987 | val_acc: 0.9722
CHECKPOINT SAVED (val_loss: 0.2987)
Epoch 40 | train_loss: 0.1887 | train_acc: 0.9923 | val_loss: 0.2922 | val_acc: 0.9722
CHECKPOINT SAVED (val_loss: 0.2922)
Epoch 41 | train_loss: 0.1934 | train_acc: 0.9769 | val_loss: 0.2847 | val_acc: 0.9722
CHECKPOINT SAVED (val_loss: 0.2847)
Epoch 42 | train_loss: 0.1951 | train_acc: 0.9692 | val_loss: 0.2782 | val_acc: 0.9722
CHECKPOINT SAVED (val_loss: 0.2782)
Epoch 43 | train_loss: 0.1906 | train_acc: 0.9923 | val_loss: 0.2724 | val_acc: 0.9722
CHECKPOINT SAVED (val_loss: 0.2724)
Epoch 44 | train_loss: 0.1959 | train_acc: 0.9923 | val_loss: 0.2688 | val_acc: 1.0000
CHECKPOINT SAVED (val_loss: 0.2688)
Epoch 45 | train_loss: 0.1827 | train_acc: 0.9769 | val_loss: 0.2637 | val_acc: 1.0000
CHECKPOINT SAVED (val_loss: 0.2637)
Epoch 46 | train_loss: 0.1801 | train_acc: 0.9923 | val_loss: 0.2578 | val_acc: 1.0000
CHECKPOINT SAVED (val_loss: 0.2578)
Epoch 47 | train_loss: 0.2023 | train_acc: 0.9846 | val_loss: 0.2530 | val_acc: 1.0000
CHECKPOINT SAVED (val_loss: 0.2530)
Epoch 48 | train_loss: 0.1767 | train_acc: 0.9769 | val_loss: 0.2482 | val_acc: 0.9722
CHECKPOINT SAVED (val_loss: 0.2482)
Epoch 49 | train_loss: 0.1747 | train_acc: 0.9846 | val_loss: 0.2449 | val_acc: 0.9722
CHECKPOINT SAVED (val_loss: 0.2449)
Epoch 50 | train_loss: 0.1519 | train_acc: 0.9615 | val_loss: 0.2400 | val_acc: 0.9722
CHECKPOINT SAVED (val_loss: 0.2400)
Accuracy: 0.0000 | F1 Macro: 0.0000 | MCC: 0.0000
              precision    recall  f1-score   support

           R       0.00      0.00      0.00       0.0
           G       0.00      0.00      0.00       1.0
           S       0.00      0.00      0.00       4.0
           T       0.00      0.00      0.00       7.0

    accuracy                           0.00      12.0
   macro avg       0.00      0.00      0.00      12.0
weighted avg       0.00      0.00      0.00      12.0

Results saved in D:\DESKTOP\TIROCINIO\malaria-detection-pipeline\results\tuning\ood_stages\Falciparum_Malariae\ViT-B\head_only

=== SORGENTE: Falciparum -> TARGET: Malariae | MODEL: ViT-B | MODE: full ===
Training samples: 130 (Falciparum only, label=stage)
Val samples: 36
Test samples: 12 (Malariae only, label=stage)
Stage distribution training: R=106 G=10 S=11 T=3
Class 0: weights = 0.31
Class 1: weights = 3.25
Class 2: weights = 2.95
Class 3: weights = 10.83
Loading weights:   0%|          | 0/200 [00:00<?, ?it/s]Loading weights: 100%|##########| 200/200 [00:00<00:00, 7427.29it/s]
Model: ViT-B | Mode: full
Total params: 86,392,324
Trainable params: 86,392,324 (100.00%)
Epoch 1 | train_loss: 1.3294 | train_acc: 0.7231 | val_loss: 1.1466 | val_acc: 0.7500
CHECKPOINT SAVED (val_loss: 1.1466)
Epoch 2 | train_loss: 1.0994 | train_acc: 0.8769 | val_loss: 1.0029 | val_acc: 0.8889
CHECKPOINT SAVED (val_loss: 1.0029)
Epoch 3 | train_loss: 0.8904 | train_acc: 0.9615 | val_loss: 0.8462 | val_acc: 0.9444
CHECKPOINT SAVED (val_loss: 0.8462)
Epoch 4 | train_loss: 0.7251 | train_acc: 0.9692 | val_loss: 0.6699 | val_acc: 0.9722
CHECKPOINT SAVED (val_loss: 0.6699)
Epoch 5 | train_loss: 0.5663 | train_acc: 0.9769 | val_loss: 0.5087 | val_acc: 1.0000
CHECKPOINT SAVED (val_loss: 0.5087)
Epoch 6 | train_loss: 0.4179 | train_acc: 0.9846 | val_loss: 0.3702 | val_acc: 1.0000
CHECKPOINT SAVED (val_loss: 0.3702)
Epoch 7 | train_loss: 0.3016 | train_acc: 0.9923 | val_loss: 0.2811 | val_acc: 1.0000
CHECKPOINT SAVED (val_loss: 0.2811)
Epoch 8 | train_loss: 0.2339 | train_acc: 1.0000 | val_loss: 0.2137 | val_acc: 1.0000
CHECKPOINT SAVED (val_loss: 0.2137)
Epoch 9 | train_loss: 0.1904 | train_acc: 0.9923 | val_loss: 0.1558 | val_acc: 1.0000
CHECKPOINT SAVED (val_loss: 0.1558)
Epoch 10 | train_loss: 0.1211 | train_acc: 1.0000 | val_loss: 0.1140 | val_acc: 1.0000
CHECKPOINT SAVED (val_loss: 0.1140)
Epoch 11 | train_loss: 0.0897 | train_acc: 1.0000 | val_loss: 0.0875 | val_acc: 1.0000
CHECKPOINT SAVED (val_loss: 0.0875)
Epoch 12 | train_loss: 0.0762 | train_acc: 1.0000 | val_loss: 0.0702 | val_acc: 1.0000
CHECKPOINT SAVED (val_loss: 0.0702)
Epoch 13 | train_loss: 0.0614 | train_acc: 1.0000 | val_loss: 0.0566 | val_acc: 1.0000
CHECKPOINT SAVED (val_loss: 0.0566)
Epoch 14 | train_loss: 0.0481 | train_acc: 1.0000 | val_loss: 0.0461 | val_acc: 1.0000
CHECKPOINT SAVED (val_loss: 0.0461)
Epoch 15 | train_loss: 0.0391 | train_acc: 1.0000 | val_loss: 0.0393 | val_acc: 1.0000
CHECKPOINT SAVED (val_loss: 0.0393)
Epoch 16 | train_loss: 0.0308 | train_acc: 1.0000 | val_loss: 0.0342 | val_acc: 1.0000
CHECKPOINT SAVED (val_loss: 0.0342)
Epoch 17 | train_loss: 0.0317 | train_acc: 1.0000 | val_loss: 0.0301 | val_acc: 1.0000
CHECKPOINT SAVED (val_loss: 0.0301)
Epoch 18 | train_loss: 0.0274 | train_acc: 1.0000 | val_loss: 0.0269 | val_acc: 1.0000
CHECKPOINT SAVED (val_loss: 0.0269)
Epoch 19 | train_loss: 0.0231 | train_acc: 1.0000 | val_loss: 0.0244 | val_acc: 1.0000
CHECKPOINT SAVED (val_loss: 0.0244)
Epoch 20 | train_loss: 0.0245 | train_acc: 1.0000 | val_loss: 0.0224 | val_acc: 1.0000
CHECKPOINT SAVED (val_loss: 0.0224)
Epoch 21 | train_loss: 0.0185 | train_acc: 1.0000 | val_loss: 0.0214 | val_acc: 1.0000
CHECKPOINT SAVED (val_loss: 0.0214)
Epoch 22 | train_loss: 0.0189 | train_acc: 1.0000 | val_loss: 0.0196 | val_acc: 1.0000
CHECKPOINT SAVED (val_loss: 0.0196)
Epoch 23 | train_loss: 0.0200 | train_acc: 1.0000 | val_loss: 0.0176 | val_acc: 1.0000
CHECKPOINT SAVED (val_loss: 0.0176)
Epoch 24 | train_loss: 0.0149 | train_acc: 1.0000 | val_loss: 0.0166 | val_acc: 1.0000
CHECKPOINT SAVED (val_loss: 0.0166)
Epoch 25 | train_loss: 0.0128 | train_acc: 1.0000 | val_loss: 0.0158 | val_acc: 1.0000
CHECKPOINT SAVED (val_loss: 0.0158)
Epoch 26 | train_loss: 0.0135 | train_acc: 1.0000 | val_loss: 0.0149 | val_acc: 1.0000
CHECKPOINT SAVED (val_loss: 0.0149)
Epoch 27 | train_loss: 0.0138 | train_acc: 1.0000 | val_loss: 0.0139 | val_acc: 1.0000
CHECKPOINT SAVED (val_loss: 0.0139)
Epoch 28 | train_loss: 0.0120 | train_acc: 1.0000 | val_loss: 0.0128 | val_acc: 1.0000
CHECKPOINT SAVED (val_loss: 0.0128)
Epoch 29 | train_loss: 0.0108 | train_acc: 1.0000 | val_loss: 0.0119 | val_acc: 1.0000
CHECKPOINT SAVED (val_loss: 0.0119)
Epoch 30 | train_loss: 0.0095 | train_acc: 1.0000 | val_loss: 0.0111 | val_acc: 1.0000
CHECKPOINT SAVED (val_loss: 0.0111)
Epoch 31 | train_loss: 0.0101 | train_acc: 1.0000 | val_loss: 0.0105 | val_acc: 1.0000
CHECKPOINT SAVED (val_loss: 0.0105)
Epoch 32 | train_loss: 0.0089 | train_acc: 1.0000 | val_loss: 0.0099 | val_acc: 1.0000
CHECKPOINT SAVED (val_loss: 0.0099)
Epoch 33 | train_loss: 0.0085 | train_acc: 1.0000 | val_loss: 0.0094 | val_acc: 1.0000
CHECKPOINT SAVED (val_loss: 0.0094)
Epoch 34 | train_loss: 0.0086 | train_acc: 1.0000 | val_loss: 0.0089 | val_acc: 1.0000
CHECKPOINT SAVED (val_loss: 0.0089)
Epoch 35 | train_loss: 0.0079 | train_acc: 1.0000 | val_loss: 0.0085 | val_acc: 1.0000
CHECKPOINT SAVED (val_loss: 0.0085)
Epoch 36 | train_loss: 0.0075 | train_acc: 1.0000 | val_loss: 0.0081 | val_acc: 1.0000
CHECKPOINT SAVED (val_loss: 0.0081)
Epoch 37 | train_loss: 0.0082 | train_acc: 1.0000 | val_loss: 0.0076 | val_acc: 1.0000
CHECKPOINT SAVED (val_loss: 0.0076)
Epoch 38 | train_loss: 0.0098 | train_acc: 1.0000 | val_loss: 0.0073 | val_acc: 1.0000
CHECKPOINT SAVED (val_loss: 0.0073)
Epoch 39 | train_loss: 0.2394 | train_acc: 0.9923 | val_loss: 0.0135 | val_acc: 1.0000
Epoch 40 | train_loss: 0.0362 | train_acc: 0.9769 | val_loss: 0.0118 | val_acc: 1.0000
Epoch 41 | train_loss: 0.0304 | train_acc: 0.9846 | val_loss: 0.0086 | val_acc: 1.0000
Epoch 42 | train_loss: 0.0109 | train_acc: 1.0000 | val_loss: 0.0084 | val_acc: 1.0000
Epoch 43 | train_loss: 0.0103 | train_acc: 1.0000 | val_loss: 0.0086 | val_acc: 1.0000
Epoch 44 | train_loss: 0.0095 | train_acc: 1.0000 | val_loss: 0.0076 | val_acc: 1.0000
Epoch 45 | train_loss: 0.0081 | train_acc: 1.0000 | val_loss: 0.0070 | val_acc: 1.0000
CHECKPOINT SAVED (val_loss: 0.0070)
Epoch 46 | train_loss: 0.0069 | train_acc: 1.0000 | val_loss: 0.0066 | val_acc: 1.0000
CHECKPOINT SAVED (val_loss: 0.0066)
Epoch 47 | train_loss: 0.0186 | train_acc: 1.0000 | val_loss: 0.0068 | val_acc: 1.0000
Epoch 48 | train_loss: 0.0072 | train_acc: 1.0000 | val_loss: 0.0077 | val_acc: 1.0000
Epoch 49 | train_loss: 0.0091 | train_acc: 1.0000 | val_loss: 0.0079 | val_acc: 1.0000
Epoch 50 | train_loss: 0.0067 | train_acc: 1.0000 | val_loss: 0.0075 | val_acc: 1.0000
Accuracy: 0.3333 | F1 Macro: 0.2197 | MCC: 0.1110
              precision    recall  f1-score   support

           R       0.00      0.00      0.00         0
           G       0.00      0.00      0.00         1
           S       0.50      0.25      0.33         4
           T       0.75      0.43      0.55         7

    accuracy                           0.33        12
   macro avg       0.31      0.17      0.22        12
weighted avg       0.60      0.33      0.43        12

Results saved in D:\DESKTOP\TIROCINIO\malaria-detection-pipeline\results\tuning\ood_stages\Falciparum_Malariae\ViT-B\full

=== SORGENTE: Falciparum -> TARGET: Malariae | MODEL: ViT-B | MODE: lora ===
Training samples: 130 (Falciparum only, label=stage)
Val samples: 36
Test samples: 12 (Malariae only, label=stage)
Stage distribution training: R=106 G=10 S=11 T=3
Class 0: weights = 0.31
Class 1: weights = 3.25
Class 2: weights = 2.95
Class 3: weights = 10.83
Loading weights:   0%|          | 0/200 [00:00<?, ?it/s]Loading weights: 100%|##########| 200/200 [00:00<00:00, 7721.47it/s]
Model: ViT-B | Mode: lora
Total params: 86,687,236
Trainable params: 297,988 (0.34%)
Epoch 1 | train_loss: 1.3533 | train_acc: 0.6077 | val_loss: 1.2440 | val_acc: 0.6667
CHECKPOINT SAVED (val_loss: 1.2440)
Epoch 2 | train_loss: 1.2033 | train_acc: 0.8615 | val_loss: 1.1358 | val_acc: 0.6667
CHECKPOINT SAVED (val_loss: 1.1358)
Epoch 3 | train_loss: 1.0729 | train_acc: 0.9000 | val_loss: 1.0629 | val_acc: 0.6944
CHECKPOINT SAVED (val_loss: 1.0629)
Epoch 4 | train_loss: 0.9554 | train_acc: 0.9154 | val_loss: 1.0183 | val_acc: 0.6944
CHECKPOINT SAVED (val_loss: 1.0183)
Epoch 5 | train_loss: 0.9177 | train_acc: 0.9154 | val_loss: 0.9543 | val_acc: 0.8611
CHECKPOINT SAVED (val_loss: 0.9543)
Epoch 6 | train_loss: 0.8286 | train_acc: 0.9308 | val_loss: 0.9005 | val_acc: 0.8611
CHECKPOINT SAVED (val_loss: 0.9005)
Epoch 7 | train_loss: 0.7758 | train_acc: 0.9538 | val_loss: 0.8445 | val_acc: 0.9444
CHECKPOINT SAVED (val_loss: 0.8445)
Epoch 8 | train_loss: 0.7057 | train_acc: 0.9615 | val_loss: 0.7940 | val_acc: 0.9722
CHECKPOINT SAVED (val_loss: 0.7940)
Epoch 9 | train_loss: 0.6702 | train_acc: 0.9615 | val_loss: 0.7595 | val_acc: 0.9722
CHECKPOINT SAVED (val_loss: 0.7595)
Epoch 10 | train_loss: 0.6005 | train_acc: 0.9769 | val_loss: 0.7203 | val_acc: 0.9444
CHECKPOINT SAVED (val_loss: 0.7203)
Epoch 11 | train_loss: 0.5583 | train_acc: 0.9615 | val_loss: 0.6857 | val_acc: 0.9722
CHECKPOINT SAVED (val_loss: 0.6857)
Epoch 12 | train_loss: 0.5253 | train_acc: 0.9615 | val_loss: 0.6640 | val_acc: 0.9722
CHECKPOINT SAVED (val_loss: 0.6640)
Epoch 13 | train_loss: 0.5104 | train_acc: 0.9769 | val_loss: 0.6437 | val_acc: 0.9722
CHECKPOINT SAVED (val_loss: 0.6437)
Epoch 14 | train_loss: 0.4924 | train_acc: 0.9846 | val_loss: 0.6214 | val_acc: 0.9722
CHECKPOINT SAVED (val_loss: 0.6214)
Epoch 15 | train_loss: 0.4538 | train_acc: 0.9615 | val_loss: 0.5985 | val_acc: 0.9722
CHECKPOINT SAVED (val_loss: 0.5985)
Epoch 16 | train_loss: 0.4306 | train_acc: 0.9923 | val_loss: 0.5725 | val_acc: 1.0000
CHECKPOINT SAVED (val_loss: 0.5725)
Epoch 17 | train_loss: 0.3971 | train_acc: 0.9846 | val_loss: 0.5506 | val_acc: 1.0000
CHECKPOINT SAVED (val_loss: 0.5506)
Epoch 18 | train_loss: 0.3970 | train_acc: 0.9769 | val_loss: 0.5275 | val_acc: 1.0000
CHECKPOINT SAVED (val_loss: 0.5275)
Epoch 19 | train_loss: 0.3691 | train_acc: 0.9846 | val_loss: 0.5046 | val_acc: 1.0000
CHECKPOINT SAVED (val_loss: 0.5046)
Epoch 20 | train_loss: 0.3590 | train_acc: 0.9692 | val_loss: 0.4846 | val_acc: 1.0000
CHECKPOINT SAVED (val_loss: 0.4846)
Epoch 21 | train_loss: 0.3511 | train_acc: 0.9769 | val_loss: 0.4644 | val_acc: 1.0000
CHECKPOINT SAVED (val_loss: 0.4644)
Epoch 22 | train_loss: 0.3575 | train_acc: 1.0000 | val_loss: 0.4520 | val_acc: 1.0000
CHECKPOINT SAVED (val_loss: 0.4520)
Epoch 23 | train_loss: 0.3436 | train_acc: 0.9615 | val_loss: 0.4386 | val_acc: 1.0000
CHECKPOINT SAVED (val_loss: 0.4386)
Epoch 24 | train_loss: 0.2936 | train_acc: 1.0000 | val_loss: 0.4223 | val_acc: 1.0000
CHECKPOINT SAVED (val_loss: 0.4223)
Epoch 25 | train_loss: 0.2634 | train_acc: 1.0000 | val_loss: 0.4063 | val_acc: 1.0000
CHECKPOINT SAVED (val_loss: 0.4063)
Epoch 26 | train_loss: 0.2665 | train_acc: 1.0000 | val_loss: 0.3956 | val_acc: 1.0000
CHECKPOINT SAVED (val_loss: 0.3956)
Epoch 27 | train_loss: 0.2725 | train_acc: 1.0000 | val_loss: 0.3835 | val_acc: 1.0000
CHECKPOINT SAVED (val_loss: 0.3835)
Epoch 28 | train_loss: 0.2876 | train_acc: 0.9846 | val_loss: 0.3690 | val_acc: 1.0000
CHECKPOINT SAVED (val_loss: 0.3690)
Epoch 29 | train_loss: 0.3723 | train_acc: 0.9846 | val_loss: 0.3560 | val_acc: 1.0000
CHECKPOINT SAVED (val_loss: 0.3560)
Epoch 30 | train_loss: 0.2549 | train_acc: 0.9769 | val_loss: 0.3442 | val_acc: 1.0000
CHECKPOINT SAVED (val_loss: 0.3442)
Epoch 31 | train_loss: 0.2386 | train_acc: 0.9846 | val_loss: 0.3349 | val_acc: 0.9722
CHECKPOINT SAVED (val_loss: 0.3349)
Epoch 32 | train_loss: 0.2337 | train_acc: 1.0000 | val_loss: 0.3281 | val_acc: 0.9722
CHECKPOINT SAVED (val_loss: 0.3281)
Epoch 33 | train_loss: 0.3347 | train_acc: 0.9615 | val_loss: 0.3218 | val_acc: 0.9722
CHECKPOINT SAVED (val_loss: 0.3218)
Epoch 34 | train_loss: 0.2202 | train_acc: 0.9769 | val_loss: 0.3138 | val_acc: 0.9722
CHECKPOINT SAVED (val_loss: 0.3138)
Epoch 35 | train_loss: 0.3745 | train_acc: 0.9538 | val_loss: 0.3070 | val_acc: 0.9722
CHECKPOINT SAVED (val_loss: 0.3070)
Epoch 36 | train_loss: 0.2302 | train_acc: 0.9769 | val_loss: 0.2961 | val_acc: 0.9722
CHECKPOINT SAVED (val_loss: 0.2961)
Epoch 37 | train_loss: 0.2562 | train_acc: 0.9769 | val_loss: 0.2845 | val_acc: 0.9722
CHECKPOINT SAVED (val_loss: 0.2845)
Epoch 38 | train_loss: 0.2523 | train_acc: 0.9615 | val_loss: 0.2766 | val_acc: 0.9722
CHECKPOINT SAVED (val_loss: 0.2766)
Epoch 39 | train_loss: 0.1988 | train_acc: 0.9769 | val_loss: 0.2672 | val_acc: 0.9722
CHECKPOINT SAVED (val_loss: 0.2672)
Epoch 40 | train_loss: 0.2235 | train_acc: 1.0000 | val_loss: 0.2616 | val_acc: 0.9722
CHECKPOINT SAVED (val_loss: 0.2616)
Epoch 41 | train_loss: 0.1979 | train_acc: 0.9923 | val_loss: 0.2552 | val_acc: 0.9722
CHECKPOINT SAVED (val_loss: 0.2552)
Epoch 42 | train_loss: 0.1882 | train_acc: 0.9846 | val_loss: 0.2470 | val_acc: 0.9722
CHECKPOINT SAVED (val_loss: 0.2470)
Epoch 43 | train_loss: 0.1762 | train_acc: 0.9692 | val_loss: 0.2404 | val_acc: 0.9722
CHECKPOINT SAVED (val_loss: 0.2404)
Epoch 44 | train_loss: 0.1916 | train_acc: 0.9846 | val_loss: 0.2370 | val_acc: 0.9722
CHECKPOINT SAVED (val_loss: 0.2370)
Epoch 45 | train_loss: 0.1870 | train_acc: 0.9846 | val_loss: 0.2292 | val_acc: 0.9722
CHECKPOINT SAVED (val_loss: 0.2292)
Epoch 46 | train_loss: 0.1407 | train_acc: 0.9923 | val_loss: 0.2239 | val_acc: 0.9722
CHECKPOINT SAVED (val_loss: 0.2239)
Epoch 47 | train_loss: 0.1246 | train_acc: 0.9923 | val_loss: 0.2177 | val_acc: 1.0000
CHECKPOINT SAVED (val_loss: 0.2177)
Epoch 48 | train_loss: 0.1459 | train_acc: 0.9846 | val_loss: 0.2113 | val_acc: 1.0000
CHECKPOINT SAVED (val_loss: 0.2113)
Epoch 49 | train_loss: 0.1758 | train_acc: 0.9615 | val_loss: 0.2061 | val_acc: 1.0000
CHECKPOINT SAVED (val_loss: 0.2061)
Epoch 50 | train_loss: 0.1461 | train_acc: 0.9846 | val_loss: 0.2023 | val_acc: 1.0000
CHECKPOINT SAVED (val_loss: 0.2023)
Accuracy: 0.0000 | F1 Macro: 0.0000 | MCC: 0.0000
              precision    recall  f1-score   support

           R       0.00      0.00      0.00       0.0
           G       0.00      0.00      0.00       1.0
           S       0.00      0.00      0.00       4.0
           T       0.00      0.00      0.00       7.0

    accuracy                           0.00      12.0
   macro avg       0.00      0.00      0.00      12.0
weighted avg       0.00      0.00      0.00      12.0

Results saved in D:\DESKTOP\TIROCINIO\malaria-detection-pipeline\results\tuning\ood_stages\Falciparum_Malariae\ViT-B\lora

=== SORGENTE: Falciparum -> TARGET: Malariae | MODEL: RedDino | MODE: head_only ===
Training samples: 130 (Falciparum only, label=stage)
Val samples: 36
Test samples: 12 (Malariae only, label=stage)
Stage distribution training: R=106 G=10 S=11 T=3
Class 0: weights = 0.31
Class 1: weights = 3.25
Class 2: weights = 2.95
Class 3: weights = 10.83
Model: RedDino | Mode: head_only
Total params: 85,728,004
Trainable params: 3,076 (0.00%)
Epoch 1 | train_loss: 1.5011 | train_acc: 0.7538 | val_loss: 1.1403 | val_acc: 0.6944
CHECKPOINT SAVED (val_loss: 1.1403)
Epoch 2 | train_loss: 1.0471 | train_acc: 0.5769 | val_loss: 0.5973 | val_acc: 0.9444
CHECKPOINT SAVED (val_loss: 0.5973)
Epoch 3 | train_loss: 0.5674 | train_acc: 0.9538 | val_loss: 0.5002 | val_acc: 0.9722
CHECKPOINT SAVED (val_loss: 0.5002)
Epoch 4 | train_loss: 0.5038 | train_acc: 0.9615 | val_loss: 0.4090 | val_acc: 0.9722
CHECKPOINT SAVED (val_loss: 0.4090)
Epoch 5 | train_loss: 0.3246 | train_acc: 0.9846 | val_loss: 0.3474 | val_acc: 0.9722
CHECKPOINT SAVED (val_loss: 0.3474)
Epoch 6 | train_loss: 0.2649 | train_acc: 0.9769 | val_loss: 0.3126 | val_acc: 0.9722
CHECKPOINT SAVED (val_loss: 0.3126)
Epoch 7 | train_loss: 0.2212 | train_acc: 0.9846 | val_loss: 0.2622 | val_acc: 0.9722
CHECKPOINT SAVED (val_loss: 0.2622)
Epoch 8 | train_loss: 0.1909 | train_acc: 0.9923 | val_loss: 0.2230 | val_acc: 0.9722
CHECKPOINT SAVED (val_loss: 0.2230)
Epoch 9 | train_loss: 0.1473 | train_acc: 0.9846 | val_loss: 0.1933 | val_acc: 1.0000
CHECKPOINT SAVED (val_loss: 0.1933)
Epoch 10 | train_loss: 0.1348 | train_acc: 1.0000 | val_loss: 0.1730 | val_acc: 1.0000
CHECKPOINT SAVED (val_loss: 0.1730)
Epoch 11 | train_loss: 0.1191 | train_acc: 1.0000 | val_loss: 0.1568 | val_acc: 1.0000
CHECKPOINT SAVED (val_loss: 0.1568)
Epoch 12 | train_loss: 0.1175 | train_acc: 1.0000 | val_loss: 0.1486 | val_acc: 1.0000
CHECKPOINT SAVED (val_loss: 0.1486)
Epoch 13 | train_loss: 0.1106 | train_acc: 1.0000 | val_loss: 0.1196 | val_acc: 1.0000
CHECKPOINT SAVED (val_loss: 0.1196)
Epoch 14 | train_loss: 0.0997 | train_acc: 1.0000 | val_loss: 0.1097 | val_acc: 1.0000
CHECKPOINT SAVED (val_loss: 0.1097)
Epoch 15 | train_loss: 0.0886 | train_acc: 1.0000 | val_loss: 0.1012 | val_acc: 1.0000
CHECKPOINT SAVED (val_loss: 0.1012)
Epoch 16 | train_loss: 0.0772 | train_acc: 1.0000 | val_loss: 0.0887 | val_acc: 1.0000
CHECKPOINT SAVED (val_loss: 0.0887)
Epoch 17 | train_loss: 0.0649 | train_acc: 1.0000 | val_loss: 0.0895 | val_acc: 1.0000
Epoch 18 | train_loss: 0.0768 | train_acc: 1.0000 | val_loss: 0.0836 | val_acc: 1.0000
CHECKPOINT SAVED (val_loss: 0.0836)
Epoch 19 | train_loss: 0.0648 | train_acc: 1.0000 | val_loss: 0.0749 | val_acc: 1.0000
CHECKPOINT SAVED (val_loss: 0.0749)
Epoch 20 | train_loss: 0.0573 | train_acc: 1.0000 | val_loss: 0.0788 | val_acc: 0.9722
Epoch 21 | train_loss: 0.0673 | train_acc: 1.0000 | val_loss: 0.0697 | val_acc: 1.0000
CHECKPOINT SAVED (val_loss: 0.0697)
Epoch 22 | train_loss: 0.0556 | train_acc: 1.0000 | val_loss: 0.0619 | val_acc: 1.0000
CHECKPOINT SAVED (val_loss: 0.0619)
Epoch 23 | train_loss: 0.0491 | train_acc: 1.0000 | val_loss: 0.0578 | val_acc: 1.0000
CHECKPOINT SAVED (val_loss: 0.0578)
Epoch 24 | train_loss: 0.0510 | train_acc: 1.0000 | val_loss: 0.0524 | val_acc: 1.0000
CHECKPOINT SAVED (val_loss: 0.0524)
Epoch 25 | train_loss: 0.0455 | train_acc: 1.0000 | val_loss: 0.0499 | val_acc: 1.0000
CHECKPOINT SAVED (val_loss: 0.0499)
Epoch 26 | train_loss: 0.0432 | train_acc: 1.0000 | val_loss: 0.0476 | val_acc: 1.0000
CHECKPOINT SAVED (val_loss: 0.0476)
Epoch 27 | train_loss: 0.0447 | train_acc: 1.0000 | val_loss: 0.0464 | val_acc: 1.0000
CHECKPOINT SAVED (val_loss: 0.0464)
Epoch 28 | train_loss: 0.0421 | train_acc: 1.0000 | val_loss: 0.0445 | val_acc: 1.0000
CHECKPOINT SAVED (val_loss: 0.0445)
Epoch 29 | train_loss: 0.0360 | train_acc: 1.0000 | val_loss: 0.0434 | val_acc: 1.0000
CHECKPOINT SAVED (val_loss: 0.0434)
Epoch 30 | train_loss: 0.0374 | train_acc: 1.0000 | val_loss: 0.0421 | val_acc: 1.0000
CHECKPOINT SAVED (val_loss: 0.0421)
Epoch 31 | train_loss: 0.0316 | train_acc: 1.0000 | val_loss: 0.0419 | val_acc: 1.0000
CHECKPOINT SAVED (val_loss: 0.0419)
Epoch 32 | train_loss: 0.0313 | train_acc: 1.0000 | val_loss: 0.0406 | val_acc: 1.0000
CHECKPOINT SAVED (val_loss: 0.0406)
Epoch 33 | train_loss: 0.0354 | train_acc: 1.0000 | val_loss: 0.0393 | val_acc: 1.0000
CHECKPOINT SAVED (val_loss: 0.0393)
Epoch 34 | train_loss: 0.0394 | train_acc: 1.0000 | val_loss: 0.0379 | val_acc: 1.0000
CHECKPOINT SAVED (val_loss: 0.0379)
Epoch 35 | train_loss: 0.0330 | train_acc: 1.0000 | val_loss: 0.0364 | val_acc: 1.0000
CHECKPOINT SAVED (val_loss: 0.0364)
Epoch 36 | train_loss: 0.0315 | train_acc: 1.0000 | val_loss: 0.0352 | val_acc: 1.0000
CHECKPOINT SAVED (val_loss: 0.0352)
Epoch 37 | train_loss: 0.0265 | train_acc: 1.0000 | val_loss: 0.0342 | val_acc: 1.0000
CHECKPOINT SAVED (val_loss: 0.0342)
Epoch 38 | train_loss: 0.0287 | train_acc: 1.0000 | val_loss: 0.0330 | val_acc: 1.0000
CHECKPOINT SAVED (val_loss: 0.0330)
Epoch 39 | train_loss: 0.0285 | train_acc: 1.0000 | val_loss: 0.0313 | val_acc: 1.0000
CHECKPOINT SAVED (val_loss: 0.0313)
Epoch 40 | train_loss: 0.0275 | train_acc: 1.0000 | val_loss: 0.0307 | val_acc: 1.0000
CHECKPOINT SAVED (val_loss: 0.0307)
Epoch 41 | train_loss: 0.0270 | train_acc: 1.0000 | val_loss: 0.0306 | val_acc: 1.0000
CHECKPOINT SAVED (val_loss: 0.0306)
Epoch 42 | train_loss: 0.0233 | train_acc: 1.0000 | val_loss: 0.0303 | val_acc: 1.0000
CHECKPOINT SAVED (val_loss: 0.0303)
Epoch 43 | train_loss: 0.0233 | train_acc: 1.0000 | val_loss: 0.0297 | val_acc: 1.0000
CHECKPOINT SAVED (val_loss: 0.0297)
Epoch 44 | train_loss: 0.0245 | train_acc: 1.0000 | val_loss: 0.0296 | val_acc: 1.0000
CHECKPOINT SAVED (val_loss: 0.0296)
Epoch 45 | train_loss: 0.0271 | train_acc: 1.0000 | val_loss: 0.0283 | val_acc: 1.0000
CHECKPOINT SAVED (val_loss: 0.0283)
Epoch 46 | train_loss: 0.0238 | train_acc: 1.0000 | val_loss: 0.0276 | val_acc: 1.0000
CHECKPOINT SAVED (val_loss: 0.0276)
Epoch 47 | train_loss: 0.0188 | train_acc: 1.0000 | val_loss: 0.0260 | val_acc: 1.0000
CHECKPOINT SAVED (val_loss: 0.0260)
Epoch 48 | train_loss: 0.0219 | train_acc: 1.0000 | val_loss: 0.0250 | val_acc: 1.0000
CHECKPOINT SAVED (val_loss: 0.0250)
Epoch 49 | train_loss: 0.0191 | train_acc: 1.0000 | val_loss: 0.0246 | val_acc: 1.0000
CHECKPOINT SAVED (val_loss: 0.0246)
Epoch 50 | train_loss: 0.0216 | train_acc: 1.0000 | val_loss: 0.0240 | val_acc: 1.0000
CHECKPOINT SAVED (val_loss: 0.0240)
Accuracy: 0.2500 | F1 Macro: 0.1364 | MCC: 0.1083
              precision    recall  f1-score   support

           R       0.00      0.00      0.00         0
           G       0.00      0.00      0.00         1
           S       0.43      0.75      0.55         4
           T       0.00      0.00      0.00         7

    accuracy                           0.25        12
   macro avg       0.11      0.19      0.14        12
weighted avg       0.14      0.25      0.18        12

Results saved in D:\DESKTOP\TIROCINIO\malaria-detection-pipeline\results\tuning\ood_stages\Falciparum_Malariae\RedDino\head_only

=== SORGENTE: Falciparum -> TARGET: Malariae | MODEL: RedDino | MODE: full ===
Training samples: 130 (Falciparum only, label=stage)
Val samples: 36
Test samples: 12 (Malariae only, label=stage)
Stage distribution training: R=106 G=10 S=11 T=3
Class 0: weights = 0.31
Class 1: weights = 3.25
Class 2: weights = 2.95
Class 3: weights = 10.83
Model: RedDino | Mode: full
Total params: 85,728,004
Trainable params: 85,728,004 (100.00%)
Epoch 1 | train_loss: 1.0750 | train_acc: 0.6462 | val_loss: 0.3588 | val_acc: 0.9444
CHECKPOINT SAVED (val_loss: 0.3588)
Epoch 2 | train_loss: 0.1466 | train_acc: 0.9615 | val_loss: 0.0747 | val_acc: 0.9167
CHECKPOINT SAVED (val_loss: 0.0747)
Epoch 3 | train_loss: 0.0335 | train_acc: 0.9769 | val_loss: 0.0110 | val_acc: 1.0000
CHECKPOINT SAVED (val_loss: 0.0110)
Epoch 4 | train_loss: 0.0105 | train_acc: 1.0000 | val_loss: 0.0035 | val_acc: 1.0000
CHECKPOINT SAVED (val_loss: 0.0035)
Epoch 5 | train_loss: 0.0025 | train_acc: 1.0000 | val_loss: 0.0014 | val_acc: 1.0000
CHECKPOINT SAVED (val_loss: 0.0014)
Epoch 6 | train_loss: 0.0023 | train_acc: 1.0000 | val_loss: 0.0004 | val_acc: 1.0000
CHECKPOINT SAVED (val_loss: 0.0004)
Epoch 7 | train_loss: 0.0005 | train_acc: 1.0000 | val_loss: 0.0002 | val_acc: 1.0000
CHECKPOINT SAVED (val_loss: 0.0002)
Epoch 8 | train_loss: 0.0002 | train_acc: 1.0000 | val_loss: 0.0002 | val_acc: 1.0000
CHECKPOINT SAVED (val_loss: 0.0002)
Epoch 9 | train_loss: 0.0001 | train_acc: 1.0000 | val_loss: 0.0001 | val_acc: 1.0000
CHECKPOINT SAVED (val_loss: 0.0001)
Epoch 10 | train_loss: 0.0001 | train_acc: 1.0000 | val_loss: 0.0001 | val_acc: 1.0000
CHECKPOINT SAVED (val_loss: 0.0001)
Epoch 11 | train_loss: 0.0001 | train_acc: 1.0000 | val_loss: 0.0001 | val_acc: 1.0000
CHECKPOINT SAVED (val_loss: 0.0001)
Epoch 12 | train_loss: 0.0001 | train_acc: 1.0000 | val_loss: 0.0001 | val_acc: 1.0000
CHECKPOINT SAVED (val_loss: 0.0001)
Epoch 13 | train_loss: 0.0001 | train_acc: 1.0000 | val_loss: 0.0001 | val_acc: 1.0000
CHECKPOINT SAVED (val_loss: 0.0001)
Epoch 14 | train_loss: 0.0001 | train_acc: 1.0000 | val_loss: 0.0001 | val_acc: 1.0000
CHECKPOINT SAVED (val_loss: 0.0001)
Epoch 15 | train_loss: 0.0001 | train_acc: 1.0000 | val_loss: 0.0001 | val_acc: 1.0000
CHECKPOINT SAVED (val_loss: 0.0001)
Epoch 16 | train_loss: 0.0001 | train_acc: 1.0000 | val_loss: 0.0001 | val_acc: 1.0000
CHECKPOINT SAVED (val_loss: 0.0001)
Epoch 17 | train_loss: 0.0002 | train_acc: 1.0000 | val_loss: 0.0000 | val_acc: 1.0000
CHECKPOINT SAVED (val_loss: 0.0000)
Epoch 18 | train_loss: 0.0001 | train_acc: 1.0000 | val_loss: 0.0000 | val_acc: 1.0000
CHECKPOINT SAVED (val_loss: 0.0000)
Epoch 19 | train_loss: 0.0001 | train_acc: 1.0000 | val_loss: 0.0000 | val_acc: 1.0000
Epoch 20 | train_loss: 0.0001 | train_acc: 1.0000 | val_loss: 0.0000 | val_acc: 1.0000
WARNING: 10 epochs with no progress, stopping
TRAINING STOPPED AT EPOCH 20
Accuracy: 0.3333 | F1 Macro: 0.1818 | MCC: 0.2707
              precision    recall  f1-score   support

           R       0.00      0.00      0.00         0
           G       0.00      0.00      0.00         1
           S       0.57      1.00      0.73         4
           T       0.00      0.00      0.00         7

    accuracy                           0.33        12
   macro avg       0.14      0.25      0.18        12
weighted avg       0.19      0.33      0.24        12

Results saved in D:\DESKTOP\TIROCINIO\malaria-detection-pipeline\results\tuning\ood_stages\Falciparum_Malariae\RedDino\full

=== SORGENTE: Falciparum -> TARGET: Malariae | MODEL: RedDino | MODE: lora ===
Training samples: 130 (Falciparum only, label=stage)
Val samples: 36
Test samples: 12 (Malariae only, label=stage)
Stage distribution training: R=106 G=10 S=11 T=3
Class 0: weights = 0.31
Class 1: weights = 3.25
Class 2: weights = 2.95
Class 3: weights = 10.83
Model: RedDino | Mode: lora
Total params: 86,022,916
Trainable params: 297,988 (0.35%)
Epoch 1 | train_loss: 1.1878 | train_acc: 0.6923 | val_loss: 1.2030 | val_acc: 0.7222
CHECKPOINT SAVED (val_loss: 1.2030)
Epoch 2 | train_loss: 0.9038 | train_acc: 0.8462 | val_loss: 0.6813 | val_acc: 0.9722
CHECKPOINT SAVED (val_loss: 0.6813)
Epoch 3 | train_loss: 0.4904 | train_acc: 0.9385 | val_loss: 0.4183 | val_acc: 0.9444
CHECKPOINT SAVED (val_loss: 0.4183)
Epoch 4 | train_loss: 0.3921 | train_acc: 0.9385 | val_loss: 0.3501 | val_acc: 0.9722
CHECKPOINT SAVED (val_loss: 0.3501)
Epoch 5 | train_loss: 0.3105 | train_acc: 0.9846 | val_loss: 0.3413 | val_acc: 0.9722
CHECKPOINT SAVED (val_loss: 0.3413)
Epoch 6 | train_loss: 0.2507 | train_acc: 0.9692 | val_loss: 0.3084 | val_acc: 0.9722
CHECKPOINT SAVED (val_loss: 0.3084)
Epoch 7 | train_loss: 0.2068 | train_acc: 0.9615 | val_loss: 0.2650 | val_acc: 0.9722
CHECKPOINT SAVED (val_loss: 0.2650)
Epoch 8 | train_loss: 0.1693 | train_acc: 0.9769 | val_loss: 0.2269 | val_acc: 0.9722
CHECKPOINT SAVED (val_loss: 0.2269)
Epoch 9 | train_loss: 0.1596 | train_acc: 0.9769 | val_loss: 0.2065 | val_acc: 0.9722
CHECKPOINT SAVED (val_loss: 0.2065)
Epoch 10 | train_loss: 0.1477 | train_acc: 0.9923 | val_loss: 0.1913 | val_acc: 0.9722
CHECKPOINT SAVED (val_loss: 0.1913)
Epoch 11 | train_loss: 0.1477 | train_acc: 0.9923 | val_loss: 0.1554 | val_acc: 1.0000
CHECKPOINT SAVED (val_loss: 0.1554)
Epoch 12 | train_loss: 0.0933 | train_acc: 1.0000 | val_loss: 0.1425 | val_acc: 1.0000
CHECKPOINT SAVED (val_loss: 0.1425)
Epoch 13 | train_loss: 0.1069 | train_acc: 1.0000 | val_loss: 0.1215 | val_acc: 1.0000
CHECKPOINT SAVED (val_loss: 0.1215)
Epoch 14 | train_loss: 0.0879 | train_acc: 1.0000 | val_loss: 0.1093 | val_acc: 1.0000
CHECKPOINT SAVED (val_loss: 0.1093)
Epoch 15 | train_loss: 0.0905 | train_acc: 1.0000 | val_loss: 0.1020 | val_acc: 1.0000
CHECKPOINT SAVED (val_loss: 0.1020)
Epoch 16 | train_loss: 0.0792 | train_acc: 1.0000 | val_loss: 0.0877 | val_acc: 1.0000
CHECKPOINT SAVED (val_loss: 0.0877)
Epoch 17 | train_loss: 0.0708 | train_acc: 1.0000 | val_loss: 0.0797 | val_acc: 1.0000
CHECKPOINT SAVED (val_loss: 0.0797)
Epoch 18 | train_loss: 0.0661 | train_acc: 1.0000 | val_loss: 0.0722 | val_acc: 1.0000
CHECKPOINT SAVED (val_loss: 0.0722)
Epoch 19 | train_loss: 0.0722 | train_acc: 1.0000 | val_loss: 0.0667 | val_acc: 1.0000
CHECKPOINT SAVED (val_loss: 0.0667)
Epoch 20 | train_loss: 0.0692 | train_acc: 1.0000 | val_loss: 0.0613 | val_acc: 1.0000
CHECKPOINT SAVED (val_loss: 0.0613)
Epoch 21 | train_loss: 0.0596 | train_acc: 1.0000 | val_loss: 0.0564 | val_acc: 1.0000
CHECKPOINT SAVED (val_loss: 0.0564)
Epoch 22 | train_loss: 0.0504 | train_acc: 1.0000 | val_loss: 0.0530 | val_acc: 1.0000
CHECKPOINT SAVED (val_loss: 0.0530)
Epoch 23 | train_loss: 0.0516 | train_acc: 1.0000 | val_loss: 0.0517 | val_acc: 1.0000
CHECKPOINT SAVED (val_loss: 0.0517)
Epoch 24 | train_loss: 0.0503 | train_acc: 1.0000 | val_loss: 0.0519 | val_acc: 1.0000
Epoch 25 | train_loss: 0.0432 | train_acc: 1.0000 | val_loss: 0.0496 | val_acc: 1.0000
CHECKPOINT SAVED (val_loss: 0.0496)
Epoch 26 | train_loss: 0.0398 | train_acc: 1.0000 | val_loss: 0.0467 | val_acc: 1.0000
CHECKPOINT SAVED (val_loss: 0.0467)
Epoch 27 | train_loss: 0.0364 | train_acc: 1.0000 | val_loss: 0.0439 | val_acc: 1.0000
CHECKPOINT SAVED (val_loss: 0.0439)
Epoch 28 | train_loss: 0.0329 | train_acc: 1.0000 | val_loss: 0.0416 | val_acc: 1.0000
CHECKPOINT SAVED (val_loss: 0.0416)
Epoch 29 | train_loss: 0.0352 | train_acc: 1.0000 | val_loss: 0.0378 | val_acc: 1.0000
CHECKPOINT SAVED (val_loss: 0.0378)
Epoch 30 | train_loss: 0.0305 | train_acc: 1.0000 | val_loss: 0.0356 | val_acc: 1.0000
CHECKPOINT SAVED (val_loss: 0.0356)
Epoch 31 | train_loss: 0.0323 | train_acc: 1.0000 | val_loss: 0.0336 | val_acc: 1.0000
CHECKPOINT SAVED (val_loss: 0.0336)
Epoch 32 | train_loss: 0.0305 | train_acc: 1.0000 | val_loss: 0.0323 | val_acc: 1.0000
CHECKPOINT SAVED (val_loss: 0.0323)
Epoch 33 | train_loss: 0.0253 | train_acc: 1.0000 | val_loss: 0.0314 | val_acc: 1.0000
CHECKPOINT SAVED (val_loss: 0.0314)
Epoch 34 | train_loss: 0.0239 | train_acc: 1.0000 | val_loss: 0.0309 | val_acc: 1.0000
CHECKPOINT SAVED (val_loss: 0.0309)
Epoch 35 | train_loss: 0.0297 | train_acc: 1.0000 | val_loss: 0.0301 | val_acc: 1.0000
CHECKPOINT SAVED (val_loss: 0.0301)
Epoch 36 | train_loss: 0.0269 | train_acc: 1.0000 | val_loss: 0.0290 | val_acc: 1.0000
CHECKPOINT SAVED (val_loss: 0.0290)
Epoch 37 | train_loss: 0.0221 | train_acc: 1.0000 | val_loss: 0.0274 | val_acc: 1.0000
CHECKPOINT SAVED (val_loss: 0.0274)
Epoch 38 | train_loss: 0.0220 | train_acc: 1.0000 | val_loss: 0.0258 | val_acc: 1.0000
CHECKPOINT SAVED (val_loss: 0.0258)
Epoch 39 | train_loss: 0.0233 | train_acc: 1.0000 | val_loss: 0.0250 | val_acc: 1.0000
CHECKPOINT SAVED (val_loss: 0.0250)
Epoch 40 | train_loss: 0.0213 | train_acc: 1.0000 | val_loss: 0.0239 | val_acc: 1.0000
CHECKPOINT SAVED (val_loss: 0.0239)
Epoch 41 | train_loss: 0.0193 | train_acc: 1.0000 | val_loss: 0.0232 | val_acc: 1.0000
CHECKPOINT SAVED (val_loss: 0.0232)
Epoch 42 | train_loss: 0.0205 | train_acc: 1.0000 | val_loss: 0.0227 | val_acc: 1.0000
CHECKPOINT SAVED (val_loss: 0.0227)
Epoch 43 | train_loss: 0.0235 | train_acc: 1.0000 | val_loss: 0.0217 | val_acc: 1.0000
CHECKPOINT SAVED (val_loss: 0.0217)
Epoch 44 | train_loss: 0.0206 | train_acc: 1.0000 | val_loss: 0.0215 | val_acc: 1.0000
CHECKPOINT SAVED (val_loss: 0.0215)
Epoch 45 | train_loss: 0.0177 | train_acc: 1.0000 | val_loss: 0.0205 | val_acc: 1.0000
CHECKPOINT SAVED (val_loss: 0.0205)
Epoch 46 | train_loss: 0.0194 | train_acc: 1.0000 | val_loss: 0.0199 | val_acc: 1.0000
CHECKPOINT SAVED (val_loss: 0.0199)
Epoch 47 | train_loss: 0.0172 | train_acc: 1.0000 | val_loss: 0.0194 | val_acc: 1.0000
CHECKPOINT SAVED (val_loss: 0.0194)
Epoch 48 | train_loss: 0.0174 | train_acc: 1.0000 | val_loss: 0.0185 | val_acc: 1.0000
CHECKPOINT SAVED (val_loss: 0.0185)
Epoch 49 | train_loss: 0.0172 | train_acc: 1.0000 | val_loss: 0.0175 | val_acc: 1.0000
CHECKPOINT SAVED (val_loss: 0.0175)
Epoch 50 | train_loss: 0.0138 | train_acc: 1.0000 | val_loss: 0.0166 | val_acc: 1.0000
CHECKPOINT SAVED (val_loss: 0.0166)
Accuracy: 0.2500 | F1 Macro: 0.1364 | MCC: 0.1083
              precision    recall  f1-score   support

           R       0.00      0.00      0.00         0
           G       0.00      0.00      0.00         1
           S       0.43      0.75      0.55         4
           T       0.00      0.00      0.00         7

    accuracy                           0.25        12
   macro avg       0.11      0.19      0.14        12
weighted avg       0.14      0.25      0.18        12

Results saved in D:\DESKTOP\TIROCINIO\malaria-detection-pipeline\results\tuning\ood_stages\Falciparum_Malariae\RedDino\lora

=== SORGENTE: Falciparum -> TARGET: Malariae | MODEL: DinoBloom | MODE: head_only ===
Training samples: 130 (Falciparum only, label=stage)
Val samples: 36
Test samples: 12 (Malariae only, label=stage)
Stage distribution training: R=106 G=10 S=11 T=3
Class 0: weights = 0.31
Class 1: weights = 3.25
Class 2: weights = 2.95
Class 3: weights = 10.83
Model: DinoBloom | Mode: head_only
Total params: 86,582,788
Trainable params: 3,076 (0.00%)
Epoch 1 | train_loss: 1.0500 | train_acc: 0.7077 | val_loss: 0.5312 | val_acc: 0.9167
CHECKPOINT SAVED (val_loss: 0.5312)
Epoch 2 | train_loss: 0.4287 | train_acc: 0.9692 | val_loss: 0.2508 | val_acc: 0.9722
CHECKPOINT SAVED (val_loss: 0.2508)
Epoch 3 | train_loss: 0.1987 | train_acc: 0.9769 | val_loss: 0.2218 | val_acc: 0.8611
CHECKPOINT SAVED (val_loss: 0.2218)
Epoch 4 | train_loss: 0.1460 | train_acc: 0.9538 | val_loss: 0.1764 | val_acc: 0.8889
CHECKPOINT SAVED (val_loss: 0.1764)
Epoch 5 | train_loss: 0.0810 | train_acc: 0.9846 | val_loss: 0.1003 | val_acc: 0.9722
CHECKPOINT SAVED (val_loss: 0.1003)
Epoch 6 | train_loss: 0.0704 | train_acc: 0.9923 | val_loss: 0.0748 | val_acc: 0.9722
CHECKPOINT SAVED (val_loss: 0.0748)
Epoch 7 | train_loss: 0.0756 | train_acc: 0.9769 | val_loss: 0.0680 | val_acc: 0.9722
CHECKPOINT SAVED (val_loss: 0.0680)
Epoch 8 | train_loss: 0.0364 | train_acc: 1.0000 | val_loss: 0.0778 | val_acc: 0.9444
Epoch 9 | train_loss: 0.0330 | train_acc: 0.9923 | val_loss: 0.0751 | val_acc: 0.9444
Epoch 10 | train_loss: 0.0346 | train_acc: 1.0000 | val_loss: 0.0583 | val_acc: 0.9722
CHECKPOINT SAVED (val_loss: 0.0583)
Epoch 11 | train_loss: 0.0336 | train_acc: 0.9923 | val_loss: 0.0414 | val_acc: 1.0000
CHECKPOINT SAVED (val_loss: 0.0414)
Epoch 12 | train_loss: 0.0197 | train_acc: 1.0000 | val_loss: 0.0322 | val_acc: 1.0000
CHECKPOINT SAVED (val_loss: 0.0322)
Epoch 13 | train_loss: 0.0302 | train_acc: 1.0000 | val_loss: 0.0294 | val_acc: 1.0000
CHECKPOINT SAVED (val_loss: 0.0294)
Epoch 14 | train_loss: 0.0210 | train_acc: 1.0000 | val_loss: 0.0299 | val_acc: 1.0000
Epoch 15 | train_loss: 0.0190 | train_acc: 1.0000 | val_loss: 0.0299 | val_acc: 1.0000
Epoch 16 | train_loss: 0.0192 | train_acc: 1.0000 | val_loss: 0.0254 | val_acc: 1.0000
CHECKPOINT SAVED (val_loss: 0.0254)
Epoch 17 | train_loss: 0.0193 | train_acc: 1.0000 | val_loss: 0.0217 | val_acc: 1.0000
CHECKPOINT SAVED (val_loss: 0.0217)
Epoch 18 | train_loss: 0.0139 | train_acc: 1.0000 | val_loss: 0.0182 | val_acc: 1.0000
CHECKPOINT SAVED (val_loss: 0.0182)
Epoch 19 | train_loss: 0.0130 | train_acc: 1.0000 | val_loss: 0.0159 | val_acc: 1.0000
CHECKPOINT SAVED (val_loss: 0.0159)
Epoch 20 | train_loss: 0.0144 | train_acc: 1.0000 | val_loss: 0.0151 | val_acc: 1.0000
CHECKPOINT SAVED (val_loss: 0.0151)
Epoch 21 | train_loss: 0.0228 | train_acc: 1.0000 | val_loss: 0.0199 | val_acc: 1.0000
Epoch 22 | train_loss: 0.0134 | train_acc: 1.0000 | val_loss: 0.0215 | val_acc: 1.0000
Epoch 23 | train_loss: 0.0122 | train_acc: 1.0000 | val_loss: 0.0184 | val_acc: 1.0000
Epoch 24 | train_loss: 0.0124 | train_acc: 1.0000 | val_loss: 0.0139 | val_acc: 1.0000
CHECKPOINT SAVED (val_loss: 0.0139)
Epoch 25 | train_loss: 0.0129 | train_acc: 1.0000 | val_loss: 0.0125 | val_acc: 1.0000
CHECKPOINT SAVED (val_loss: 0.0125)
Epoch 26 | train_loss: 0.0102 | train_acc: 1.0000 | val_loss: 0.0113 | val_acc: 1.0000
CHECKPOINT SAVED (val_loss: 0.0113)
Epoch 27 | train_loss: 0.0085 | train_acc: 1.0000 | val_loss: 0.0104 | val_acc: 1.0000
CHECKPOINT SAVED (val_loss: 0.0104)
Epoch 28 | train_loss: 0.0104 | train_acc: 1.0000 | val_loss: 0.0103 | val_acc: 1.0000
CHECKPOINT SAVED (val_loss: 0.0103)
Epoch 29 | train_loss: 0.0081 | train_acc: 1.0000 | val_loss: 0.0100 | val_acc: 1.0000
CHECKPOINT SAVED (val_loss: 0.0100)
Epoch 30 | train_loss: 0.0085 | train_acc: 1.0000 | val_loss: 0.0093 | val_acc: 1.0000
CHECKPOINT SAVED (val_loss: 0.0093)
Epoch 31 | train_loss: 0.0101 | train_acc: 1.0000 | val_loss: 0.0090 | val_acc: 1.0000
CHECKPOINT SAVED (val_loss: 0.0090)
Epoch 32 | train_loss: 0.0100 | train_acc: 1.0000 | val_loss: 0.0087 | val_acc: 1.0000
CHECKPOINT SAVED (val_loss: 0.0087)
Epoch 33 | train_loss: 0.0064 | train_acc: 1.0000 | val_loss: 0.0081 | val_acc: 1.0000
CHECKPOINT SAVED (val_loss: 0.0081)
Epoch 34 | train_loss: 0.0064 | train_acc: 1.0000 | val_loss: 0.0073 | val_acc: 1.0000
CHECKPOINT SAVED (val_loss: 0.0073)
Epoch 35 | train_loss: 0.0059 | train_acc: 1.0000 | val_loss: 0.0070 | val_acc: 1.0000
CHECKPOINT SAVED (val_loss: 0.0070)
Epoch 36 | train_loss: 0.0057 | train_acc: 1.0000 | val_loss: 0.0070 | val_acc: 1.0000
Epoch 37 | train_loss: 0.0066 | train_acc: 1.0000 | val_loss: 0.0068 | val_acc: 1.0000
CHECKPOINT SAVED (val_loss: 0.0068)
Epoch 38 | train_loss: 0.0064 | train_acc: 1.0000 | val_loss: 0.0069 | val_acc: 1.0000
Epoch 39 | train_loss: 0.0063 | train_acc: 1.0000 | val_loss: 0.0070 | val_acc: 1.0000
Epoch 40 | train_loss: 0.0048 | train_acc: 1.0000 | val_loss: 0.0069 | val_acc: 1.0000
Epoch 41 | train_loss: 0.0052 | train_acc: 1.0000 | val_loss: 0.0064 | val_acc: 1.0000
CHECKPOINT SAVED (val_loss: 0.0064)
Epoch 42 | train_loss: 0.0056 | train_acc: 1.0000 | val_loss: 0.0056 | val_acc: 1.0000
CHECKPOINT SAVED (val_loss: 0.0056)
Epoch 43 | train_loss: 0.0057 | train_acc: 1.0000 | val_loss: 0.0053 | val_acc: 1.0000
CHECKPOINT SAVED (val_loss: 0.0053)
Epoch 44 | train_loss: 0.0100 | train_acc: 1.0000 | val_loss: 0.0054 | val_acc: 1.0000
Epoch 45 | train_loss: 0.0049 | train_acc: 1.0000 | val_loss: 0.0055 | val_acc: 1.0000
Epoch 46 | train_loss: 0.0066 | train_acc: 1.0000 | val_loss: 0.0058 | val_acc: 1.0000
Epoch 47 | train_loss: 0.0051 | train_acc: 1.0000 | val_loss: 0.0053 | val_acc: 1.0000
Epoch 48 | train_loss: 0.0042 | train_acc: 1.0000 | val_loss: 0.0050 | val_acc: 1.0000
CHECKPOINT SAVED (val_loss: 0.0050)
Epoch 49 | train_loss: 0.0068 | train_acc: 1.0000 | val_loss: 0.0045 | val_acc: 1.0000
CHECKPOINT SAVED (val_loss: 0.0045)
Epoch 50 | train_loss: 0.0044 | train_acc: 1.0000 | val_loss: 0.0043 | val_acc: 1.0000
CHECKPOINT SAVED (val_loss: 0.0043)
Accuracy: 0.0000 | F1 Macro: 0.0000 | MCC: -0.0241
              precision    recall  f1-score   support

           R       0.00      0.00      0.00       0.0
           G       0.00      0.00      0.00       1.0
           S       0.00      0.00      0.00       4.0
           T       0.00      0.00      0.00       7.0

    accuracy                           0.00      12.0
   macro avg       0.00      0.00      0.00      12.0
weighted avg       0.00      0.00      0.00      12.0

Results saved in D:\DESKTOP\TIROCINIO\malaria-detection-pipeline\results\tuning\ood_stages\Falciparum_Malariae\DinoBloom\head_only

=== SORGENTE: Falciparum -> TARGET: Malariae | MODEL: DinoBloom | MODE: lora ===
Training samples: 130 (Falciparum only, label=stage)
Val samples: 36
Test samples: 12 (Malariae only, label=stage)
Stage distribution training: R=106 G=10 S=11 T=3
Class 0: weights = 0.31
Class 1: weights = 3.25
Class 2: weights = 2.95
Class 3: weights = 10.83
Model: DinoBloom | Mode: lora
Total params: 86,877,700
Trainable params: 297,988 (0.34%)
Epoch 1 | train_loss: 1.3383 | train_acc: 0.5538 | val_loss: 0.8782 | val_acc: 0.8056
CHECKPOINT SAVED (val_loss: 0.8782)
Epoch 2 | train_loss: 0.6364 | train_acc: 0.9231 | val_loss: 0.4999 | val_acc: 0.9722
CHECKPOINT SAVED (val_loss: 0.4999)
Epoch 3 | train_loss: 0.2831 | train_acc: 0.9692 | val_loss: 0.3381 | val_acc: 0.8333
CHECKPOINT SAVED (val_loss: 0.3381)
Epoch 4 | train_loss: 0.1952 | train_acc: 0.9462 | val_loss: 0.4092 | val_acc: 0.7778
Epoch 5 | train_loss: 0.1858 | train_acc: 0.9154 | val_loss: 0.2396 | val_acc: 0.8056
CHECKPOINT SAVED (val_loss: 0.2396)
Epoch 6 | train_loss: 0.1024 | train_acc: 0.9615 | val_loss: 0.1182 | val_acc: 0.9722
CHECKPOINT SAVED (val_loss: 0.1182)
Epoch 7 | train_loss: 0.1071 | train_acc: 0.9692 | val_loss: 0.0884 | val_acc: 1.0000
CHECKPOINT SAVED (val_loss: 0.0884)
Epoch 8 | train_loss: 0.0856 | train_acc: 0.9846 | val_loss: 0.0758 | val_acc: 0.9722
CHECKPOINT SAVED (val_loss: 0.0758)
Epoch 9 | train_loss: 0.0387 | train_acc: 1.0000 | val_loss: 0.0877 | val_acc: 0.9722
Epoch 10 | train_loss: 0.0410 | train_acc: 0.9846 | val_loss: 0.0887 | val_acc: 0.9722
Epoch 11 | train_loss: 0.0430 | train_acc: 1.0000 | val_loss: 0.0559 | val_acc: 0.9722
CHECKPOINT SAVED (val_loss: 0.0559)
Epoch 12 | train_loss: 0.0392 | train_acc: 1.0000 | val_loss: 0.0419 | val_acc: 1.0000
CHECKPOINT SAVED (val_loss: 0.0419)
Epoch 13 | train_loss: 0.0272 | train_acc: 1.0000 | val_loss: 0.0370 | val_acc: 1.0000
CHECKPOINT SAVED (val_loss: 0.0370)
Epoch 14 | train_loss: 0.0270 | train_acc: 1.0000 | val_loss: 0.0338 | val_acc: 1.0000
CHECKPOINT SAVED (val_loss: 0.0338)
Epoch 15 | train_loss: 0.0290 | train_acc: 1.0000 | val_loss: 0.0345 | val_acc: 1.0000
Epoch 16 | train_loss: 0.0233 | train_acc: 1.0000 | val_loss: 0.0319 | val_acc: 1.0000
CHECKPOINT SAVED (val_loss: 0.0319)

Totale run pianificate: 45
Struttura output: D:\DESKTOP\TIROCINIO\malaria-detection-pipeline\results\tuning\ood_stages/{soEpoch 18 | train_loss: 0.0314 | train_acc: 1.0000 | val_loss: 0.0212 | val_acc: 1.0000
CHECKPOINT SAVED (val_loss: 0.0212)
Epoch 19 | train_loss: 0.0167 | train_acc: 1.0000 | val_loss: 0.0181 | val_acc: 1.0000
CHECKPOINT SAVED (val_loss: 0.0181)
Epoch 20 | train_loss: 0.0157 | train_acc: 1.0000 | val_loss: 0.0166 | val_acc: 1.0000
CHECKPOINT SAVED (val_loss: 0.0166)
Epoch 21 | train_loss: 0.0198 | train_acc: 1.0000 | val_loss: 0.0174 | val_acc: 1.0000
Epoch 22 | train_loss: 0.0245 | train_acc: 1.0000 | val_loss: 0.0236 | val_acc: 1.0000
x già completato
SKIP — Swin-T | lora | Falciparum -> Vivax già completato
SKIP — ViT-B | head_only | Falciparum -> Vivax già completato
SKIP — ViT-B | full | Falciparum -> Vivax già completato
SKIP — ViT-B | lora | Falciparum -> Vivax già completato
SKIP — RedDino | head_only | Falciparum -> Vivax già completato
SKIP — RedDino | full | Falciparum -> Vivax già completato
SKIP — RedDino | lora | Falciparum -> Vivax già completato
SKIP — DinoBloom | head_only | Falciparum -> Vivax già completato
SKIP — DinoBloom | lora | Falciparum -> Vivax già completato
SKIP — ResNet50 | head_only | Falciparum -> Ovale già completato
SKIP — ResNet50 | full | Falciparum -> Ovale già completato
SKIP — ConvNeXt | head_only | Falciparum -> Ovale già completato
SKIP — ConvNeXt | full | Falciparum -> Ovale già completato
SKIP — Swin-T | head_only | Falciparum -> Ovale già completato
SKIP — Swin-T | full | Falciparum -> Ovale già completato
SKIP — Swin-T | lora | Falciparum -> Ovale già completato
SKIP — ViT-B | head_only | Falciparum -> Ovale già completato
SKIP — ViT-B | full | Falciparum -> Ovale già completato
SKIP — ViT-B | lora | Falciparum -> Ovale già completato
SKIP — RedDino | head_only | Falciparum -> Ovale già completato
SKIP — RedDino | full | Falciparum -> Ovale già completato
SKIP — RedDino | lora | Falciparum -> Ovale già completato
SKIP — DinoBloom | head_only | Falciparum -> Ovale già completato
SKIP — DinoBloom | lora | Falciparum -> Ovale già completato
SKIP — ResNet50 | head_only | Falciparum -> Malariae già completato
SKIP — ResNet50 | full | Falciparum -> Malariae già completato
SKIP — ConvNeXt | head_only | Falciparum -> Malariae già completato
SKIP — ConvNeXt | full | Falciparum -> Malariae già completato
SKIP — Swin-T | head_only | Falciparum -> Malariae già completato
SKIP — Swin-T | full | Falciparum -> Malariae già completato
SKIP — Swin-T | lora | Falciparum -> Malariae già completato
SKIP — ViT-B | head_only | Falciparum -> Malariae già completato
SKIP — ViT-B | full | Falciparum -> Malariae già completato
SKIP — ViT-B | lora | Falciparum -> Malariae già completato
SKIP — RedDino | head_only | Falciparum -> Malariae già completato
SKIP — RedDino | full | Falciparum -> Malariae già completato
SKIP — RedDino | lora | Falciparum -> Malariae già completato
SKIP — DinoBloom | head_only | Falciparum -> Malariae già completato

=== SORGENTE: Falciparum -> TARGET: Malariae | MODEL: DinoBloom | MODE: lora ===
Training samples: 130 (Falciparum only, label=stage)
Val samples: 36
Test samples: 12 (Malariae only, label=stage)
Stage distribution training: R=106 G=10 S=11 T=3
Class 0: weights = 0.31
Class 1: weights = 3.25
Class 2: weights = 2.95
Class 3: weights = 10.83
Warning: You are sending unauthenticated requests to the HF Hub. Please set a HF_TOKEN to enable higher rate limits and faster downloads.
Model: DinoBloom | Mode: lora
Total params: 86,877,700
Trainable params: 297,988 (0.34%)
Epoch 1 | train_loss: 1.2840 | train_acc: 0.5615 | val_loss: 0.7872 | val_acc: 0.8056
CHECKPOINT SAVED (val_loss: 0.7872)
Epoch 2 | train_loss: 0.6783 | train_acc: 0.8923 | val_loss: 0.4870 | val_acc: 0.9722
CHECKPOINT SAVED (val_loss: 0.4870)
Epoch 3 | train_loss: 0.3458 | train_acc: 0.9615 | val_loss: 0.3187 | val_acc: 0.9444
CHECKPOINT SAVED (val_loss: 0.3187)
Epoch 4 | train_loss: 0.1891 | train_acc: 0.9538 | val_loss: 0.2310 | val_acc: 0.9444
CHECKPOINT SAVED (val_loss: 0.2310)
Epoch 5 | train_loss: 0.1184 | train_acc: 0.9769 | val_loss: 0.1540 | val_acc: 0.9167
CHECKPOINT SAVED (val_loss: 0.1540)

Totale run pianificate: 45
Struttura output: D:\DESKTOP\TIROCINIO\malaria-detection-pipeline\results\tuning\ood_stages/{sorgente}_{target}/{model}/{mode}/
Contenuto per run: metrics.json, classification_report.txt, confusion_matrix.png, history.json, best_model.pt, temp_train.csv, temp_val.csv, temp_test.csv

SKIP — ResNet50 | head_only | Falciparum -> Vivax già completato
SKIP — ResNet50 | full | Falciparum -> Vivax già completato
SKIP — ConvNeXt | head_only | Falciparum -> Vivax già completato
SKIP — ConvNeXt | full | Falciparum -> Vivax già completato
SKIP — Swin-T | head_only | Falciparum -> Vivax già completato
SKIP — Swin-T | full | Falciparum -> Vivax già completato
SKIP — Swin-T | lora | Falciparum -> Vivax già completato
SKIP — ViT-B | head_only | Falciparum -> Vivax già completato
SKIP — ViT-B | full | Falciparum -> Vivax già completato
SKIP — ViT-B | lora | Falciparum -> Vivax già completato
SKIP — RedDino | head_only | Falciparum -> Vivax già completato
SKIP — RedDino | full | Falciparum -> Vivax già completato
SKIP — RedDino | lora | Falciparum -> Vivax già completato
SKIP — DinoBloom | head_only | Falciparum -> Vivax già completato
SKIP — DinoBloom | lora | Falciparum -> Vivax già completato
SKIP — ResNet50 | head_only | Falciparum -> Ovale già completato
SKIP — ResNet50 | full | Falciparum -> Ovale già completato
SKIP — ConvNeXt | head_only | Falciparum -> Ovale già completato
SKIP — ConvNeXt | full | Falciparum -> Ovale già completato
SKIP — Swin-T | head_only | Falciparum -> Ovale già completato
SKIP — Swin-T | full | Falciparum -> Ovale già completato
SKIP — Swin-T | lora | Falciparum -> Ovale già completato
SKIP — ViT-B | head_only | Falciparum -> Ovale già completato
SKIP — ViT-B | full | Falciparum -> Ovale già completato
SKIP — ViT-B | lora | Falciparum -> Ovale già completato
SKIP — RedDino | head_only | Falciparum -> Ovale già completato
SKIP — RedDino | full | Falciparum -> Ovale già completato
SKIP — RedDino | lora | Falciparum -> Ovale già completato
SKIP — DinoBloom | head_only | Falciparum -> Ovale già completato
SKIP — DinoBloom | lora | Falciparum -> Ovale già completato
SKIP — ResNet50 | head_only | Falciparum -> Malariae già completato
SKIP — ResNet50 | full | Falciparum -> Malariae già completato
SKIP — ConvNeXt | head_only | Falciparum -> Malariae già completato
SKIP — ConvNeXt | full | Falciparum -> Malariae già completato
SKIP — Swin-T | head_only | Falciparum -> Malariae già completato
SKIP — Swin-T | full | Falciparum -> Malariae già completato
SKIP — Swin-T | lora | Falciparum -> Malariae già completato
SKIP — ViT-B | head_only | Falciparum -> Malariae già completato
SKIP — ViT-B | full | Falciparum -> Malariae già completato
SKIP — ViT-B | lora | Falciparum -> Malariae già completato
SKIP — RedDino | head_only | Falciparum -> Malariae già completato
SKIP — RedDino | full | Falciparum -> Malariae già completato
SKIP — RedDino | lora | Falciparum -> Malariae già completato
SKIP — DinoBloom | head_only | Falciparum -> Malariae già completato

=== SORGENTE: Falciparum -> TARGET: Malariae | MODEL: DinoBloom | MODE: lora ===
Training samples: 130 (Falciparum only, label=stage)
Val samples: 36
Test samples: 12 (Malariae only, label=stage)
Stage distribution training: R=106 G=10 S=11 T=3
Class 0: weights = 0.31
Class 1: weights = 3.25
Class 2: weights = 2.95
Class 3: weights = 10.83
Warning: You are sending unauthenticated requests to the HF Hub. Please set a HF_TOKEN to enable higher rate limits and faster downloads.
Model: DinoBloom | Mode: lora
Total params: 86,877,700
Trainable params: 297,988 (0.34%)
Epoch 1 | train_loss: 1.2319 | train_acc: 0.6308 | val_loss: 0.5915 | val_acc: 0.9444
CHECKPOINT SAVED (val_loss: 0.5915)
Epoch 2 | train_loss: 0.6106 | train_acc: 0.9000 | val_loss: 0.3544 | val_acc: 0.9167
CHECKPOINT SAVED (val_loss: 0.3544)
Epoch 3 | train_loss: 0.2816 | train_acc: 0.9538 | val_loss: 0.3728 | val_acc: 0.7500
Epoch 4 | train_loss: 0.2185 | train_acc: 0.9308 | val_loss: 0.2068 | val_acc: 0.8889
CHECKPOINT SAVED (val_loss: 0.2068)
Epoch 5 | train_loss: 0.1056 | train_acc: 0.9769 | val_loss: 0.1286 | val_acc: 0.9722
CHECKPOINT SAVED (val_loss: 0.1286)
Epoch 6 | train_loss: 0.0888 | train_acc: 0.9923 | val_loss: 0.0972 | val_acc: 0.9722
CHECKPOINT SAVED (val_loss: 0.0972)
Epoch 7 | train_loss: 0.0479 | train_acc: 1.0000 | val_loss: 0.0865 | val_acc: 0.9722
CHECKPOINT SAVED (val_loss: 0.0865)
Epoch 8 | train_loss: 0.0546 | train_acc: 0.9923 | val_loss: 0.0859 | val_acc: 0.9444
CHECKPOINT SAVED (val_loss: 0.0859)
Epoch 9 | train_loss: 0.0399 | train_acc: 0.9923 | val_loss: 0.0731 | val_acc: 0.9444
CHECKPOINT SAVED (val_loss: 0.0731)
Epoch 10 | train_loss: 0.0411 | train_acc: 0.9923 | val_loss: 0.0586 | val_acc: 0.9722
CHECKPOINT SAVED (val_loss: 0.0586)
Epoch 11 | train_loss: 0.0413 | train_acc: 0.9923 | val_loss: 0.0552 | val_acc: 0.9722
CHECKPOINT SAVED (val_loss: 0.0552)
Epoch 12 | train_loss: 0.0359 | train_acc: 0.9923 | val_loss: 0.0526 | val_acc: 1.0000
CHECKPOINT SAVED (val_loss: 0.0526)
Epoch 13 | train_loss: 0.0282 | train_acc: 1.0000 | val_loss: 0.0415 | val_acc: 1.0000
CHECKPOINT SAVED (val_loss: 0.0415)
Epoch 14 | train_loss: 0.0223 | train_acc: 1.0000 | val_loss: 0.0337 | val_acc: 1.0000
CHECKPOINT SAVED (val_loss: 0.0337)
Epoch 15 | train_loss: 0.0204 | train_acc: 1.0000 | val_loss: 0.0303 | val_acc: 1.0000
CHECKPOINT SAVED (val_loss: 0.0303)
Epoch 16 | train_loss: 0.0214 | train_acc: 1.0000 | val_loss: 0.0275 | val_acc: 1.0000
CHECKPOINT SAVED (val_loss: 0.0275)
Epoch 17 | train_loss: 0.0228 | train_acc: 1.0000 | val_loss: 0.0265 | val_acc: 1.0000
CHECKPOINT SAVED (val_loss: 0.0265)
Epoch 18 | train_loss: 0.0262 | train_acc: 1.0000 | val_loss: 0.0304 | val_acc: 1.0000
Epoch 19 | train_loss: 0.0191 | train_acc: 1.0000 | val_loss: 0.0288 | val_acc: 1.0000
Epoch 20 | train_loss: 0.0155 | train_acc: 1.0000 | val_loss: 0.0222 | val_acc: 1.0000
CHECKPOINT SAVED (val_loss: 0.0222)
Epoch 21 | train_loss: 0.0139 | train_acc: 1.0000 | val_loss: 0.0177 | val_acc: 1.0000
CHECKPOINT SAVED (val_loss: 0.0177)
Epoch 22 | train_loss: 0.0115 | train_acc: 1.0000 | val_loss: 0.0146 | val_acc: 1.0000
CHECKPOINT SAVED (val_loss: 0.0146)
Epoch 23 | train_loss: 0.0127 | train_acc: 1.0000 | val_loss: 0.0135 | val_acc: 1.0000
CHECKPOINT SAVED (val_loss: 0.0135)
Epoch 24 | train_loss: 0.0152 | train_acc: 1.0000 | val_loss: 0.0148 | val_acc: 1.0000
Epoch 25 | train_loss: 0.0135 | train_acc: 1.0000 | val_loss: 0.0144 | val_acc: 1.0000
Epoch 26 | train_loss: 0.0163 | train_acc: 1.0000 | val_loss: 0.0141 | val_acc: 1.0000
Epoch 27 | train_loss: 0.0121 | train_acc: 1.0000 | val_loss: 0.0144 | val_acc: 1.0000
Epoch 28 | train_loss: 0.0101 | train_acc: 1.0000 | val_loss: 0.0138 | val_acc: 1.0000
Epoch 29 | train_loss: 0.0108 | train_acc: 1.0000 | val_loss: 0.0138 | val_acc: 1.0000
Epoch 30 | train_loss: 0.0084 | train_acc: 1.0000 | val_loss: 0.0131 | val_acc: 1.0000
CHECKPOINT SAVED (val_loss: 0.0131)
Epoch 31 | train_loss: 0.0113 | train_acc: 1.0000 | val_loss: 0.0128 | val_acc: 1.0000
CHECKPOINT SAVED (val_loss: 0.0128)
Epoch 32 | train_loss: 0.0079 | train_acc: 1.0000 | val_loss: 0.0121 | val_acc: 1.0000
CHECKPOINT SAVED (val_loss: 0.0121)
Epoch 33 | train_loss: 0.0079 | train_acc: 1.0000 | val_loss: 0.0115 | val_acc: 1.0000
CHECKPOINT SAVED (val_loss: 0.0115)
Epoch 34 | train_loss: 0.0097 | train_acc: 1.0000 | val_loss: 0.0105 | val_acc: 1.0000
CHECKPOINT SAVED (val_loss: 0.0105)
Epoch 35 | train_loss: 0.0079 | train_acc: 1.0000 | val_loss: 0.0095 | val_acc: 1.0000
CHECKPOINT SAVED (val_loss: 0.0095)
Epoch 36 | train_loss: 0.0071 | train_acc: 1.0000 | val_loss: 0.0087 | val_acc: 1.0000
CHECKPOINT SAVED (val_loss: 0.0087)
Epoch 37 | train_loss: 0.0080 | train_acc: 1.0000 | val_loss: 0.0082 | val_acc: 1.0000
CHECKPOINT SAVED (val_loss: 0.0082)
Epoch 38 | train_loss: 0.0066 | train_acc: 1.0000 | val_loss: 0.0080 | val_acc: 1.0000
CHECKPOINT SAVED (val_loss: 0.0080)
Epoch 39 | train_loss: 0.0057 | train_acc: 1.0000 | val_loss: 0.0081 | val_acc: 1.0000
Epoch 40 | train_loss: 0.0088 | train_acc: 1.0000 | val_loss: 0.0083 | val_acc: 1.0000
Epoch 41 | train_loss: 0.0073 | train_acc: 1.0000 | val_loss: 0.0092 | val_acc: 1.0000
Epoch 42 | train_loss: 0.0051 | train_acc: 1.0000 | val_loss: 0.0094 | val_acc: 1.0000
Epoch 43 | train_loss: 0.0064 | train_acc: 1.0000 | val_loss: 0.0089 | val_acc: 1.0000
Epoch 44 | train_loss: 0.0063 | train_acc: 1.0000 | val_loss: 0.0086 | val_acc: 1.0000
Epoch 45 | train_loss: 0.0052 | train_acc: 1.0000 | val_loss: 0.0077 | val_acc: 1.0000
CHECKPOINT SAVED (val_loss: 0.0077)
Epoch 46 | train_loss: 0.0060 | train_acc: 1.0000 | val_loss: 0.0065 | val_acc: 1.0000
CHECKPOINT SAVED (val_loss: 0.0065)
Epoch 47 | train_loss: 0.0044 | train_acc: 1.0000 | val_loss: 0.0058 | val_acc: 1.0000
CHECKPOINT SAVED (val_loss: 0.0058)
Epoch 48 | train_loss: 0.0092 | train_acc: 1.0000 | val_loss: 0.0058 | val_acc: 1.0000
Epoch 49 | train_loss: 0.0053 | train_acc: 1.0000 | val_loss: 0.0063 | val_acc: 1.0000
Epoch 50 | train_loss: 0.0043 | train_acc: 1.0000 | val_loss: 0.0065 | val_acc: 1.0000
Accuracy: 0.0833 | F1 Macro: 0.1000 | MCC: 0.0513
              precision    recall  f1-score   support

           R       0.00      0.00      0.00         0
           G       0.25      1.00      0.40         1
           S       0.00      0.00      0.00         4
           T       0.00      0.00      0.00         7

    accuracy                           0.08        12
   macro avg       0.06      0.25      0.10        12
weighted avg       0.02      0.08      0.03        12

Results saved in D:\DESKTOP\TIROCINIO\malaria-detection-pipeline\results\tuning\ood_stages\Falciparum_Malariae\DinoBloom\lora

Totale run pianificate: 48
Struttura output: D:\DESKTOP\TIROCINIO\malaria-detection-pipeline\results\tuning\ood_stages/{sorgente}_{target}/{model}/{mode}/
Contenuto per run: metrics.json, classification_report.txt, confusion_matrix.png, history.json, best_model.pt, temp_train.csv, temp_val.csv, temp_test.csv

SKIP — ResNet50 | head_only | Falciparum -> Vivax già completato
SKIP — ResNet50 | full | Falciparum -> Vivax già completato
SKIP — ConvNeXt | head_only | Falciparum -> Vivax già completato
SKIP — ConvNeXt | full | Falciparum -> Vivax già completato
SKIP — Swin-T | head_only | Falciparum -> Vivax già completato
SKIP — Swin-T | full | Falciparum -> Vivax già completato
SKIP — Swin-T | lora | Falciparum -> Vivax già completato
SKIP — ViT-B | head_only | Falciparum -> Vivax già completato
SKIP — ViT-B | full | Falciparum -> Vivax già completato
SKIP — ViT-B | lora | Falciparum -> Vivax già completato
SKIP — RedDino | head_only | Falciparum -> Vivax già completato
SKIP — RedDino | full | Falciparum -> Vivax già completato
SKIP — RedDino | lora | Falciparum -> Vivax già completato
SKIP — DinoBloom | head_only | Falciparum -> Vivax già completato

=== SORGENTE: Falciparum -> TARGET: Vivax | MODEL: DinoBloom | MODE: full ===
Training samples: 130 (Falciparum only, label=stage)
Val samples: 36
Test samples: 15 (Vivax only, label=stage)
Stage distribution training: R=106 G=10 S=11 T=3
Class 0: weights = 0.31
Class 1: weights = 3.25
Class 2: weights = 2.95
Class 3: weights = 10.83
Warning: You are sending unauthenticated requests to the HF Hub. Please set a HF_TOKEN to enable higher rate limits and faster downloads.
Model: DinoBloom | Mode: full
Total params: 86,582,788
Trainable params: 86,582,788 (100.00%)
Epoch 1 | train_loss: 1.4202 | train_acc: 0.6692 | val_loss: 1.0426 | val_acc: 0.3611
CHECKPOINT SAVED (val_loss: 1.0426)
Epoch 2 | train_loss: 0.3280 | train_acc: 0.8769 | val_loss: 0.1322 | val_acc: 0.9722
CHECKPOINT SAVED (val_loss: 0.1322)
Epoch 3 | train_loss: 0.0632 | train_acc: 1.0000 | val_loss: 0.1798 | val_acc: 0.8333
Epoch 4 | train_loss: 0.0631 | train_acc: 0.9615 | val_loss: 0.0103 | val_acc: 1.0000
CHECKPOINT SAVED (val_loss: 0.0103)
Epoch 5 | train_loss: 0.0319 | train_acc: 1.0000 | val_loss: 0.0049 | val_acc: 1.0000
CHECKPOINT SAVED (val_loss: 0.0049)
Epoch 6 | train_loss: 0.0098 | train_acc: 1.0000 | val_loss: 0.0094 | val_acc: 1.0000
Epoch 7 | train_loss: 0.0041 | train_acc: 1.0000 | val_loss: 0.0038 | val_acc: 1.0000
CHECKPOINT SAVED (val_loss: 0.0038)
Epoch 8 | train_loss: 0.0030 | train_acc: 1.0000 | val_loss: 0.0015 | val_acc: 1.0000
CHECKPOINT SAVED (val_loss: 0.0015)
Epoch 9 | train_loss: 0.0013 | train_acc: 1.0000 | val_loss: 0.0009 | val_acc: 1.0000
CHECKPOINT SAVED (val_loss: 0.0009)
Epoch 10 | train_loss: 0.0010 | train_acc: 1.0000 | val_loss: 0.0007 | val_acc: 1.0000
CHECKPOINT SAVED (val_loss: 0.0007)
Epoch 11 | train_loss: 0.0011 | train_acc: 1.0000 | val_loss: 0.0005 | val_acc: 1.0000
CHECKPOINT SAVED (val_loss: 0.0005)
Epoch 12 | train_loss: 0.0007 | train_acc: 1.0000 | val_loss: 0.0004 | val_acc: 1.0000
CHECKPOINT SAVED (val_loss: 0.0004)
Epoch 13 | train_loss: 0.0006 | train_acc: 1.0000 | val_loss: 0.0004 | val_acc: 1.0000
CHECKPOINT SAVED (val_loss: 0.0004)
Epoch 14 | train_loss: 0.0015 | train_acc: 1.0000 | val_loss: 0.0003 | val_acc: 1.0000
CHECKPOINT SAVED (val_loss: 0.0003)
Epoch 15 | train_loss: 0.0007 | train_acc: 1.0000 | val_loss: 0.0003 | val_acc: 1.0000
CHECKPOINT SAVED (val_loss: 0.0003)
Epoch 16 | train_loss: 0.0004 | train_acc: 1.0000 | val_loss: 0.0003 | val_acc: 1.0000
Epoch 17 | train_loss: 0.0004 | train_acc: 1.0000 | val_loss: 0.0003 | val_acc: 1.0000
Epoch 18 | train_loss: 0.0005 | train_acc: 1.0000 | val_loss: 0.0003 | val_acc: 1.0000
CHECKPOINT SAVED (val_loss: 0.0003)
Epoch 19 | train_loss: 0.0004 | train_acc: 1.0000 | val_loss: 0.0003 | val_acc: 1.0000
CHECKPOINT SAVED (val_loss: 0.0003)
Epoch 20 | train_loss: 0.0004 | train_acc: 1.0000 | val_loss: 0.0003 | val_acc: 1.0000
CHECKPOINT SAVED (val_loss: 0.0003)
Epoch 21 | train_loss: 0.0006 | train_acc: 1.0000 | val_loss: 0.0002 | val_acc: 1.0000
CHECKPOINT SAVED (val_loss: 0.0002)
Epoch 22 | train_loss: 0.0003 | train_acc: 1.0000 | val_loss: 0.0002 | val_acc: 1.0000
CHECKPOINT SAVED (val_loss: 0.0002)
Epoch 23 | train_loss: 0.0003 | train_acc: 1.0000 | val_loss: 0.0002 | val_acc: 1.0000
CHECKPOINT SAVED (val_loss: 0.0002)
Epoch 24 | train_loss: 0.0003 | train_acc: 1.0000 | val_loss: 0.0002 | val_acc: 1.0000
CHECKPOINT SAVED (val_loss: 0.0002)
Epoch 25 | train_loss: 0.0003 | train_acc: 1.0000 | val_loss: 0.0002 | val_acc: 1.0000
CHECKPOINT SAVED (val_loss: 0.0002)
Epoch 26 | train_loss: 0.0002 | train_acc: 1.0000 | val_loss: 0.0001 | val_acc: 1.0000
CHECKPOINT SAVED (val_loss: 0.0001)
Epoch 27 | train_loss: 0.0005 | train_acc: 1.0000 | val_loss: 0.0001 | val_acc: 1.0000
CHECKPOINT SAVED (val_loss: 0.0001)
Epoch 28 | train_loss: 0.0003 | train_acc: 1.0000 | val_loss: 0.0001 | val_acc: 1.0000
CHECKPOINT SAVED (val_loss: 0.0001)
Epoch 29 | train_loss: 0.0002 | train_acc: 1.0000 | val_loss: 0.0001 | val_acc: 1.0000
CHECKPOINT SAVED (val_loss: 0.0001)
Epoch 30 | train_loss: 0.0003 | train_acc: 1.0000 | val_loss: 0.0001 | val_acc: 1.0000
CHECKPOINT SAVED (val_loss: 0.0001)
Epoch 31 | train_loss: 0.0002 | train_acc: 1.0000 | val_loss: 0.0001 | val_acc: 1.0000
CHECKPOINT SAVED (val_loss: 0.0001)
Epoch 32 | train_loss: 0.0002 | train_acc: 1.0000 | val_loss: 0.0001 | val_acc: 1.0000
CHECKPOINT SAVED (val_loss: 0.0001)
Epoch 33 | train_loss: 0.0002 | train_acc: 1.0000 | val_loss: 0.0001 | val_acc: 1.0000
CHECKPOINT SAVED (val_loss: 0.0001)
WARNING: 10 epochs with no progress, stopping
TRAINING STOPPED AT EPOCH 33
Accuracy: 0.7333 | F1 Macro: 0.4167 | MCC: 0.6271
              precision    recall  f1-score   support

           R       1.00      1.00      1.00         9
           G       1.00      0.20      0.33         5
           S       0.20      1.00      0.33         1
           T       0.00      0.00      0.00         0

    accuracy                           0.73        15
   macro avg       0.55      0.55      0.42        15
weighted avg       0.95      0.73      0.73        15

Results saved in D:\DESKTOP\TIROCINIO\malaria-detection-pipeline\results\tuning\ood_stages\Falciparum_Vivax\DinoBloom\full
SKIP — DinoBloom | lora | Falciparum -> Vivax già completato
SKIP — ResNet50 | head_only | Falciparum -> Ovale già completato
SKIP — ResNet50 | full | Falciparum -> Ovale già completato
SKIP — ConvNeXt | head_only | Falciparum -> Ovale già completato
SKIP — ConvNeXt | full | Falciparum -> Ovale già completato
SKIP — Swin-T | head_only | Falciparum -> Ovale già completato
SKIP — Swin-T | full | Falciparum -> Ovale già completato
SKIP — Swin-T | lora | Falciparum -> Ovale già completato
SKIP — ViT-B | head_only | Falciparum -> Ovale già completato
SKIP — ViT-B | full | Falciparum -> Ovale già completato
SKIP — ViT-B | lora | Falciparum -> Ovale già completato
SKIP — RedDino | head_only | Falciparum -> Ovale già completato
SKIP — RedDino | full | Falciparum -> Ovale già completato
SKIP — RedDino | lora | Falciparum -> Ovale già completato
SKIP — DinoBloom | head_only | Falciparum -> Ovale già completato

=== SORGENTE: Falciparum -> TARGET: Ovale | MODEL: DinoBloom | MODE: full ===
Training samples: 130 (Falciparum only, label=stage)
Val samples: 36
Test samples: 10 (Ovale only, label=stage)
Stage distribution training: R=106 G=10 S=11 T=3
Class 0: weights = 0.31
Class 1: weights = 3.25
Class 2: weights = 2.95
Class 3: weights = 10.83
Model: DinoBloom | Mode: full
Total params: 86,582,788
Trainable params: 86,582,788 (100.00%)
Epoch 1 | train_loss: 1.2823 | train_acc: 0.7308 | val_loss: 1.6983 | val_acc: 0.3056
CHECKPOINT SAVED (val_loss: 1.6983)
Epoch 2 | train_loss: 0.6057 | train_acc: 0.7231 | val_loss: 0.3766 | val_acc: 0.9722
CHECKPOINT SAVED (val_loss: 0.3766)
Epoch 3 | train_loss: 0.4307 | train_acc: 0.9538 | val_loss: 0.0232 | val_acc: 1.0000
CHECKPOINT SAVED (val_loss: 0.0232)
Epoch 4 | train_loss: 0.0955 | train_acc: 0.9846 | val_loss: 0.1559 | val_acc: 0.8611
Epoch 5 | train_loss: 0.0894 | train_acc: 0.9692 | val_loss: 0.0404 | val_acc: 1.0000
Epoch 6 | train_loss: 0.1116 | train_acc: 0.9769 | val_loss: 0.0203 | val_acc: 1.0000
CHECKPOINT SAVED (val_loss: 0.0203)
Epoch 7 | train_loss: 0.0383 | train_acc: 0.9923 | val_loss: 0.0670 | val_acc: 1.0000
Epoch 8 | train_loss: 0.0211 | train_acc: 1.0000 | val_loss: 0.0068 | val_acc: 1.0000
CHECKPOINT SAVED (val_loss: 0.0068)
Epoch 9 | train_loss: 0.0056 | train_acc: 1.0000 | val_loss: 0.0034 | val_acc: 1.0000
CHECKPOINT SAVED (val_loss: 0.0034)
Epoch 10 | train_loss: 0.0049 | train_acc: 1.0000 | val_loss: 0.0036 | val_acc: 1.0000
Epoch 11 | train_loss: 0.0046 | train_acc: 1.0000 | val_loss: 0.0023 | val_acc: 1.0000
CHECKPOINT SAVED (val_loss: 0.0023)
Epoch 12 | train_loss: 0.0017 | train_acc: 1.0000 | val_loss: 0.0018 | val_acc: 1.0000
CHECKPOINT SAVED (val_loss: 0.0018)
Epoch 13 | train_loss: 0.0012 | train_acc: 1.0000 | val_loss: 0.0014 | val_acc: 1.0000
CHECKPOINT SAVED (val_loss: 0.0014)
Epoch 14 | train_loss: 0.0010 | train_acc: 1.0000 | val_loss: 0.0012 | val_acc: 1.0000
CHECKPOINT SAVED (val_loss: 0.0012)
Epoch 15 | train_loss: 0.0007 | train_acc: 1.0000 | val_loss: 0.0011 | val_acc: 1.0000
CHECKPOINT SAVED (val_loss: 0.0011)
Epoch 16 | train_loss: 0.0008 | train_acc: 1.0000 | val_loss: 0.0010 | val_acc: 1.0000
CHECKPOINT SAVED (val_loss: 0.0010)
Epoch 17 | train_loss: 0.0007 | train_acc: 1.0000 | val_loss: 0.0009 | val_acc: 1.0000
CHECKPOINT SAVED (val_loss: 0.0009)
Epoch 18 | train_loss: 0.0005 | train_acc: 1.0000 | val_loss: 0.0008 | val_acc: 1.0000
CHECKPOINT SAVED (val_loss: 0.0008)
Epoch 19 | train_loss: 0.0005 | train_acc: 1.0000 | val_loss: 0.0008 | val_acc: 1.0000
CHECKPOINT SAVED (val_loss: 0.0008)
Epoch 20 | train_loss: 0.0006 | train_acc: 1.0000 | val_loss: 0.0008 | val_acc: 1.0000
CHECKPOINT SAVED (val_loss: 0.0008)
Epoch 21 | train_loss: 0.0004 | train_acc: 1.0000 | val_loss: 0.0007 | val_acc: 1.0000
CHECKPOINT SAVED (val_loss: 0.0007)
Epoch 22 | train_loss: 0.0004 | train_acc: 1.0000 | val_loss: 0.0007 | val_acc: 1.0000
CHECKPOINT SAVED (val_loss: 0.0007)
Epoch 23 | train_loss: 0.0004 | train_acc: 1.0000 | val_loss: 0.0007 | val_acc: 1.0000
CHECKPOINT SAVED (val_loss: 0.0007)
Epoch 24 | train_loss: 0.0004 | train_acc: 1.0000 | val_loss: 0.0006 | val_acc: 1.0000
CHECKPOINT SAVED (val_loss: 0.0006)
Epoch 25 | train_loss: 0.0004 | train_acc: 1.0000 | val_loss: 0.0006 | val_acc: 1.0000
CHECKPOINT SAVED (val_loss: 0.0006)
Epoch 26 | train_loss: 0.0004 | train_acc: 1.0000 | val_loss: 0.0006 | val_acc: 1.0000
CHECKPOINT SAVED (val_loss: 0.0006)
Epoch 27 | train_loss: 0.0004 | train_acc: 1.0000 | val_loss: 0.0005 | val_acc: 1.0000
CHECKPOINT SAVED (val_loss: 0.0005)
Epoch 28 | train_loss: 0.0003 | train_acc: 1.0000 | val_loss: 0.0005 | val_acc: 1.0000
CHECKPOINT SAVED (val_loss: 0.0005)
Epoch 29 | train_loss: 0.0003 | train_acc: 1.0000 | val_loss: 0.0005 | val_acc: 1.0000
CHECKPOINT SAVED (val_loss: 0.0005)
Epoch 30 | train_loss: 0.0003 | train_acc: 1.0000 | val_loss: 0.0005 | val_acc: 1.0000
CHECKPOINT SAVED (val_loss: 0.0005)
Epoch 31 | train_loss: 0.0003 | train_acc: 1.0000 | val_loss: 0.0005 | val_acc: 1.0000
CHECKPOINT SAVED (val_loss: 0.0005)
Epoch 32 | train_loss: 0.0003 | train_acc: 1.0000 | val_loss: 0.0004 | val_acc: 1.0000
CHECKPOINT SAVED (val_loss: 0.0004)
Epoch 33 | train_loss: 0.0003 | train_acc: 1.0000 | val_loss: 0.0004 | val_acc: 1.0000
CHECKPOINT SAVED (val_loss: 0.0004)
Epoch 34 | train_loss: 0.0003 | train_acc: 1.0000 | val_loss: 0.0004 | val_acc: 1.0000
CHECKPOINT SAVED (val_loss: 0.0004)
Epoch 35 | train_loss: 0.0003 | train_acc: 1.0000 | val_loss: 0.0004 | val_acc: 1.0000
CHECKPOINT SAVED (val_loss: 0.0004)
Epoch 36 | train_loss: 0.0003 | train_acc: 1.0000 | val_loss: 0.0004 | val_acc: 1.0000
CHECKPOINT SAVED (val_loss: 0.0004)
Epoch 37 | train_loss: 0.0002 | train_acc: 1.0000 | val_loss: 0.0004 | val_acc: 1.0000
CHECKPOINT SAVED (val_loss: 0.0004)
Epoch 38 | train_loss: 0.0002 | train_acc: 1.0000 | val_loss: 0.0004 | val_acc: 1.0000
CHECKPOINT SAVED (val_loss: 0.0004)
Epoch 39 | train_loss: 0.0003 | train_acc: 1.0000 | val_loss: 0.0004 | val_acc: 1.0000
CHECKPOINT SAVED (val_loss: 0.0004)
Epoch 40 | train_loss: 0.0002 | train_acc: 1.0000 | val_loss: 0.0003 | val_acc: 1.0000
CHECKPOINT SAVED (val_loss: 0.0003)
Epoch 41 | train_loss: 0.0002 | train_acc: 1.0000 | val_loss: 0.0003 | val_acc: 1.0000
CHECKPOINT SAVED (val_loss: 0.0003)
Epoch 42 | train_loss: 0.0002 | train_acc: 1.0000 | val_loss: 0.0003 | val_acc: 1.0000
CHECKPOINT SAVED (val_loss: 0.0003)
Epoch 43 | train_loss: 0.0002 | train_acc: 1.0000 | val_loss: 0.0003 | val_acc: 1.0000
CHECKPOINT SAVED (val_loss: 0.0003)
Epoch 44 | train_loss: 0.0002 | train_acc: 1.0000 | val_loss: 0.0003 | val_acc: 1.0000
CHECKPOINT SAVED (val_loss: 0.0003)
Epoch 45 | train_loss: 0.0002 | train_acc: 1.0000 | val_loss: 0.0003 | val_acc: 1.0000
CHECKPOINT SAVED (val_loss: 0.0003)
Epoch 46 | train_loss: 0.0002 | train_acc: 1.0000 | val_loss: 0.0003 | val_acc: 1.0000
CHECKPOINT SAVED (val_loss: 0.0003)
Epoch 47 | train_loss: 0.0002 | train_acc: 1.0000 | val_loss: 0.0003 | val_acc: 1.0000
CHECKPOINT SAVED (val_loss: 0.0003)
Epoch 48 | train_loss: 0.0002 | train_acc: 1.0000 | val_loss: 0.0003 | val_acc: 1.0000
CHECKPOINT SAVED (val_loss: 0.0003)
Epoch 49 | train_loss: 0.0002 | train_acc: 1.0000 | val_loss: 0.0003 | val_acc: 1.0000
CHECKPOINT SAVED (val_loss: 0.0003)
WARNING: 10 epochs with no progress, stopping
TRAINING STOPPED AT EPOCH 49
Accuracy: 0.8000 | F1 Macro: 0.3583 | MCC: 0.5557
              precision    recall  f1-score   support

           R       0.88      1.00      0.93         7
           G       1.00      0.33      0.50         3
           S       0.00      0.00      0.00         0
           T       0.00      0.00      0.00         0

    accuracy                           0.80        10
   macro avg       0.47      0.33      0.36        10
weighted avg       0.91      0.80      0.80        10

Results saved in D:\DESKTOP\TIROCINIO\malaria-detection-pipeline\results\tuning\ood_stages\Falciparum_Ovale\DinoBloom\full
SKIP — DinoBloom | lora | Falciparum -> Ovale già completato
SKIP — ResNet50 | head_only | Falciparum -> Malariae già completato
SKIP — ResNet50 | full | Falciparum -> Malariae già completato
SKIP — ConvNeXt | head_only | Falciparum -> Malariae già completato
SKIP — ConvNeXt | full | Falciparum -> Malariae già completato
SKIP — Swin-T | head_only | Falciparum -> Malariae già completato
SKIP — Swin-T | full | Falciparum -> Malariae già completato
SKIP — Swin-T | lora | Falciparum -> Malariae già completato
SKIP — ViT-B | head_only | Falciparum -> Malariae già completato
SKIP — ViT-B | full | Falciparum -> Malariae già completato
SKIP — ViT-B | lora | Falciparum -> Malariae già completato
SKIP — RedDino | head_only | Falciparum -> Malariae già completato
SKIP — RedDino | full | Falciparum -> Malariae già completato
SKIP — RedDino | lora | Falciparum -> Malariae già completato
SKIP — DinoBloom | head_only | Falciparum -> Malariae già completato

=== SORGENTE: Falciparum -> TARGET: Malariae | MODEL: DinoBloom | MODE: full ===
Training samples: 130 (Falciparum only, label=stage)
Val samples: 36
Test samples: 12 (Malariae only, label=stage)
Stage distribution training: R=106 G=10 S=11 T=3
Class 0: weights = 0.31
Class 1: weights = 3.25
Class 2: weights = 2.95
Class 3: weights = 10.83
Model: DinoBloom | Mode: full
Total params: 86,582,788
Trainable params: 86,582,788 (100.00%)
Epoch 1 | train_loss: 1.4419 | train_acc: 0.6462 | val_loss: 0.7780 | val_acc: 0.7500
CHECKPOINT SAVED (val_loss: 0.7780)
Epoch 2 | train_loss: 0.3778 | train_acc: 0.9308 | val_loss: 0.1170 | val_acc: 1.0000
CHECKPOINT SAVED (val_loss: 0.1170)
Epoch 3 | train_loss: 0.1021 | train_acc: 0.9846 | val_loss: 0.0551 | val_acc: 1.0000
CHECKPOINT SAVED (val_loss: 0.0551)
Epoch 4 | train_loss: 0.0539 | train_acc: 0.9846 | val_loss: 0.0243 | val_acc: 1.0000
CHECKPOINT SAVED (val_loss: 0.0243)
Epoch 5 | train_loss: 0.0090 | train_acc: 1.0000 | val_loss: 0.0334 | val_acc: 0.9722
Epoch 6 | train_loss: 0.0111 | train_acc: 1.0000 | val_loss: 0.0027 | val_acc: 1.0000
CHECKPOINT SAVED (val_loss: 0.0027)
Epoch 7 | train_loss: 0.0044 | train_acc: 1.0000 | val_loss: 0.0073 | val_acc: 1.0000
Epoch 8 | train_loss: 0.0134 | train_acc: 1.0000 | val_loss: 0.0056 | val_acc: 1.0000
Epoch 9 | train_loss: 0.0091 | train_acc: 1.0000 | val_loss: 0.0042 | val_acc: 1.0000
Epoch 10 | train_loss: 0.0021 | train_acc: 1.0000 | val_loss: 0.0016 | val_acc: 1.0000
CHECKPOINT SAVED (val_loss: 0.0016)
Epoch 11 | train_loss: 0.0012 | train_acc: 1.0000 | val_loss: 0.0025 | val_acc: 1.0000
Epoch 12 | train_loss: 0.0005 | train_acc: 1.0000 | val_loss: 0.0046 | val_acc: 1.0000
Epoch 13 | train_loss: 0.0028 | train_acc: 1.0000 | val_loss: 0.0004 | val_acc: 1.0000
CHECKPOINT SAVED (val_loss: 0.0004)
Epoch 14 | train_loss: 0.0003 | train_acc: 1.0000 | val_loss: 0.0004 | val_acc: 1.0000
Epoch 15 | train_loss: 0.0006 | train_acc: 1.0000 | val_loss: 0.0005 | val_acc: 1.0000
Epoch 16 | train_loss: 0.0007 | train_acc: 1.0000 | val_loss: 0.0004 | val_acc: 1.0000
Epoch 17 | train_loss: 0.0003 | train_acc: 1.0000 | val_loss: 0.0004 | val_acc: 1.0000
CHECKPOINT SAVED (val_loss: 0.0004)
Epoch 18 | train_loss: 0.0003 | train_acc: 1.0000 | val_loss: 0.0004 | val_acc: 1.0000
CHECKPOINT SAVED (val_loss: 0.0004)
Epoch 19 | train_loss: 0.0002 | train_acc: 1.0000 | val_loss: 0.0004 | val_acc: 1.0000
CHECKPOINT SAVED (val_loss: 0.0004)
Epoch 20 | train_loss: 0.0002 | train_acc: 1.0000 | val_loss: 0.0004 | val_acc: 1.0000
CHECKPOINT SAVED (val_loss: 0.0004)
Epoch 21 | train_loss: 0.0002 | train_acc: 1.0000 | val_loss: 0.0003 | val_acc: 1.0000
CHECKPOINT SAVED (val_loss: 0.0003)
Epoch 22 | train_loss: 0.0002 | train_acc: 1.0000 | val_loss: 0.0003 | val_acc: 1.0000
CHECKPOINT SAVED (val_loss: 0.0003)
Epoch 23 | train_loss: 0.0003 | train_acc: 1.0000 | val_loss: 0.0003 | val_acc: 1.0000
CHECKPOINT SAVED (val_loss: 0.0003)
WARNING: 10 epochs with no progress, stopping
TRAINING STOPPED AT EPOCH 23
Accuracy: 0.0000 | F1 Macro: 0.0000 | MCC: 0.0000
              precision    recall  f1-score   support

           R       0.00      0.00      0.00       0.0
           G       0.00      0.00      0.00       1.0
           S       0.00      0.00      0.00       4.0
           T       0.00      0.00      0.00       7.0

    accuracy                           0.00      12.0
   macro avg       0.00      0.00      0.00      12.0
weighted avg       0.00      0.00      0.00      12.0

Results saved in D:\DESKTOP\TIROCINIO\malaria-detection-pipeline\results\tuning\ood_stages\Falciparum_Malariae\DinoBloom\full
SKIP — DinoBloom | lora | Falciparum -> Malariae già completato
